,peak0_accuracy,peak0_freqency,peak0_prominence,peak0_width,peak0_width_height,peak1_accuracy,peak1_freqency,peak1_prominence,peak1_width,peak1_width_height,peak2_accuracy,peak2_freqency,peak2_prominence,peak2_width,peak2_width_height,peak3_accuracy,peak3_freqency,peak3_prominence,peak3_width,peak3_width_height,peak4_accuracy,peak4_freqency,peak4_prominence,peak4_width,peak4_width_height,primary_label
0,0.16071722304764247,2921.875,5.473764032230012,53.6172089261811,2.852651966239285,0.4669151043799976,3312.5,1.7634391686023356,5.6276214626393815,4.10887844482516,0.5689076588361588,2265.625,1.4827331882743997,6.9590658741483375,2.5708070918856607,0.5718720441990697,2421.875,0.9484353967821324,2.3357502971961424,2.8402396500482574,0.5808105506216403,2765.625,0.9255023098996972,2.3855562240007657,4.269572114287998,comgra
1,0.1414561195970323,2906.25,4.461570094569844,83.86292377531822,2.364324129296044,0.5639136765783368,2359.375,1.2743567154547235,6.87937190155634,3.8013698933017768,0.7433509568684789,3109.375,0.9197077023325909,3.896371433138541,3.3165976291718278,0.6981239101833785,3031.25,0.7284842294275116,3.3126174405116444,3.725704035939468,0.6459672299633958,1828.125,0.501099974039233,5.6491945640885595,1.5767591181037657,comgra
2,0.7910209680553719,2843.75,7.645474253709015,4.785169070287225,4.115051463826157,0.6977512497537622,1890.625,4.8135674122507295,3.3085331177889543,3.7846840688139682,0.8081431537403125,562.5,3.2976977645463514,41.69775619667809,3.4200656559224236,0.6271928315247305,3156.25,1.2576938652453884,2.682351855222805,2.191381701582107,0.7249607157359916,3734.375,0.7489352229638668,3.6358442492168015,1.4303938224331831,comgra
3,0.18512804972076854,3343.75,5.956305421672576,14.726240111575775,3.004046198262714,0.3531339955028765,6156.25,2.701491885644409,21.642813044231104,2.145724762137546,0.8728353261689179,3687.5,2.4450038834873067,7.863819171418158,3.6964753834439983,0.5409868131003148,4593.75,1.4733762075234604,6.535759942460286,1.752801288704708,0.6544923115670037,2343.75,1.421342301797628,2.8942915989376843,2.6108070006644044,comgra
4,0.151526228355381,2890.625,6.864150961169064,21.214562667164273,3.4430109253663286,0.6621364437497099,4031.25,1.9895726491139991,2.9597746827100764,2.3185797484746766,0.5621739094302955,2359.375,1.6095434228574752,6.852035693204954,3.311365968784848,0.5456231619161349,3187.5,1.2472436314267652,6.6024492195755045,3.3328367469982907,0.2873822695179362,4796.875,1.0843144642302176,18.242599705182613,1.018460124962588,comgra
5,0.034222834169319816,2984.375,4.866719165017078,88.01202079248804,2.449387101574223,0.5691509067157868,1546.875,1.3792072506144943,6.962994808999227,2.143124502824374,0.6596448941464518,3156.25,1.0728898871732129,5.876215651251557,3.877398776267484,0.6055258133005037,2843.75,0.9156306938197036,2.5350201197367137,3.5290118560328483,0.33617941942082463,3656.25,0.8977938314183094,1.5064311491028377,3.1584188120769747,comgra
6,0.2920432542849356,2984.375,7.063996651794582,26.837797810386352,3.5483677915856098,0.5457668664198364,6375.0,1.238802135657365,6.604538018516338,1.034198593214501,0.6825191907863088,2546.875,1.229180580721437,9.449390051103054,3.9796596050816713,0.6475132492972633,1546.875,0.6142257746137747,11.347944261806676,1.9930614070929125,0.7437601323843852,6234.375,0.3720428091198753,3.9025933368811248,1.0808744887727486,comgra
7,0.8666491460285742,2734.375,5.174058933652608,82.4891605295386,2.5979369291016052,0.25159365232761033,3343.75,1.1890924303299348,12.025552733472665,3.8413569251053663,0.5141268448458836,2500.0,0.504630396117792,2.058150341075759,3.5067724150832547,0.4000460468554401,1593.75,0.4922368042885539,8.333972922077308,1.2929377963027855,0.6654552880861591,2406.25,0.4499355873079263,2.9891370701371045,2.97580478826762,comgra
8,0.2898131806608425,3718.75,5.219768916279492,15.48888222149168,2.6295183760919945,0.2470889099561457,6390.625,3.699509022739535,13.281780720506505,2.3530678913220524,0.3181535210690406,3156.25,2.4581851574872213,10.266240592713816,3.643340960424777,0.15045804601995472,7906.25,1.8309247854687856,25.896307883244052,1.4132861731413144,0.7089549206014939,3531.25,1.6338012547875482,3.435893855572715,3.3074359567496128,comgra
9,0.08796802435258566,3265.625,5.592820884711103,47.14746976878311,3.152418967810473,0.7682508576514467,2140.625,3.0140912784176486,4.315010575081175,3.78681194654876,0.455536750420113,2531.25,2.0904798609102078,7.346685020681263,4.003846201588251,0.7627030272199883,3578.125,1.7539867020403055,4.214128769889784,4.31940283901386,0.5761160955793101,4156.25,0.98624962485721,2.3591365219839417,2.4878659800409517,comgra
10,0.3037177884645468,6796.875,4.348380911714459,94.78915144831244,2.223822763919725,0.4151479924801881,156.25,1.8784411439205708,6.83933704350754,1.6479517332733984,0.2174645955799576,2468.75,1.7827566555628651,17.89056433858832,1.7876074026214681,0.7295449248679058,6515.625,0.7376889144677565,3.6974717502031917,3.2714773665974617,0.6546336542619126,3718.75,0.7091271466735589,2.895476100495216,1.5968070995620869,comgra
11,0.6297610566986455,109.375,4.950406160560973,2.7009584434397382,8.199483882774242,0.5083910589378833,281.25,1.2319185749471324,2.0341371290756207,4.0702241566882185,0.3775394184188832,531.25,1.1042233127224752,9.639164595385873,3.361191270040127,0.5007540355363469,203.125,0.8916274990860615,2.0030206975720155,3.9111434734733765,0.6941678909233038,2265.625,0.3827568699270827,3.269767857335154,0.6925208361283597,comgra
12,1.0,46.875,7.770392739753617,4.261377767310909,10.162392887210313,0.7601708988475596,5437.5,0.857721316563032,4.169635774786059,0.7006576014671504,0.7368944224306115,4656.25,0.6103756675432479,3.800755610117278,0.7981042319094334,0.6391479586738569,6046.875,0.3781696989169396,2.771218908239973,0.6230769755368107,0.6249204477736057,2734.375,0.34925116950878665,5.332202163856749,0.4593298859445354,comgra
13,0.5633193901403865,281.25,15.447160399570365,2.290003213839711,7.8770159637025,0.7440298744907983,3312.5,5.321117432438439,3.9067059017559127,3.370166672469016,0.4684953998675026,218.75,3.4508157139116427,1.881451260724201,5.266504551601388,0.3735524077595521,140.625,2.965126387782309,1.5963027272937025,4.2716620052330665,0.7902877821850147,3203.125,2.794234684768245,4.768439390032255,2.9158990935523303,comgra
14,0.7212461821819908,3250.0,3.888446758518532,165.020161374192,1.957330567917389,0.4784698273214157,125.0,0.6584174029167527,1.9174346037622136,0.4771058176906801,0.2672466811793953,359.375,0.2453977250238433,1.3647157567427186,0.5904658143475076,0.4845552629533922,2000.0,0.2426718072268361,7.760288761350394,2.4286903294877806,0.3450462263641475,484.375,0.2421156927787044,1.5268253123402715,0.6653423362727959,comgra
15,0.6277989236699537,2015.625,10.720847468516094,2.6867197963534584,5.371833236870082,0.7541593571394408,3796.875,8.237968558739144,4.067675663243364,5.286495215221238,0.6578792482689789,3062.5,1.5111586358455178,8.768833766501928,2.091869601655868,0.6402662921155811,1687.5,1.3471738240179358,2.779834021896264,2.987995242992815,0.6036682353115868,1890.625,1.0296716263865888,5.046277331750972,2.9454047019353484,comgra
16,1.0,46.875,8.484354420276821,5.539597611763731,8.642016286050206,0.5588069690724335,703.125,0.2715039941065453,13.599489519101356,0.8900965747853399,0.45147479058733503,578.125,0.18297461106969504,1.8230702670361367,0.9257912267747471,1.0,296.875,0.17624737548945513,2.482076332358975,1.3774759332782858,0.5649051246052834,2718.75,0.1427747082547625,6.895047884161841,0.18097409662460398,comgra
17,0.7308763203243616,93.75,9.405089862327372,7.431527401864089,6.683260287926594,0.14076161956598265,906.25,1.913089945734217,24.440249037051288,1.875347020424665,0.4725920171339985,359.375,0.9182208627395708,1.89606534691772,2.2222880995169487,0.10728150397314497,2812.5,0.7669965619636081,36.965740204633654,0.7962691543627446,0.2816880235250353,296.875,0.5098212377182594,1.3921527591776872,2.4093281544692298,comgra
18,0.3524202190265211,3687.5,0.8194094683460524,10.809478933201403,0.8138636006639792,0.5689213668866568,125.0,0.521711339466004,2.319762389468909,3.1125309105078816,0.0019492481843235156,203.125,0.34112071126208443,1.0019530551735745,2.023459249091234,0.5613750940557708,703.125,0.2931370594512527,15.958966089559093,1.0745426250523251,0.6847468004141688,2546.875,0.2910953501555371,9.516160355997327,0.5808770196681673,comgra
19,0.8395848452390651,78.125,3.8968099298473455,6.2338249867370035,5.246957885770756,0.6205806941282006,2593.75,1.4371316512936236,5.271213059136669,1.677672532420404,0.5245601447742427,1984.375,0.5614467323208714,6.309946393903985,1.4032279854578769,0.4823696378689896,3125.0,0.5411959509322367,7.7275219782946465,1.1360752421628406,0.5936764910865437,359.375,0.3956432669168528,2.4610931389967696,4.608691893909412,comgra
20,0.3972002156765712,515.625,5.102649466365288,8.294628050691667,2.899371068956468,0.9264137523903704,3531.25,3.2977774007775427,27.178991523115517,3.232089540121147,0.3924736370074587,2359.375,1.2736229557279566,9.876114627265423,2.5998716840055325,0.37923026666402737,4265.625,1.043447045574707,11.276322965010705,3.1495712264492215,0.7097233270729479,4796.875,0.9349440246525376,3.444989188818852,2.625268714600574,comgra
21,0.6614787229907155,156.25,4.704162383825592,17.724144411269727,5.145989362093437,0.4546950355969901,3296.875,1.6867029073790232,7.335344919111692,1.6088764894206418,0.21823092815687395,2000.0,0.8257193576942925,14.0706512910085,1.281553531252546,0.5786349868511722,500.0,0.7650557816744907,2.3732392789972714,3.3231418532685524,0.5952750535235923,4078.125,0.5619098416469879,2.470813842107191,1.5240876036841051,comgra
22,0.6812606152828765,1203.125,6.523221980271276,3.1373593849642565,3.3193252020331188,0.6539504795852704,890.625,2.442079607069436,11.559039282025658,4.1976705505952765,0.6711655584125245,3140.625,1.8737701665521664,15.205219915110119,2.7997501459592464,0.17122404021662652,2593.75,1.6889899012063676,22.92537539936155,2.776023471442949,0.06453162325861317,7046.875,0.7619156547464002,57.725094019857465,1.19815930389377,comgra
23,0.23159420442781675,859.375,6.4785983036387735,37.74047536745286,3.3011606375510736,0.4303198456714714,359.375,1.2889778090745094,1.7553709610591604,2.4651006559323534,0.7746542190874444,1718.75,0.9704571098117536,4.437624684830666,2.2041855014772365,0.37832321275735503,468.75,0.7731968302525574,1.6085529016377649,2.2487850809549617,0.4135228450713849,3125.0,0.7514377619717478,20.461155049527235,1.5939697132716284,comgra
24,0.4326640032659398,1593.75,11.58658213901778,7.050495690431234,5.831198896594138,1.0,4812.5,5.229078931645956,7.9300588505792575,2.9949483663341345,0.5158642259798384,3796.875,2.279649169373977,20.65536268258407,1.7809066184402618,0.30414358604523906,8000.0,1.3062641204377183,11.496624647797091,0.8707943419549816,0.4688016922027437,6390.625,0.6526418012631585,9.412680587657976,0.6428982400061768,comgra
25,0.06444840495522919,2984.375,4.542104567103853,61.995511853330136,2.352801642203998,0.1610173338983173,1375.0,1.9248097863026319,19.070715816267935,2.076978012819639,0.2640169810666583,1906.25,1.4732151996533296,14.945997009472133,3.0087292386224727,0.40764000206633855,2515.625,0.9451083686515078,8.440813048554219,3.51105630767438,0.77591540014236,2171.875,0.7204400951972061,4.4626002886199965,2.6994777930619485,comgra
26,0.5215230495835371,3390.625,12.872236821798973,8.359859333910292,6.497709148171424,0.19327404009111185,6812.5,2.657799038055076,13.635361382497651,1.5146940681001664,0.8512878301499894,4312.5,0.8326649757750793,6.7243992271015145,0.7038927380162505,0.6537986526723296,921.875,0.6290911186907562,5.7769850274645345,0.4847763135007177,0.6610727001495262,2718.75,0.6214564559664255,11.801941011434307,0.6177856054796357,comgra
27,1.0,46.875,9.226548789021619,4.478892534629247,6.957249757819729,0.6254593821451693,3531.25,1.2779335041047424,5.3398747816857215,1.0896505577164757,1.0,3375.0,0.824974302245734,3.5085092022175384,1.1816660230544405,0.6079501730211652,234.375,0.6203773352214608,2.550696190089088,6.177950120714486,1.0,2250.0,0.5626167238976439,4.4337149997341205,0.7351176123020846,comgra
28,1.0,46.875,7.985525380621631,8.340559045364659,6.2797455641987385,1.0,4406.25,2.564838913266506,3.69885632443328,1.6883569909062244,0.626907082190052,1812.5,2.4083628069385026,5.360594920268071,1.9291860217795624,0.7823656165702053,3031.25,1.5400179559330835,4.594862191536862,1.3462626014288164,0.5002071936844221,4843.75,1.0299663103860706,6.002487354941536,0.8426328373138339,comgra
29,0.08856173007581912,2531.25,3.2892861162076943,41.69234632111847,1.903256835358588,0.31794150728744186,312.5,2.8057627967589904,1.4661499133644431,4.153606154690529,1.0,62.5,1.5134469415264027,3.3999818282887726,4.1540160454957595,0.4158442701465478,250.0,1.2802209331481618,5.135616834149026,3.707253567639008,0.5215939952236739,2281.25,1.254152216380867,6.270824299963834,2.5841837451425107,comgra
30,1.0,62.5,7.322111401827465,3.5884568558286096,7.789625467263009,0.5728820697939014,3390.625,3.6369096233899247,9.365095017364098,2.44182845617425,0.2638663837991984,2343.75,1.5871402269804342,14.942939376646306,1.6305709727333977,0.630973777706713,1593.75,1.2270628213523702,13.549172654799055,1.33592016538953,0.6740191434254554,500.0,0.9458002154995168,3.0676648024922346,1.475976515997647,comgra
31,0.8813904520764595,78.125,5.224363742418147,8.431024462251825,7.555577261247084,0.4317329179640821,6000.0,1.7809215328681405,7.0389437052543835,1.1192489777690513,0.6065178121170657,4500.0,1.3038544945487034,5.082822200315262,1.0303004270926968,0.30277202249279145,6421.875,1.0868354494568928,10.03975776334596,0.9663469209250609,0.3912262874003535,3031.25,1.0514271995928637,9.855878918257163,0.904846213328867,comgra
32,0.4108972163999387,2843.75,7.298387385108263,11.882476530194538,4.180228151315911,0.4789092645962534,62.5,5.541780979642921,1.919051581727296,3.7227737410204136,0.381609612465714,5515.625,3.0724926952111256,8.085507311872277,2.3963199077532207,0.424083682626544,3078.125,2.0234312450702463,1.7363633740412752,3.815932201309017,0.6909775001390732,2625.0,1.5713345041272857,3.2360103243292717,3.1779062760962318,comgra
33,1.0,484.375,4.554540256340525,4.152867412981152,2.5398157508522248,0.06895803602484629,2625.0,2.92368164117856,45.11074862907128,2.4863398758932544,0.7367689752725125,265.625,2.877799944905956,7.5978885926175295,3.3652470450064422,0.48357080506102207,1328.125,0.9963019264654318,1.9363738723527464,2.3128385314486506,0.5970979918129398,781.25,0.810037082907888,14.891958536017787,2.8089611861431254,comgra
34,0.2768645299614215,2984.375,7.263681452022464,26.27446832194025,3.6332848954612635,0.7195144883648109,3203.125,1.5614645056459833,3.565246540436789,4.7292922954350125,0.6114790605349161,1765.625,1.1097610664520792,5.14772769455773,1.488856960465326,0.55073170653188,6359.375,0.9006669977911413,11.129207363828357,0.6414802106188346,0.7421697388267908,468.75,0.7307719617589354,3.878520680426277,0.5795844423575592,comgra
35,0.08040560794197338,2968.75,5.0251117153983715,42.410001993073365,2.5138099536999112,0.7846444214099869,3640.625,2.8106403408962106,4.643483147951173,3.287868057904765,0.6216227082803251,4125.0,2.4708802054319623,2.6428647328573334,2.991971339340385,0.599295749072245,4468.75,1.4957578115594417,2.4956061676028867,2.5255920435678996,0.6312322948153386,5859.375,1.3075818362562983,5.423468410821101,1.2795083625250008,comgra
36,1.0,2796.875,16.54624007231828,4.058669771305404,8.273912127324875,0.7366409560414291,1796.875,3.323015389741243,3.797097623719012,2.1237778945494066,0.7077450641901635,3625.0,1.3366272407731117,3.4216701840432786,1.2095289325761582,0.6398140903861732,1515.625,1.226570345459282,5.5526880608525175,1.1213743215255758,1.0,6015.625,0.8879789242077012,4.680718039920522,0.5955987014503464,comgra
37,0.4595388687496117,3265.625,10.179369996310221,11.101630909365582,5.099378431034445,0.6157533252152825,3328.125,1.3824740295209301,2.602494870151503,8.83033547781196,0.26845825577245097,3078.125,0.6911748119658552,1.3669759899428868,3.5995817934624887,0.5208903549389041,3140.625,0.5463530559480798,2.08720490248632,3.559353083301094,0.7781794105324599,2359.375,0.3418880439312798,4.508147789167849,0.5284258151768659,comgra
38,0.3803620692088076,3281.25,11.399381218917048,9.683074101578685,5.707091572320782,0.4842300662152069,3156.25,1.295239036051814,1.9388489605469204,4.418062697320059,0.3002312268328078,3078.125,0.7477792204174136,1.42904347599557,2.887451784919011,0.7066268123523048,6531.25,0.5356242388974476,27.269022312996807,0.4530260614688947,0.2031174097817059,3000.0,0.4018336141190604,1.254890007982311,1.8560892610650752,comgra
39,0.6463687892580152,2921.875,4.298978701872241,127.2512115250844,2.17208144724524,0.29415229371715845,3984.375,0.884671419069857,14.167362039982152,2.744135498980295,0.32987803209110234,1515.625,0.7898532503738587,25.36851620168216,2.1520715750295003,0.6209316487647467,2250.0,0.6178511631091159,5.276093331143811,2.2834652339245247,0.22117849366428727,6968.75,0.5728144499679952,24.395833763493954,0.9309804204216438,comgra
40,0.0964409005080199,1218.75,4.313928456596247,32.09529959501825,2.2012633057084163,0.23683155252133714,2046.875,1.6463042105347685,14.413593796155396,2.855316222144173,0.24399294738471036,2906.25,1.2799086033211644,17.195606780424217,2.8553625539659726,0.7383157621870629,3859.375,0.9985944214999908,15.285597762519302,2.8928056344544704,0.1001666077139418,7359.375,0.8497721923766914,37.7847724828502,0.9200825624883454,comgra
41,0.04963410481581132,2609.375,4.414020103479722,88.38701012489523,2.221148805461968,0.18140573503839896,921.875,2.1440784221068583,20.767308943701728,2.6142172436147524,0.4433412913015009,3000.0,1.5504929299782826,8.982164334930276,3.572125558381571,0.6663664531322224,1187.5,0.7282018983221699,11.989202037843153,2.4524506317569323,0.3130905663731235,7890.625,0.6232598303302325,10.190571940525047,0.5818048362722288,comgra
42,0.32736085306954266,4781.25,4.336859286186821,22.30021857700592,2.2608182661233167,0.6475736151672042,890.625,2.3221106266797,2.8374720027685716,2.4994140263273192,0.23390242182163054,3218.75,2.2061729329404267,13.053167487851935,2.449639789065111,0.5446461602038873,2328.125,1.9347977803267535,6.588283084080872,2.40087935691922,0.5334208065918298,1656.25,1.573755146166918,6.42977664324512,2.328525088736787,comgra
43,0.7523385636580111,3734.375,7.220709542125151,8.075540663659298,3.6218372220843302,0.2624835103241012,6890.625,5.907951785547023,8.135411321632546,3.500792824033121,0.5851794708461935,2765.625,5.019877244675731,7.232043231128671,3.5919622706140903,0.7717715011843874,5000.0,3.710637223508511,4.381573752574639,2.5553751757184093,0.7346375121820853,1359.375,3.5606982367075384,3.7684301508590607,2.3761578953203677,comgra
44,0.8188798571452607,890.625,3.991694915641552,165.63591176084915,2.02367547625915,0.4964778036664674,2859.375,1.4161853948202028,11.916058604148615,2.8941730402072214,0.7176949374974584,1656.25,1.0389221958935662,3.54226733001289,2.7274770112225055,0.5396146454161186,2312.5,0.7694711953677169,6.516280264196383,2.832633196942067,0.4436580712889403,1250.0,0.7355012970711226,7.1898230091470055,3.5168147420397884,comgra
45,1.0,46.875,8.331856286128883,6.2203068980708105,7.728934657182758,0.4234179644205396,140.625,2.6583305284460623,1.7343585791655958,8.53900626541232,0.5977699684156415,3828.125,0.7156695966287943,17.402977028909163,0.4913241845998003,0.5764357635728685,2703.125,0.5320161253819035,14.165501909725606,0.4091984838774359,0.21081247327542973,3265.625,0.4987872817440204,16.472637440121446,0.4550890216653386,comgra
46,0.11746595928801695,2125.0,4.624656458033952,33.99302306322093,2.3524770010990697,0.1355595151500255,3062.5,2.2896643441612614,23.13635276287533,3.2240074161140515,0.5689085464818594,3546.875,1.1759524001565596,2.3196934011077985,3.1458283946756183,0.6457709630414669,7718.75,1.1533392983602064,5.646064526986038,0.86220687313361,0.6228886865485599,3859.375,0.9896749498173572,2.651736939015933,3.1656001118278776,comgra
47,1.0,31.25,8.02949635300508,4.682160150924573,9.828991934025328,1.0,5078.125,0.4844357156278528,4.287229106992696,0.28598004484061834,0.677883469888235,3859.375,0.4000855950439304,3.1044665719360296,0.2552848964541376,0.6237186308762449,4500.0,0.34710985676653666,2.657585737844784,0.223315295842146,0.2891828018617467,6234.375,0.2088381603109104,22.50930343540733,0.1390261450308944,comgra
48,1.0,46.875,13.069967863880573,4.723400156575679,8.474711482642494,0.4796949531846717,250.0,1.3973160852844333,3.843898905539272,2.5236374705204705,0.6508833076268766,4015.625,1.283604463641135,5.728743551060204,0.8809927014432285,0.7290039548382256,375.0,0.5939853987955566,3.6900907517046515,2.7417913770292577,0.6332884049446084,3859.375,0.4643081204298267,5.453877180234513,0.7936218131346585,comgra
49,0.7642614636517623,203.125,5.417161387886129,38.177890384052525,2.8095200415333474,0.7224094796154229,2531.25,0.9317489874099498,3.6024284929276007,2.18422624232484,0.8142220210787426,3546.875,0.9212010271905506,5.3827692916384535,2.10083269333023,0.6614408363350202,2187.5,0.6464678784391722,5.907386993604149,2.098620808697484,0.7105890697673783,6296.875,0.5181963007234254,3.4552945156432884,1.275637622527986,comgra
50,0.05447037409705702,3203.125,5.009742066046072,80.37823238740197,2.8105689995419705,0.6067705532616312,2843.75,1.5795938839564805,5.086089092739486,3.624705293438071,0.7324339803570885,2296.875,1.3962237068700682,3.737395358852297,3.330034056705386,0.3903002849757117,1468.75,1.25168971790708,8.200758302471597,1.6994422318197984,0.6579280473658315,3468.75,1.1952362077056922,2.923361568521983,3.9258990418760087,comgra
51,0.6223303257120035,93.75,11.497258245274224,5.295633025793001,6.960640186794508,0.6090832177588965,234.375,2.1452779943032736,2.558089203198332,4.170849619535373,0.6311766460038256,2812.5,2.031323411311737,5.422650106968946,1.6851610112955424,0.7529478276293022,1046.875,1.3962634840511943,4.047728017948842,1.9470109606443675,0.7248034094437799,2359.375,1.3092240287562746,3.633765948839794,1.4462063872409108,comgra
52,0.7722939579185795,2750.0,12.508572627467306,4.3916269891618915,6.314559192691929,0.5135775803007214,2828.125,4.8963319056126435,2.055826293159413,6.89117118975135,0.3565770011813034,6515.625,3.62816372465699,10.879312696082932,2.190824207613638,0.5960402603111258,6203.125,2.3700862599439407,2.4754942182361788,2.4551154158074238,0.6897969476713978,6734.375,2.2287039387177416,3.2236949072334937,2.7305333176121294,comgra
53,0.5338998036085716,3078.125,4.233956318656813,135.16407091811848,2.129776778160668,1.0,6062.5,1.1178326516441872,4.771290934338708,1.6823276336765507,0.3957525631105372,2640.625,0.7730345202332352,8.274755828074234,3.268872248694939,0.8039234139647118,4609.375,0.5299085422365184,5.100047997673869,1.863033001738533,0.7708174314433668,5640.625,0.4326064980728317,4.363333591633477,1.4460460438626483,comgra
54,0.3483978565455169,218.75,9.543518933135461,15.346788067615586,4.859892000143981,0.3507597257965701,156.25,0.8772676265009878,1.5402618102010486,9.083741075117567,0.052541999623191386,8031.25,0.5999893751393033,59.105522332101835,0.37069017862829107,0.3959217970110383,328.125,0.4841475908332242,1.6554148039972783,5.3296881487133865,0.4308574398664521,531.25,0.2818557370393582,1.7570290293619095,2.120825788290297,comgra
55,0.5694419148327479,5359.375,5.446110145300113,6.967700998657676,2.7311204211377316,0.18769502213830025,2515.625,2.5111266095135205,18.46597079767477,2.8515342830996446,0.3913940297901792,6156.25,1.2826105476896954,11.501694598208928,2.2178872334106847,0.2233762777190116,3187.5,1.0150744889337524,39.91637019398689,3.1680725951537245,0.6172166169791249,6593.75,0.9668755765918192,7.837330806589364,2.1458888805265817,comgra
56,0.5045418709729146,3000.0,12.559314370677805,6.0550020763429595,6.299197291657463,0.7945885151899643,2375.0,1.9385734905848293,4.868276965744144,1.9925884329022263,0.6814230949441195,1828.125,1.7546745627452418,3.1389594918206427,1.9360826692530009,0.5259851177417816,3968.75,0.9876341555337153,2.1096384046761902,1.1620911726455918,0.7887159184748063,1250.0,0.9465211926768978,4.732964228924928,1.3588497464552551,comgra
57,0.5847119485739121,203.125,9.783924285293,2.4079671846228834,4.956159513153871,0.2421106066092733,2312.5,4.398394829092868,14.51399121814731,2.865215315850699,0.2989723603371172,6859.375,3.716516406416734,14.264772790997085,2.2048793541926424,0.4957491139083141,312.5,3.363017037544259,1.98313979723612,3.6453807978133854,0.7668607998571446,2546.875,1.648477840745774,4.2892829665163665,2.6710593041931983,comgra
58,0.05307693844385408,1828.125,4.673737768671427,59.138912413825075,2.3858948543782796,,3984.375,2.6028640841129733,10.783843288322315,2.08355119772968,0.7888419870118765,390.625,2.142851578101351,4.735789970027064,1.7469706450489757,0.2843281507566655,8031.25,2.1048692901963357,12.57559593760118,1.5245352089989987,0.6146282806878964,2296.875,2.022427910335531,2.5948972119309133,3.665858414263003,comgra
59,0.8458229287312249,62.5,6.7584169009804915,6.486048747525572,4.321540753259017,0.4706586895427263,3281.25,2.225809701963944,7.556561184587281,2.2620875335120907,0.21657193395202104,265.625,1.5570435514604757,15.317296533087303,4.785226631108468,0.7427761121719749,3093.75,1.0659261996396119,3.887663810868844,1.9192153592724952,0.60427622746162,2500.0,0.8156470474743951,5.054030459608099,1.7683190064604402,comgra
60,0.5842145841257034,921.875,4.574311887632953,76.96277641848428,2.38129948422418,0.9044556746332706,4359.375,2.524890574984473,20.9326926777008,1.9736855324567704,0.2036785185469652,4062.5,1.6286547073395703,20.092387776360198,2.3066557883229306,0.7339162831963477,281.25,1.5429006313262608,3.7582156924616226,2.9726085995191243,0.5300509308791771,5953.125,1.4882018453069326,12.767340961489197,1.4352003127910993,comgra
61,0.7835400265308051,2250.0,5.09232141568731,9.239583503342828,2.630588767185166,0.9166002085225072,296.875,3.9498317568331234,59.95218826595462,2.935050409311584,0.6564583158869179,1703.125,1.4725082288424804,5.821709831700275,2.343089628647761,0.3579502589913637,3656.25,1.2080519875203604,15.575117255386429,1.2182467504330607,0.3871412006582964,234.375,1.0711926002364338,1.6316972214058776,4.3571635740983,comgra
62,,15.625,4.439260450584985,1.4230429337619424,16.962663809699446,0.34863653376150383,2500.0,0.29068383828612165,10.746688082498252,0.21008022391797326,0.5599482872354139,1921.875,0.2576622301168369,6.817380578188789,0.2200214554579189,0.6189561830199919,4437.5,0.1944541969851346,5.248740199621012,0.1685385451679904,0.6402619481834356,3515.625,0.1925325367015377,2.779800454665036,0.2357971007915553,comgra
63,0.07731259654431255,2437.5,0.2179293760544292,44.43541750591272,0.16799791528830374,0.5937703083766028,328.125,0.18405090472338687,2.461661519628823,0.5074112291086184,0.6356610424102596,218.75,0.12695747686351086,2.7446968795635573,0.5093623707634825,0.6665533184273266,1703.125,0.11910475994026518,5.997960425238503,0.20233065823795945,0.5654703693080034,4703.125,0.1145858927807719,4.602678065509508,0.0844612752950753,comgra
64,0.7280302602307563,3500.0,8.245075088328088,3.6768796442150626,4.12444127405315,1.0,4546.875,6.0763955596981845,4.184901270725732,3.9232118514946586,0.6614676139357434,3937.5,4.584586597499653,5.907854262488144,3.4316833121224914,0.7789928007492829,2937.5,3.6121201422057463,4.524739480841845,3.31460123179996,0.7417736482260286,2468.75,2.9133206751318443,3.872571459613511,2.44190580473853,comgra
65,0.10655000197502283,2796.875,5.74219667678237,29.10067721470088,2.8726054950587416,0.4729582658796313,1609.375,1.5933381004631753,7.589531798038705,2.4741355016217668,0.2966014462591401,3250.0,1.4534132157673931,11.373352926948572,3.33478307605862,0.4616546170661432,531.25,1.3117498619768506,14.860348493009946,1.6052929727798184,0.6984896178230776,3421.875,1.2237261981753005,3.3166353767984447,2.4032163248165213,comgra
66,1.0,31.25,6.516113121799555,3.5242230584594,10.225119354062203,0.4291260849994689,140.625,5.618336244901982,1.7517002856910526,5.866816355724923,0.5302879071336595,3156.25,5.330865950559216,6.3868911308904055,2.864188355649868,0.6442972418391493,4203.125,2.347054299546408,5.62267217252105,1.4182835153918754,0.3209315931882588,6296.875,1.6103851745223317,11.780845522707182,0.9636474981136328,comgra
67,0.7429684671969924,109.375,4.972002834216156,15.562292907717488,3.0162274981727464,0.21886254578459485,2953.125,3.805238848782893,17.922581902133942,2.634312283641408,0.1536319844061319,2468.75,2.1901576701570042,21.267344309283715,2.4789375412838264,0.17835981106034438,2093.75,1.7306698841587858,17.039088628402297,2.0230142804304605,0.556219321036928,828.125,0.9289251322385288,13.520192032738931,2.4534516151616264,comgra
68,0.6429029767657559,31.25,9.459601409696694,2.800359383965047,11.040863672101533,0.5610288795217284,2812.5,3.0375233841817564,6.8341625679871925,1.9728898534896084,0.4775959112860233,3578.125,2.31369103107852,13.399588845547099,1.828626264304345,0.6429624832102256,4062.5,1.5439635629295754,5.601652224064765,2.1388085804468315,0.20096236332102613,2203.125,1.3229535827683272,16.26957154863402,1.3339281218824104,comgra
69,0.6340897316657158,93.75,8.951326506019369,8.198731382031875,4.827853123944836,0.05361438529200524,8531.25,3.2835797103986955,62.34245225526206,2.0051560683978518,0.1352252975768029,3593.75,2.1828480134285466,61.28763925619929,1.4675510357428547,0.7392796005159612,8265.625,0.9060437408748604,3.835526494969258,2.8522577528977986,0.6232084430740079,8781.25,0.7779672207224541,2.6539872818764247,3.0259876665806984,comgra
70,0.7297514008585457,3203.125,9.537686139893257,7.400593403087925,4.778271183730743,0.6662451575485535,7296.875,5.554799930013932,2.9962112089668835,3.4425047402378026,0.63417808522563,7203.125,4.401321724875023,2.733570515087308,4.007388874377082,0.7420932040231782,6468.75,3.424113956236635,3.87736971494877,2.58454734785896,0.595536682095096,4937.5,2.8982441061095265,2.472412097047368,2.189421519890184,comgra
71,0.6131248369411588,921.875,4.758158216737729,82.71402006526071,2.448737707193125,0.091824410018866,2953.125,1.1527423510412198,36.336585528229755,2.5757160551192304,0.6179902035941518,1843.75,0.8960169968976568,13.088669576127801,2.9103585594410535,0.6268350015894606,843.75,0.7564694738738202,2.6797797335211087,4.407801440884857,0.5749928833189173,6843.75,0.6816417363392052,35.29352665229772,0.8070307610326057,comgra
72,0.6850113471313131,3796.875,5.647006346620321,25.39774029045757,2.8592236962115143,0.4404568324241145,546.875,3.710962911059299,17.871722110955442,2.8000646762935126,0.6330162919379562,3671.875,1.9222358287797532,2.724916605374034,3.740350397640316,0.6813204907461832,2890.625,1.463690076287696,3.1379488513129843,2.0863763997541023,0.3580513264018731,2031.25,1.4207556527441931,9.346541626715975,2.0765191365993467,comgra
73,0.0476236863380769,3171.875,4.932714979917939,74.55036310909739,2.529801185605768,0.6049010878610586,609.375,2.8745796267022703,12.655058888751604,2.9546765031767754,0.4685546537663466,6531.25,1.2288750601875713,13.171627241839476,1.5097601881747111,0.5188429872338549,7687.5,1.0095342308095625,6.234970956264704,1.6016727213927993,0.7338497541296876,3640.625,0.7023759561973999,3.757276258490748,3.0640646752049108,comgra
74,0.3644204941579,2890.625,5.757758767775805,9.440203695760149,2.925347799562686,0.15620755456415625,875.0,3.7334156681403945,21.332260199014307,2.956964083375369,0.7811524620629915,2406.25,3.3535762071476203,4.569391136069498,3.338171248669505,0.6852264998922901,3734.375,1.6437687918236097,3.17688750691471,1.8231510728372564,0.7651328070560741,3609.375,1.601885328071679,8.515450689094308,2.2431582753514663,comgra
75,0.3632785062076643,2968.75,8.355612884215004,10.993817655357844,4.214513394444089,0.6237983735303699,2750.0,3.6610533493634616,7.9744471818283955,5.234196740355821,0.4869655894572723,1703.125,1.7525156709316283,7.796747972067777,1.5786468691578612,1.0,1281.25,1.0138716013893143,4.7159025843061935,1.1593340671869283,0.6241224171029489,3593.75,0.9389155737931538,5.320881294875676,1.7969161256814044,comgra
76,0.7451452058799877,5968.75,8.453280952604013,3.9238029775068526,4.252943892163587,0.7606338093309288,3468.75,3.133737934177736,4.177699437020834,2.366981583105373,0.3622042516966956,7156.25,3.1209089080427006,9.407400434953502,2.6416805079128363,0.7417749263347013,8671.875,3.0114305606670118,3.8725906272609336,2.5752939770085685,0.6966980047168896,6421.875,2.497430259512748,3.2970439217406806,2.8274497521514497,comgra
77,1.0,1671.875,10.930747613165504,4.864861613603921,5.505194624122153,0.6371420243127399,6671.875,5.169429022785839,13.779495932340753,3.1246506215230268,0.3065281581228142,4984.375,4.332996941185643,10.094137320776326,2.923943865096532,0.6728711979326591,812.5,3.0828132276382787,9.170699678661855,2.353330794797081,0.6275221709528072,7796.875,1.86643836441592,2.6847235513534433,1.907712663717568,comgra
78,0.08671546969236077,6015.625,7.29775098882558,37.22826662633509,3.6763276973999472,0.7023030007379231,6234.375,3.2503362716278983,6.7182403751382935,5.3483279456731765,0.7767572721554069,3828.125,2.201077120430727,13.438287683388296,1.5165810094854597,0.0727136101893262,11937.5,0.9501205179478284,52.84235866980043,0.6393001177485703,0.35389259088460995,7625.0,0.9249190985038758,9.286381668668412,1.399490316255953,comgra
79,0.7709712932893432,6000.0,6.372399368815858,34.93011908811411,3.2089913111050983,0.5436918622648926,3500.0,2.806923946486217,4.383003138903091,1.8011530834263239,0.7217195659158772,1687.5,2.625695382486775,3.5934973412385314,1.8336508696549945,0.6531083642899089,5046.875,2.5656928628450437,5.765489259797164,1.909860465453988,0.6659799241153355,6984.375,1.761814761001908,2.9938320244717715,2.103815425866246,comgra
80,0.2170793935170745,3250.0,6.974644320300093,14.049955907297855,3.542492851407528,0.5119983803914592,7906.25,3.944438971950919,6.1475205807851685,2.4507796747018187,1.0,3906.25,3.741863953625813,7.777572111858944,3.2617286921813053,0.5061678469154662,5890.625,3.1341094380415777,10.124897637323556,2.161238994209346,0.2551659669400834,2000.0,2.737479608705789,12.083228746981833,2.0095341746840587,comgra
81,0.7274538673208681,3125.0,10.78890774060785,3.6691036125517087,5.451578560631724,0.6389348310879384,5890.625,3.4778593170169683,8.308749384603914,2.245172607680177,0.2712385706719773,7875.0,2.714708063292972,12.349720550247467,1.7969878260115486,0.6178116043635513,3437.5,2.4365208611166023,5.233021260808954,3.2133773995253665,0.5109737011456846,1906.25,2.0407868995607257,6.134639398797902,2.1598374619496092,comgra
82,0.3001747334522542,6015.625,9.20407765337371,10.002496815428174,4.6324253409079565,0.35626648530969285,3171.875,4.299687908926304,13.980940551665695,2.988404108910768,0.6245419678308792,5062.5,3.7192358235921374,5.326827044944197,2.820981016257257,0.5301317197951996,4203.125,2.5717786416107242,6.384768085839711,2.4094486679176934,0.5278129617419339,1140.625,2.18680348737901,6.353414551714991,1.5625605380507166,comgra
83,0.2823207048761029,4171.875,5.714845177053277,34.83450082767695,2.9017665465943736,0.6820869286273615,3046.875,2.4359244135024927,9.436541841601667,2.8790659977062765,0.7730456533404979,3406.25,1.6485700735442324,4.4061724955649035,2.815653850602273,0.5562681816953066,1406.25,1.3064685436769858,15.775294245844163,1.295412166562674,0.20619941063923156,5687.5,0.9627142536887046,20.156195667333122,1.6951747434095537,comgra
84,0.2053473430743664,953.125,4.848427499167371,36.49393196795656,2.4783673964404263,0.2717867646780766,7187.5,2.6724605693358927,12.359017336482966,1.6134356577730233,0.2184123790829348,2671.875,2.621752136189233,16.632812050869774,2.5305865585935297,1.0,2921.875,1.647765319905134,4.561614678080957,2.9158836785838225,0.2405548129211957,3218.75,1.3313008170051006,13.167507240996372,2.559378936695795,comgra
85,0.34985310856591345,2937.5,11.372590483229795,10.766797614858207,5.721170206862322,0.6514421115187599,1484.375,3.617111988223048,5.737927805090095,2.5106074997614964,0.15347439390908302,7375.0,2.4452562658135104,22.444684322944628,1.8349761883984552,0.43819355148228706,4406.25,1.7532413291911435,10.679834693657538,2.044531880933227,0.5457095600854327,6062.5,1.4831799564469108,6.603704891003589,1.3799588461470265,comgra
86,0.5124304491979152,2921.875,11.050151991147377,6.152968320242309,5.5567503478633515,0.7699430888330817,2203.125,5.031471111628708,4.3467505276311735,3.2448612239557884,0.8021067761944076,4359.375,4.450124639258922,10.10646024931492,3.092113937935093,0.7577734293012754,1453.125,2.270087424521352,4.128366252783123,1.7241463240802912,0.6644905548249728,4046.875,1.7177136283057732,5.961084043272308,2.5885953464512106,comgra
87,0.7804357524986607,2906.25,10.148072685091137,4.554475564123437,5.094411293874624,0.6573262385819503,2421.875,4.0580213568060834,2.9182275172216516,3.2915133365140763,0.7728094942103685,3625.0,2.9071299519550435,4.4015923839967,3.4155764942898,0.6162984999632706,1203.125,1.6910515326899898,2.6061925739260228,1.4275532064521848,0.6290393692646393,2031.25,1.5569282952339114,2.6957038487283285,2.086167047259354,comgra
88,0.8469886149858502,62.5,7.464230866950443,6.535461396598199,7.21748404594554,0.7963941760247379,3437.5,3.876323112312951,4.911450863613312,2.5992929408609085,0.7284755319833933,3187.5,0.8809415316107008,3.6829093425894825,2.120825908915416,0.8027750630508073,6609.375,0.8465571636958056,5.070352742754891,0.8191087475482763,0.5362181198674305,5312.5,0.7722359270264243,6.4685580194346235,1.2275246290981054,comgra
89,0.3666916613210797,2390.625,6.13706734294392,9.47405810653936,3.129679536692472,0.8780371623800272,4796.875,4.341292415776297,8.199218872849826,2.8488900215748454,0.5621504532678803,375.0,3.7984073252140265,6.851668620854888,3.2278235631299226,0.4778749603178344,1578.125,2.279347911785979,7.6610001359730395,2.555136869838459,0.41136112513711787,6312.5,1.9178806528991637,5.096503353943148,1.611871389155889,comgra
90,0.05135440093345778,1890.625,4.278652290193175,64.3022010116564,2.165055856857442,0.2667596440105637,7187.5,2.614245059929382,13.638092773148005,2.0639016851742267,0.8739538623476699,4296.875,1.7340155989422898,15.867205749029381,2.042561194692424,0.4539582743789311,2203.125,1.7339732326842332,7.3254475112692035,3.42289302757513,0.3776205013622659,3703.125,1.1315035930761084,9.640420375563169,2.132226116947632,comgra
91,0.0400509141502291,1843.75,4.402649345234738,80.21258745388322,2.218414789096773,0.3988861733779726,3156.25,1.7766572688303952,13.308627493990912,2.3845754639932664,0.4311148905015977,4531.25,1.7756152935401737,8.78912089017166,1.6362907921120713,0.5624063838130691,1093.75,1.2169383292416336,13.711351761212446,1.7522673038216814,0.5504447036347293,3640.625,1.182265472750646,11.122102309606476,1.887644020764772,comgra
92,0.06407805829402557,3531.25,4.396988579831088,53.42325868422455,2.201595106801409,0.7700778173664228,2937.5,2.430033338946028,4.349297612547815,3.105162402266577,0.7209923645724501,2562.5,2.0072266826302227,3.584131303315786,2.967375211078465,0.5942346831859252,4062.5,1.6928270101293346,2.4644787480892774,3.072835925397471,1.0,4890.625,1.5336186324570176,3.1441588248437142,2.3860829942647674,comgra
93,0.496682036230865,3125.0,6.073596891002128,11.920893812469044,3.0394590028130604,0.6851932446755691,2234.375,3.4342096933713884,3.176551910296297,3.576786088672141,0.6194472895063827,1593.75,3.1366234050627804,2.6277568715852624,3.0695332352147298,0.3848170618910244,2859.375,2.865642198195017,17.88086001509265,4.155828583658087,0.6432531361450811,2578.125,1.681241267221056,5.606216067013151,3.9437553630171225,comgra
94,0.8315393229567805,3625.0,4.4139571884129625,100.91375802578877,2.2436774144109326,0.5382695346201273,1796.875,1.383635687126815,6.497297070341362,2.030276127837866,0.7973197929516115,2562.5,1.2335736091744949,4.933880888335863,2.6996515457051933,0.6229884622845124,2765.625,1.0542554077893675,7.957316155835941,2.75542853223883,0.5711374898421611,4421.875,0.9072457703470272,6.995248894327176,2.824892947408149,comgra
95,0.07433295716789545,2812.5,4.543965124746463,113.4317147975254,2.3099706319532687,0.4545083213503307,5953.125,1.8730977954920995,7.332834132138827,1.5380486024489448,0.34513732852821843,7218.75,1.6091922548656137,9.162226313060728,1.5012304815597026,0.23925903860431266,3375.0,1.2516528991349167,23.66114211462525,3.619567796401209,1.0,5015.625,0.7224385897268621,3.81343444555489,1.642460518048265,comgra
96,0.027860569489455145,3421.875,3.5972925876753425,133.7256734167516,2.110252681585385,0.4059976823045649,1078.125,1.6581503001857696,18.518446262426988,2.677473016523213,0.5283475422462041,2500.0,1.6101821641757632,6.360615641201662,3.04987333837202,0.6078076183177366,2093.75,1.268319068435257,2.549769059028165,3.1282640259694823,0.5335792010513749,2796.875,0.8629566729376306,6.431960167218961,3.0401615535704893,comgra
97,0.8350336906170339,78.125,8.433169914599278,6.061843801563865,7.182121622594623,0.6129503836861929,3781.25,4.1023775261550375,7.75094425508408,2.616796939294696,1.0,4250.0,1.6002990038481604,4.041574142570823,2.408342968878084,0.7035921870343153,3984.375,1.3858498406044044,3.3737302333382497,2.3053437482203294,0.3199215646817225,7906.25,1.05050636379578,10.292930398129727,0.7222451179907945,comgra
98,1.0,62.5,13.620106381849194,5.833597930417628,7.939350544753021,0.4565894780002506,187.5,0.5886035608446418,1.8402293653056299,3.6455705909724414,0.5467345282491992,1546.875,0.5404339290237987,15.443488278428815,0.7472541296125413,0.2377068981375612,2078.125,0.3261454421602135,15.741976374548754,0.4938037575316554,0.5998804744990456,687.5,0.2508509202069581,14.995519132658991,0.700747630544373,comgra
99,0.5625473173138579,1687.5,4.5438799163435455,13.715769127663126,2.501478449593833,0.8997024633289403,6609.375,3.555002912583813,39.88133839337029,2.4644574878269365,0.20631540507925014,3375.0,3.1289012684782187,21.419087769616425,2.994480718581222,0.6345032027110982,5703.125,1.9270121579381736,8.208006259569743,2.6555162076751704,0.457735021323125,6187.5,1.2938761860876125,7.376467515493971,3.4032699202613914,comgra
100,0.16355975508238565,6031.25,5.296398067495391,46.62616395728463,2.843367974874127,0.4535800512638498,1703.125,2.688740022926596,7.320376954120832,1.9972420059378664,0.2842069246723251,3437.5,1.7328523972929584,12.573466145757266,1.9046098228271031,0.6990086158059241,5078.125,1.2452808644707236,9.9670627052422,1.6207895897436857,0.5083543933027448,3000.0,0.6801144528051954,6.101956285449603,2.0097300430381915,comgra
101,0.7565328945338872,3265.625,5.566332445595913,8.214662084108,3.4940187302480603,0.3416265797742595,6187.5,3.7733444284134783,15.188948540132802,2.444907091800216,0.7673907632807175,2296.875,3.3231446403184646,4.299055420601462,2.8930179334759374,0.5964772727211105,6515.625,2.7039852108151248,2.4781751618883727,2.7893204453668154,0.6081612177150206,6843.75,2.3552076865371,2.5520699971773406,2.488708715065293,comgra
102,0.5320163855523561,3968.75,6.297775021165784,4.273653902093514,3.335050889519043,0.5198651995230343,6687.5,3.54330904328738,6.248245278242281,2.3314792432379834,0.6222412378746904,78.125,3.3659056062113697,5.294384142800008,2.5340619291802238,0.8370465309679513,3515.625,3.0437183361914504,12.273442301536107,3.943242978503326,0.4979481389126474,812.5,2.8559889830799454,1.9918260990690941,2.3437945261926467,comgra
103,0.06551014788780407,3640.625,5.861808723752657,46.014410860437444,3.008789435955322,0.7669683748397319,3296.875,1.7217817981710883,4.291263039135772,4.82770377101793,1.0,4015.625,1.5144416806801764,3.2380258045915866,3.1332556567361247,1.0,234.375,1.053317426876715,4.4536141395360636,1.0847935864579692,0.42713924077163135,3390.625,1.018891414969107,1.745624890325843,4.9471494402816845,comgra
104,0.13253218675227385,2390.625,5.139511688046428,23.055610472879323,2.673646505820498,0.7950282271692429,3093.75,3.149751437544148,4.8787205486371485,3.291767568188129,0.6532521597866522,3937.5,2.9593861898020943,2.883940097174701,2.6813555053831912,0.7079889428226998,2765.625,2.0305672465588107,3.424527857494212,3.03789893707577,0.7752443415991428,3312.5,2.018981498133157,4.449276192265983,3.711361572703837,comgra
105,1.0,109.375,14.67681546318573,4.8025621419042865,7.5969012623567505,0.7618733657909555,3796.875,3.386983357479556,16.79778498229021,2.2725733172837845,0.712378034899093,3531.25,1.6916861832941588,3.47678592505676,3.0278603297321713,0.7014807012373672,1875.0,1.4234620880350208,3.3498671749029825,1.4472955407327568,0.6503800933938585,1593.75,1.3511691333016669,5.7204980672140815,1.4818241970522208,comgra
106,0.5484220220497389,2000.0,6.117509097674206,6.643370904881536,3.0952669607215286,0.6971359409599192,3406.25,3.8593642361544283,6.603622781583737,3.226705536881853,0.6020851202948614,2640.625,3.3797512560169287,5.026200582099449,3.385591831500432,0.6861691574472352,1750.0,2.9354092299583305,3.186429962924592,2.9463946535706502,0.4264540007112049,2875.0,2.2422395931336805,8.71769658615014,2.8673852191394915,comgra
107,1.0,62.5,12.440782037125613,5.690148892493067,7.045732555255022,0.18606377842099156,2593.75,2.285135231130204,20.886157353976188,1.391279588637563,0.5664338216307586,3093.75,1.3596848152589898,2.3064529704813883,1.821735504941332,0.5214179334864135,2390.625,1.2181519191672128,6.268517376454668,1.48650822930035,0.4962597264177556,2109.375,1.0820918118765113,1.9851499918573268,1.4409146629613447,comgra
108,0.889170004043319,3718.75,5.5697282098277165,36.091312333562115,2.8327692624811465,0.4083812495246539,2265.625,2.9624942601870883,8.451388662010231,2.184098565031249,0.43444732236575256,1484.375,1.8361631786388029,7.072727542785798,1.4457321708788715,0.6150865483522219,3984.375,1.6301098568402197,2.597986627173185,4.131321802795753,0.4184410097353497,4546.875,1.084779472427703,20.634192233085685,2.5908253339436738,comgra
109,1.0,62.5,8.245883413465851,7.26934549288545,6.455756528614867,0.09988084531063246,125.0,0.5762747771203589,1.1109640260295333,9.033035164739914,0.20466760834756592,984.375,0.4857238514625766,1.257335939659562,1.8384553008744544,0.6290565795688801,421.875,0.34273146329380433,2.6958289187007938,3.1017446023504744,0.3829050550115585,359.375,0.19820317370346266,1.6204961782967295,3.1027450662875253,comgra
110,0.9720224416677552,359.375,6.047838951647824,71.4858665023296,3.290960344644377,0.4625908885394298,125.0,1.7573542232770083,3.721559529507047,4.368539819947191,0.6426127247461454,890.625,0.7815016036045135,5.596170145060107,4.212149171690175,0.3944851399510504,1484.375,0.6783065325241111,1.6514871326513116,2.893007491672848,0.2939495551587941,312.5,0.5944683321033355,1.4163293958761043,4.148247229069455,comgra
111,0.4538843164096141,1000.0,4.932481475186126,62.25787140275889,2.9067536147041766,0.3969065480972077,4000.0,2.6450343962248053,1.6581178204554303,2.5061201885870843,0.3204109974685069,3046.875,2.3578751081940967,11.771820865552144,2.7941325297224946,0.4191265593050304,2000.0,1.0478652432980224,1.7215454003260646,2.52401745238489,0.3899824254076787,10000.0,1.0009995880977771,1.6392970328245156,1.1473952490720842,comgra
112,0.4203530791350377,3750.0,11.372306435626525,5.1755644548638875,5.857532596160254,1.0,4109.375,7.742178246653148,4.145856065715236,4.973790890247544,1.0,3062.5,1.8875130428647888,3.322423745783226,1.6610943285011357,0.5699712989339034,4515.625,1.1480694867311003,2.325426180905765,1.5308907795213291,0.8370481735163363,4953.125,1.1067037243584332,6.136783008690316,1.0368409941924297,comgra
113,0.3930426712538324,2156.25,9.02800261980984,9.885373675929742,4.582074259897756,0.2771209202657733,3437.5,3.3893330638279577,15.21692950921232,2.8139906294689427,0.8768118663457041,1750.0,1.1215657447591425,8.117664992038186,2.42120354864362,0.3778350077175392,4234.375,1.1212420670742445,11.251034832930655,1.6079759452710185,0.7437238158200694,3031.25,0.6863699102722579,3.90204030546164,2.5401857363318507,comgra
114,0.15855109117221766,4765.625,5.777109265169133,36.84121480790311,3.047112742335905,0.2325486774405615,3000.0,1.8515554912574168,14.333156614174786,2.4072466407721915,0.07094663178324423,6796.875,1.7440611506766928,45.20730609977301,1.664255998807057,0.6979399394370951,2718.75,0.9457230516134484,3.3105998791645845,2.7043743287846405,0.7516372387908711,7093.75,0.8001659952847906,4.026368506822848,1.6701468022329329,comgra
115,0.5830387761440199,5171.875,4.440070556460219,110.32200926167792,2.4224163746140555,0.5953411415424416,93.75,2.625625776065128,4.9424347402733675,2.0537268390272025,0.6078163849385096,2843.75,1.6565985209692506,5.0996521098578285,3.1314034514248013,0.3450291283329433,2609.375,1.2006885618382102,9.160712727160783,3.11323321048862,0.6435313677883503,4453.125,1.1930890062593391,2.805295921258676,3.4834545319540187,comgra
116,0.718386287891555,3609.375,7.687223520335146,10.652890363679262,3.9906549376611946,0.7021830322686973,2125.0,2.909222289383557,3.3577670460409195,2.2784118228929064,0.83633691495691,203.125,2.610773082187434,6.110113344965451,2.3532949347655507,0.6124799170561384,3296.875,2.2589536001583235,5.161022842498029,3.724299454447201,0.5385143750313193,3796.875,1.8700259415342968,2.166914733406628,4.398393588429362,comgra
117,1.0,46.875,6.5633942087145565,8.448165935918041,4.982564112829682,0.6579433653787595,3687.5,3.900892090530201,2.923492482779352,3.0486273857079045,0.09471821934334212,1000.0,2.388149870088352,35.3481100401561,2.454552209839404,0.6077451109984904,2750.0,2.2262125896249447,5.09872548712147,2.466221695287822,0.8675794977387816,3562.5,2.168689924589752,7.551700702866667,2.8137410497732716,comgra
118,0.26172896821397285,2734.375,7.0288087257160905,14.899677119104581,3.933482903680616,0.7127039798406718,2390.625,4.047656280540262,3.4807304307432503,3.870077558590289,0.7259078456475687,3281.25,3.3445467324976192,3.6484079683440602,3.4556393381905113,0.678714173084338,2312.5,2.857256537003793,3.112493350858273,3.9768829296029815,0.6516213680605124,3187.5,1.8870211145956213,2.870440114058709,3.047121020524972,comgra
119,0.6197187656884416,109.375,7.97265373857062,2.6296327816710408,4.064675156444014,0.26438419780830524,3406.25,3.8839024102560384,20.39107908681268,3.0627499375278933,0.521208269665179,1703.125,2.407283509109208,6.265772380617534,2.642683878419576,0.8673475826988589,281.25,1.641167504552508,7.5384981317743325,2.9079398861410137,0.4681246719065272,203.125,1.3934048513747048,1.8801398507889768,3.3183046838144774,comgra
120,0.2367167838546631,3046.875,6.809314254825611,30.132982769033614,3.4127816576317493,0.31859603423719474,156.25,1.4279096737077954,8.805349398404562,0.931814662565594,0.2083633373737489,1890.625,1.2238540232582882,16.421675010442993,2.1047129756836505,0.6645006582190285,2828.125,0.7464624969502731,2.9806317791611154,4.319791101922816,0.7871117697423593,1515.625,0.7107075779371943,4.6973005449375185,1.3933876564767178,comgra
121,0.07229226075375939,3109.375,5.660680424291615,49.58458149478719,2.8767760240285214,0.6028949630809608,2500.0,2.277683525009309,5.036450848161252,4.06734999039557,0.6042654103293438,2703.125,2.2401260637188263,5.0538923111686245,4.486964984919418,0.6275201056907234,156.25,1.9162803032291928,2.6847086655627166,1.1931540004585102,0.7178952190324607,1562.5,1.1977069621274188,10.634346535038688,1.3235637572379395,comgra
122,0.3985750940830792,3312.5,8.809511193419667,9.97630783323234,4.414283439266934,0.7402432941533652,3562.5,2.002998731290808,3.849756243022341,3.645153026978025,0.7024065012487221,3125.0,1.0973896974563129,3.3602884612602963,4.6431163296736955,0.4711927742062267,3062.5,1.0689616727318176,1.8910482898544672,4.597608036809289,0.5411594792145271,2625.0,0.7805054783563896,6.538219411974352,1.6762533368510169,comgra
123,0.13980287652930354,7437.5,6.878232894487161,23.250484632295237,3.4824164093616568,0.3841680154804117,2968.75,3.532428139564016,9.742917144325672,2.192163061584784,0.5393414034272025,7234.375,2.7827859167637774,2.170805033141221,4.925621707080518,0.3652571070108067,6953.125,1.9300786447382756,9.452646207260727,2.8780633135060514,0.6243345790683172,6000.0,1.4244528255814388,2.6619431661288218,1.3887596390130452,comgra
124,0.29555498383210405,3265.625,3.7038626922424434,29.810701357840124,2.9492765798048355,1.0,62.5,1.84506572784247,4.430784426437056,2.4037996339917673,0.5607204521375713,3750.0,1.1728187493215765,4.552909439404061,3.1240287173181223,0.6979124898447078,1953.125,0.8650377818224748,3.3102990570048263,2.550982702441102,0.7092605113444292,4703.125,0.7537432637948847,3.439505258209578,1.4184167541538182,comgra
125,0.5500264694369961,3296.875,5.878249025239513,6.667058829541419,3.5838684102540808,0.6505327005902333,109.375,5.098524017379948,2.8614980620188253,3.3624763970857536,0.6593273879119668,1875.0,4.516059921817499,5.870739029303536,2.9767500414870423,0.6570970211466165,2609.375,4.307512670729052,5.83255358902889,2.860513516842392,0.7323656448552667,2281.25,3.2674449795096154,3.736441083803357,2.8519855035193244,comgra
126,0.13697885033519153,2875.0,4.647948049853612,85.74529144360031,2.3547492514556856,0.7976245402108524,2375.0,1.8616330041969176,4.941310577092138,3.28869202940684,0.3988950818694719,3656.25,1.2976035928925431,1.6636030913040258,2.8208630631783165,0.6386876967296834,1890.625,1.2450740278214405,2.7676887583090353,2.3738689480003305,0.7913309521389947,2671.875,1.1606730198998279,4.792277581417351,3.3069019329904314,comgra
127,0.7495231572639853,9046.875,5.3870040708334646,3.99238504077573,2.7423445649273157,0.7624258400182995,6546.875,2.744358457856636,33.67369582877285,2.2402847295134256,0.034334528600816316,2890.625,2.6170547138841007,93.19997728571171,1.9112963344111389,0.6495178129719801,5671.875,1.884503422383741,8.559636155660485,2.3316154769799464,0.6346608246274117,8578.125,1.8800123505953088,5.474365014264664,1.9435635963232791,comgra
