,peak0_accuracy,peak0_freqency,peak0_prominence,peak0_width,peak0_width_height,peak1_accuracy,peak1_freqency,peak1_prominence,peak1_width,peak1_width_height,peak2_accuracy,peak2_freqency,peak2_prominence,peak2_width,peak2_width_height,primary_label
0,0.2778279602008692,4171.875,5.4884503932515285,15.231827589253669,2.7651716943446183,0.45869140409671294,3421.875,4.691936734866124,11.08425036182501,2.8238736996673848,0.2871330255057972,2984.375,4.018119708223709,18.236221434193713,2.4509763190246265,foxspa
1,0.7250198358989765,3687.5,9.32930259702592,3.6366259481633563,4.914424571996347,0.648269214554619,4265.625,4.1469611288472015,2.8430835212042784,3.081153136573679,0.497652007101068,4343.75,1.674259442822612,1.9906519268231482,3.1149313687892795,foxspa
2,0.14005745056107466,7546.875,6.053746635612046,26.745972757141146,3.10432495598744,0.7032347709622803,8250.0,2.5666529969742813,3.3696670032488782,3.9932223002127016,0.6949558121962263,7250.0,1.8714688249899307,3.278213583414584,4.047500373280897,foxspa
3,0.28046207307942794,3406.25,5.951075388336524,23.62627370145089,2.998072791023826,0.5198175744002975,2906.25,1.5770088750867994,6.247625569080924,2.493203223720717,0.7347998061749091,3515.625,0.8838893524449776,3.7707363089618866,4.423673297425909,foxspa
4,0.2319935419620928,3187.5,5.5272791675641395,36.45802676130359,2.7992412726838007,0.5750707865426634,4640.625,2.2660666511710064,14.119998837412028,2.3461012380647426,0.4581505632437113,3031.25,1.2952484318655726,1.8455311238973884,3.843866211602154,foxspa
5,0.7023682404836186,2875.0,6.293929005363282,3.3598564938932896,3.1889567170552877,0.4252841118117726,7375.0,5.942863426924528,8.69995088488389,3.2309699903126265,0.6684102270223179,3343.75,3.9106480384319378,3.0157745548663395,3.3357343305549625,foxspa
6,0.2119765125240367,8750.0,5.4045636583030365,15.227972504266289,2.8119486999374645,0.7423625252354509,8687.5,2.2556168846655766,3.88142292154464,4.239980872564193,0.4394994370367138,8140.625,1.7900548724452894,8.920597641446989,3.480696131643917,foxspa
7,0.3682510757414177,2984.375,8.311586338809509,9.497443952186499,4.1719445138136075,0.7158401870734252,3328.125,2.660095472308858,7.038292921866429,3.636761130791121,0.5986759053316302,2593.75,1.0775707051793275,2.4917517121077424,3.0236606779536794,foxspa
8,0.5117387647089203,3625.0,6.387955293328588,18.432755560933693,3.2041573173399067,0.7919571961711199,3046.875,2.73418594655958,4.806703147600928,3.5271640825319293,0.5887529086740646,3406.25,1.454879785864569,2.431628140580444,3.5321672755863966,foxspa
9,0.4727406716400524,4140.625,8.164281378751474,7.5863996801006675,4.083421794370681,0.7069922887255446,3531.25,3.579147521312932,13.65151784777865,3.663069595952328,1.0,2421.875,1.8282755278953036,4.6245368143153485,1.4834350476350189,foxspa
10,0.6940479686899174,3875.0,5.350149281016704,19.610917352985297,2.7883505704352807,0.07881015695299087,8953.125,3.748236365974496,47.7643130046481,1.9827898515210989,0.7242072869723378,3750.0,2.0587288782735587,3.625911609563445,3.8473418762476035,foxspa
11,0.16883664622124084,78.125,2.1535996580118173,1.2031329286278691,7.034367716174272,0.1822597423627268,5593.75,1.1978774712620757,41.57799458013409,0.8498754661715255,1.0,296.875,1.1974331298426732,2.0405683440742486,2.004567110722169,foxspa
12,0.6975878544172953,5468.75,4.038634840950796,89.28212836152754,2.0921877960368835,0.776721277204945,2343.75,2.0444819506253995,4.478707095247444,2.1718123463732555,0.6175086623395017,3703.125,1.9194766211372043,2.6144382932081096,2.7129378773548507,foxspa
13,0.839582418748615,62.5,8.972640295781199,6.233730693351705,5.892902025865264,0.7364727799718087,3437.5,3.2947393645188483,3.7946744169085207,2.148333452490026,0.4475249183659717,343.75,2.2244185646279035,7.240145543160782,3.3205623002663023,foxspa
14,0.1458457537450567,8156.25,5.2263453793871655,22.244225891641804,2.6570200631835013,0.16292637504398566,7359.375,2.4612800729951005,23.892760927751056,3.707935677398308,0.7935753808713346,7953.125,1.6579255854852055,4.844383408437807,3.3581612799604414,foxspa
15,0.555008366566308,5218.75,4.208396825968998,96.631030269488,2.1740030291607764,0.21784790951455849,2734.375,0.9402063331717072,16.62080835446156,1.7018378294644751,0.3874997417915171,3140.625,0.443028827426591,9.795914237733626,1.5379975215048125,foxspa
16,0.8694721645345895,3718.75,7.38222449588969,7.661201125678643,3.691425431101172,0.6784979458462161,3421.875,3.6489126704851023,3.1104000334681245,4.500515057778758,0.3938631381782201,3062.5,2.4223417885773024,13.198339358466885,2.479391835845413,foxspa
17,0.8732668614071182,3562.5,7.371345546913598,7.890596028023936,3.6859466237535012,0.5844320103388969,3796.875,2.775587884684249,7.219035331490545,4.36314894611401,0.4584485992861294,3140.625,2.716881834048305,12.92582752213849,3.0162707146354144,foxspa
18,1.0,3609.375,8.990028056253017,3.4131805295498343,4.528578078313119,0.6207202895143276,3406.25,5.300479316721333,5.2731531497927335,4.921077672767524,0.7843247637025094,2953.125,2.3864158043698662,4.636600924459657,2.7071414840723382,foxspa
19,0.4341855165341387,3421.875,7.418009214618165,10.60418242256256,3.7091964546314697,0.6226664826486139,3015.625,3.8848974786070976,2.650175386006765,4.27691506250156,0.5961462984480389,3078.125,1.5278047799782426,2.4761441981517582,4.080481058081518,foxspa
20,0.6277569390343483,4171.875,5.840674875529313,10.745667063943188,2.9231692876326347,0.5939297964483772,3859.375,3.1954807771090032,14.77577016861133,4.205212421994465,0.3048238486612681,3000.0,2.570085254465224,12.946358966239414,2.60641612986956,foxspa
21,0.4287294910680195,3500.0,5.206307321318159,8.752421001650788,3.322196648890177,0.3368059544411767,3171.875,3.5036841778415577,9.047125860341907,4.024733866683594,0.7744173902124757,4562.5,1.94268952073646,4.432965825432632,1.7634878189537266,foxspa
22,0.4789797256973321,3609.375,7.466116779575329,17.27379997265092,3.7880798360187735,0.7105313664329727,4203.125,4.145333065889312,3.4546057293922563,3.4958068014083827,0.600350319749615,3156.25,2.356777049731924,2.502191417677324,3.299393188716455,foxspa
23,0.6290769121231388,5546.875,4.536095121249394,67.39941733769746,2.3141889762695365,0.4766995035776958,250.0,2.3649803098835465,7.643791716895285,1.3399194084576005,0.28708177824390924,3296.875,1.8536401615869496,29.45639395816241,2.1210902896763484,foxspa
24,0.18962322543966148,3203.125,5.555382716936588,40.721798842154385,2.791814392492834,0.6173939566302822,3843.75,1.7473809494267325,15.681926890532965,3.4665144257546983,0.7363794949051039,2968.75,1.0736633485713067,3.7933316288883816,3.557759879964501,foxspa
25,0.6023230204111368,8328.125,6.590992125234862,5.029207378480123,3.326894864040963,0.7601701931131919,9078.125,3.1822806900465697,4.169623505021491,3.112832253454659,0.7516456217216858,8531.25,2.667265584204769,4.02650441249466,3.708266644649954,foxspa
26,0.21019897834076728,3250.0,7.667979321294409,16.459841964611908,3.836347202252882,0.7580500140974367,3515.625,2.327755771544896,4.133085589030428,4.235327623055683,0.7729579218640928,2453.125,1.153983522972661,4.404469903598226,1.1733649757946931,foxspa
27,0.21072110654752307,3343.75,8.200745234118592,19.00468912121385,4.105125022049517,0.4188856801256877,2265.625,1.5078377934508036,8.604158990749768,1.1120320601089837,0.6357136194739255,2593.75,0.8737446864626737,5.4901860374569935,1.5353650590981975,foxspa
28,0.19296161127908806,3312.5,8.895283114606723,17.34737801282145,4.455599273602999,0.5051759179939099,2250.0,1.4648624569843465,6.062760704445823,1.1168309892266428,0.8416942228361658,2593.75,1.249993102703137,6.316888858484787,1.7621314141086553,foxspa
29,0.22956933736405194,3312.5,6.179145089499188,23.36355609006381,3.105335742713036,0.6276690400822865,4265.625,1.7224522785638912,2.6857825635048016,2.94980335227032,0.7972572604115187,3437.5,1.6627889748668636,4.932359116926988,4.0728827646386465,foxspa
30,0.7928264699682919,3125.0,7.156383701522398,24.134357315023518,3.592127399002424,0.6271991549936395,3437.5,3.769875811655627,2.6823973534258982,4.211715246504364,0.5207222435212555,3000.0,2.9565741578399654,6.259418384114071,5.404367325610262,foxspa
31,0.1694914394476924,3156.25,5.307986810099005,42.14285278013772,2.677987939732993,0.6423850175353921,2562.5,2.1400259404872592,2.796303424169224,3.0273565228772634,0.3379349181749408,3218.75,1.850838396531127,1.5104255268128384,4.255143565751266,foxspa
32,0.1811998539799692,2781.25,6.60576432615802,21.98338640691896,3.314900388330328,0.7070123873046701,3343.75,1.2230251948124238,3.4131135811529134,2.3028505397653665,0.10288588114826193,6718.75,1.1551556654167667,156.0559543742251,1.2765107635775377,foxspa
33,0.1833395786818808,3500.0,5.204231133647253,34.28597648311032,2.6080576348575897,0.6917342349212592,2734.375,2.3353129356451614,12.975816497100395,2.8711825088330687,0.5736149065174645,3312.5,1.991564509807625,2.345297749113172,3.9716667634787015,foxspa
34,0.652331852173566,3171.875,11.15338030467685,5.752612117341442,5.590394294696872,0.38655717970905457,3812.5,2.9281556827986766,9.780862700706649,3.1047167096569286,0.3690093365407941,5656.25,1.0656083712908018,9.508857020335142,1.2730894694573616,foxspa
35,0.08244623187780054,3296.875,5.337198440847407,39.2347579517602,2.66915366138515,1.0,2796.875,3.0069519994596097,4.955031449901213,3.5284306572812314,0.5116622530665937,3531.25,1.1177528166630042,2.0477630621012963,4.072841826907199,foxspa
36,1.0,3546.875,9.716369465306755,3.976448033852904,4.858373506003515,0.6205299662368199,2906.25,2.431551534912653,7.905762598034926,3.1252288497949223,0.5119516002464735,4156.25,2.00114763864591,6.146931332046279,2.2966754621675625,foxspa
37,0.85723864204155,3531.25,9.325946619571567,7.004696609085528,4.663324149621953,1.0,2921.875,2.878230694199265,4.423974016783434,3.4722542401757783,0.6663609908287658,3812.5,1.0704196498624805,2.9972514379659003,3.51900803172812,foxspa
38,0.575213968863959,5078.125,7.2647711660500836,11.770631879367786,3.87325518386843,0.7185120524279156,4843.75,3.8851771922790386,3.5525499710566346,3.297231106377573,0.34969448379703616,6406.25,3.005364510988629,9.226432577464664,2.475098746766851,foxspa
39,0.2695425803973527,828.125,4.534925936132171,39.701150569153455,2.8163986351163577,0.4609937435144759,1328.125,1.278209400878282,7.421064137698793,3.0608062029212086,0.5425682873420948,3312.5,1.1151789755428667,2.186118654059868,2.0758355082555617,foxspa
40,0.3668009753666188,3281.25,8.13692942935716,9.47569368647396,4.152046952599134,0.7167641158671254,3796.875,1.795779207807204,3.5306260824312403,3.2563890634181183,0.548577943354303,3000.0,1.3462353593809857,4.430443684699528,3.5723072632255395,foxspa
41,0.16948873311403567,7500.0,5.9567446086328975,20.469318933796274,3.3929718858335107,0.709079992396052,8296.875,2.6814241359133413,3.437371008739205,4.207251019931259,0.6508632316195242,7812.5,2.5686463406052256,2.8642070688763397,4.234547391975121,foxspa
42,0.4235981023486779,5156.25,4.090438766570118,140.5269488703152,2.181660617785261,0.7217093155971539,3375.0,0.8092203263982269,7.186729962921988,2.163299624912084,0.3054269027323607,3000.0,0.5633213337341479,12.957599474273962,2.223039116360776,foxspa
43,0.07307734211394767,3046.875,4.888064522726039,53.94193309939194,2.521570923964373,0.4948480530296507,4421.875,2.179491983995251,7.918409547840043,2.6195107118343044,0.8000426007716117,4609.375,2.07607766865092,5.001065246191843,2.424177561299488,foxspa
44,0.09656996599730994,5203.125,4.2951896865486665,42.061917990084055,2.6905549398041453,0.057633592160577625,2140.625,2.7219085817873623,57.30255190632975,2.7556393313418006,0.08166124891747617,2781.25,2.182506307970692,42.46798902259911,3.572814501629489,foxspa
45,0.04949866599863717,8390.625,2.25981189108074,114.67632511480906,2.3892653061402025,0.06925170836423933,2328.125,1.90080014699872,48.34819510752357,2.3365886726126006,0.791269963982479,4625.0,1.1655933887650978,4.790877341275689,3.645775075622504,foxspa
46,0.28395849759191005,5578.125,0.1564354886234426,13.965670937186475,0.1132728557659437,0.6830923324743017,656.25,0.107189290751151,3.1554932318540665,0.22002580921405465,,,,,,foxspa
47,0.4969983867086842,5546.875,0.3167261937887143,7.952260776713217,0.18032683996368665,0.12035623184955092,7812.5,0.14238474600416012,30.694243485372,0.16227812785638826,0.5241868436446984,5234.375,0.13030948259763014,6.304995900028928,0.2295018023491104,foxspa
48,0.5738576920278209,3781.25,8.410024771663974,7.039901797771876,4.346128618778161,0.5625066775425416,3312.5,3.3861622643622806,6.857247518998919,2.9653421895940166,0.3057410588576135,5968.75,3.0435054686579326,21.605771436400747,1.9351397711350389,foxspa
49,0.5623570581989472,4187.5,7.234677679078492,6.854903194951477,3.6318093676967815,0.4727565535774969,3640.625,3.551528616914217,18.96657050524354,3.1540352813506267,0.4243995932452791,6031.25,3.1803945272933944,19.1104798935408,2.11234343602342,foxspa
50,0.0569812548922376,7718.75,5.125824121594164,61.50460985096549,2.5769008185996576,0.6858039063069341,3578.125,2.430995321511987,3.182725756536257,1.4390857261115206,1.0,8265.625,1.7508290570543878,4.801108864871253,3.418047312991937,foxspa
51,0.11383614503676255,7718.75,5.045873186483691,27.083027439655208,2.834291138318476,0.11302384961056433,2375.0,3.997963841298217,27.058224721671,2.7099946871513585,0.6341042417133707,7609.375,3.3895713934098723,2.7330188376128604,3.263159522171864,foxspa
52,0.33156715540204873,3781.25,4.9230077767119695,13.464329397836993,3.16179494503124,0.7879060993546014,109.375,4.164932201236404,14.14467832818881,3.2092640174028326,0.11772937446197194,7531.25,3.69616689819987,32.86973311880939,2.2265662370455352,foxspa
53,0.6465116131857724,890.625,4.4461583556374675,84.86841751824285,2.724037248711052,0.3980819790882815,10140.625,1.6523649115595318,9.968134848183922,1.0660685051840988,0.5473872221433154,3796.875,1.2124028684764163,8.837576391328838,1.2786010491012103,foxspa
54,0.10910198829216924,2890.625,1.1588421869188579,75.20501687007086,0.6751759600923956,0.17496280028327071,7796.875,0.6820536352081118,21.81719806837821,0.409507537217827,0.7559609753977424,3390.625,0.4587041020991128,4.097705281480415,0.9850571900994298,foxspa
55,0.11877547162143864,3031.25,0.4478310082136119,39.7174600489156,0.287944122036379,0.15504346373481193,7296.875,0.19238847395946448,20.11937806309197,0.13224377677813548,0.6802719220871436,7984.375,0.1347374863431779,3.127657747570596,0.15109665103514006,foxspa
56,0.9400169187304906,3062.5,0.6691226466310621,16.671367639600078,0.4079865531458197,0.4496716716359641,234.375,0.26493980992848026,1.8170970827046204,0.4601947579701256,0.6354645977550517,4171.875,0.1916789245117185,2.743217788564891,0.26129508007504154,foxspa
57,0.6173972625369768,750.0,1.6787417301144765,2.6136770652265544,1.0822816564860618,0.7878688876992441,3468.75,0.3758323968776357,4.714065698115121,0.2876956471040581,0.7032802022066912,2031.25,0.305169740716324,3.370182938371329,0.2743164453797225,foxspa
58,0.4994143248014826,3437.5,0.4702510136208939,7.990640160475465,0.3338427945277121,1.0,750.0,0.2475124908628553,3.003103472114958,0.37343587940987777,0.6770533606099176,3359.375,0.2451215775489017,3.096486781496168,0.4359903638702333,foxspa
59,0.4676586155383948,2984.375,1.8326892343006589,7.513975273677971,0.9986593483096284,0.6372531896309954,2687.5,0.4233670930162251,5.513487487224211,0.7324416931392019,0.6493994103057006,7968.75,0.2564430240141743,5.7044969654610895,0.1622541293049785,foxspa
60,0.0990578591790151,3031.25,4.431823810416822,35.51837409985057,2.4091462628620044,,15.625,3.394328451388533,1.483719400033738,8.900923570501085,0.6989884659030356,4281.25,2.4747144881533,3.3221318345823647,2.7331330819913457,foxspa
61,0.6397304700291523,3843.75,8.666501011848098,19.429897389785992,4.417835364620228,0.7125586380542712,3046.875,1.3349728321116636,3.4789704349814774,2.3570071721786934,0.3758174647289386,5296.875,0.7458587309777298,9.612572702622003,0.4966094203882115,foxspa
62,0.6476426163993196,3859.375,7.4052538131415275,17.028165945288322,3.8002475017864947,0.7291536898707947,3109.375,2.071190079235394,3.6921307863598254,2.994445791768372,0.7220626674275737,3718.75,1.5354634949684989,3.5979333569354712,5.480670295069571,foxspa
63,1.0,3906.25,9.14316822176993,11.605741970839349,4.627999112149976,0.5493983706436625,3703.125,2.685853863991146,2.219255179854656,5.3655290477043245,0.5111042422300156,3843.75,1.5462990756348276,2.04542580725456,5.876435597283184,foxspa
64,0.5247581906707129,3515.625,10.831019183182983,6.312575916319162,5.588794180741915,0.3798772975223158,2921.875,2.2985042951947663,8.062920418850382,1.4957769966233023,0.6551192652773918,4843.75,2.077501446635484,11.598212359461739,2.0456382039091268,foxspa
65,0.4198171438388233,171.875,0.35910578740548393,1.7235945346895891,1.2075887244861945,0.4799450625151209,5109.375,0.1686130869823123,17.305863960308386,0.12386454515771778,0.7550363613595994,4671.875,0.13077177717765626,8.164477026469799,0.14235495690143454,foxspa
66,0.20429546901867668,5328.125,1.5095777910725938,40.215932867109814,0.7939775177463232,0.8521573257942503,4937.5,0.7011688437826639,6.7639469143281294,1.142482892439224,0.5317124160236184,3734.375,0.4464358942274453,4.2708798363120195,1.0098362226493895,foxspa
67,0.2040164530577223,7781.25,6.167031074115782,18.844610617419907,3.1942996492183404,0.6457542216720953,7593.75,1.8807367076728632,5.645797698536626,3.6416953580638234,0.5433932804209349,8593.75,1.3982129840187816,6.570205543110774,3.034091120838032,foxspa
68,0.21124807676392587,4125.0,3.347736202984805,59.58781033099664,1.8612993263217448,0.6245840695284035,1421.875,1.0536187839440032,13.31856107895851,0.7298298101053879,0.7758863471473454,3796.875,0.5589885482153134,4.462021779000934,2.4353446598676967,foxspa
69,0.26242994289844146,3421.875,7.6404422657213855,18.981247767860907,3.8394487044180816,0.7364578281025246,4484.375,4.376033161236309,3.794459128875303,3.3082688416708863,0.7494097379086837,953.125,1.7375083213234146,3.9905780522133583,1.0838647017701608,foxspa
70,0.7399590847109923,7203.125,9.122942724890953,3.845548685631286,4.623286360198232,0.7295795816089523,7750.0,3.621561236593612,3.6979456135369446,4.408923713836842,0.767962672278695,7609.375,2.613887817621386,4.309651424709898,3.9802570768319,foxspa
71,1.0,46.875,6.869935982997223,11.53178487100465,5.276193896908748,0.6425018787880906,1171.875,4.217618202211152,5.594434995126831,3.574392974191842,0.6638787858593183,828.125,2.047765024027284,5.950234367423505,2.7887181452029792,foxspa
72,0.6318701081991188,218.75,0.7774248343221991,2.7164324937266784,1.6611580598521711,0.5159362018459641,4390.625,0.5794372195897042,6.197530183914638,0.36564942490138397,0.5747623489726393,718.75,0.5651968703334536,2.351626196749116,0.5003300998561195,foxspa
73,0.7125302812561289,3781.25,1.9939427221110009,38.264899858202966,1.0536026845313775,0.7368262354974283,3437.5,0.6459752874147088,3.7997708544015154,1.2275271826083538,0.7383779001539976,4031.25,0.4224809206029228,3.822307062700844,1.5940754607996728,foxspa
74,0.95046291420664,5140.625,4.690404586727436,20.186896019104093,2.5011347961337798,0.4648557461501627,2984.375,2.6728346951352018,5.605965080289934,2.3675854382450665,0.4073635076164383,734.375,2.2027384763434403,21.935874970699977,2.1836385896743518,foxspa
75,0.3756254290213445,2953.125,6.7745870670559105,9.609616212581331,3.4092193666827293,0.6738619744743832,3593.75,3.497668951837833,3.0661864662618257,3.813703907479239,0.6211168049701603,2484.375,2.9558261634725023,5.278671702086143,3.514767613631226,foxspa
76,0.1569270247122535,3093.75,5.286963449820608,46.2593407014251,2.657711230614201,0.6146111938627081,2375.0,3.201200637961753,5.189564326078312,1.790232574898699,0.7178110582485062,4671.875,3.1450457827806595,10.631174919114699,2.3516597225463296,foxspa
77,1.0,62.5,5.747422596698057,5.408945958356076,4.4870000157894525,0.7531451456622282,3656.25,4.486183144705188,60.76445221318389,2.3757833434176976,0.8883481100278801,4000.0,1.1972094274641751,8.956409069740829,3.661743605586945,foxspa
78,0.3602805822300155,5656.25,4.196300787203629,51.58511541674881,2.2176937710591664,0.7654767836236098,125.0,3.5957904290044125,4.263970175110867,4.719086198924831,0.4393436502820423,46.875,0.8228383485107118,1.7836237839864957,4.308225411688463,foxspa
79,0.22399569201616554,2703.125,4.460450552945612,20.61844223722184,3.4845024663822635,0.12252380153769947,5187.5,3.239671403705497,29.63043333319206,3.659154659919152,0.24688391047975755,6953.125,2.3751256544578334,13.278165397276664,3.896623481524202,foxspa
80,0.17647479027747093,7906.25,5.411592787356629,17.000086742598967,3.5113562690660585,1.0,7218.75,2.6825380294024637,3.7671467316769167,3.8693220692861816,0.6125094478867977,8250.0,2.275042117227745,5.16141616638879,4.3126933494446185,foxspa
81,0.10124881769191564,7656.25,4.904436929261244,32.266995104835416,2.697008027424189,0.6327237249173912,7093.75,2.4657764038119963,2.7227459758327086,3.3613756798506853,1.0,7265.625,2.3076236557530487,4.419011579762241,3.410591696804872,foxspa
82,0.12585764515375086,7812.5,5.843489033425539,26.311503924375586,3.1148811705560866,0.7194306162474393,8281.25,2.2281494617596707,3.564180762081719,4.059345126846886,0.5815111911784315,7375.0,1.963828655809789,2.3895501598141213,3.784729011523413,foxspa
83,0.12079838375543328,7484.375,5.891290736119872,26.160097496456494,3.0680276291383217,0.4468862515952339,8140.625,2.6640244863481115,7.231785526099088,3.6882044894697055,0.431854048107405,8656.25,1.4300034164732085,7.040444425724218,2.8684601585150373,foxspa
84,0.7407353839983206,1171.875,0.9434043585013332,3.857063163580804,2.4479613800983846,0.542525811806983,2359.375,0.6757965804092732,6.557747032351132,2.761168922634062,0.6338108880842146,4671.875,0.6164169192857316,5.461658839435813,2.6644881627208052,foxspa
85,0.6542964900793169,265.625,5.7685942639898595,2.892652146428702,3.03961432601294,1.0,3906.25,5.41477991230812,8.452059669383146,3.0116252863661535,0.7669357143367868,4562.5,3.3656790088120605,4.290661682266658,3.4801202427124163,foxspa
86,0.2261978106633393,6234.375,4.0873087665942025,33.60031847711417,2.3626101383364158,0.6893575723063724,718.75,2.215269299050957,64.38270569957393,1.5864214127149074,0.7191152908467372,3921.875,2.0451544173564966,17.800897795656738,2.273152757136464,foxspa
87,0.034454525238527545,3015.625,3.046394915983444,107.71113605570164,1.9385983989372173,0.4460202476145528,3968.75,0.9233427431094188,10.830720751370222,2.6445464848029743,1.0,3453.125,0.7485791004104931,4.523066047665053,2.563047429786784,foxspa
88,0.16767451580988169,3265.625,5.112271499676538,44.453763224614335,2.587120827624356,1.0,46.875,4.683432397811616,5.32641577715014,3.691989123802437,1.0,2250.0,1.8976070339878348,4.555339002302702,0.9938182303577482,foxspa
89,0.639992782324946,3375.0,9.919689955867103,5.555444173914367,4.997300294094728,0.6486349446931474,3515.625,1.9873239099434223,2.8460428403350586,3.8221213162641487,0.6215242443098771,3843.75,1.7740127323054729,15.853063002832071,2.7220556413655435,foxspa
90,0.3133285797433303,4718.75,5.40978604780621,23.30080956918141,2.7519149201290087,0.7191854725413007,3062.5,1.957523375952933,7.122138651798025,2.2846590864973417,0.8124088138952468,6093.75,1.8730161647815424,5.330740856031412,2.2597599856035058,foxspa
91,0.20618980488185235,3343.75,6.165720287255857,21.41569874580634,3.092137346522257,0.6177495732200828,4406.25,3.4019317475959427,5.232172052358521,3.1005290478173166,0.6107096698749257,3875.0,1.7946734120045802,5.13755376188621,3.0813543289148977,foxspa
92,0.2454915457399897,4234.375,5.333499750595334,46.3878168659177,2.671929665244237,0.6638174689856333,4812.5,2.469247735081273,5.949149094586744,3.0997118951568554,0.3224449182441239,4015.625,2.011269103777961,11.807158141693947,3.699868305582074,foxspa
93,0.8883940636917044,4000.0,6.602109011228527,8.960096864719105,3.3929979387910083,0.3498321465697839,3437.5,3.6940530666725184,23.070965322049688,3.4239010431326435,1.0,31.25,2.201318983625546,4.586226390708057,3.0235601742288654,foxspa
94,0.8909656034613875,3078.125,5.6317983359451125,18.342835504131386,2.913012082631816,0.4785447332955265,109.375,4.313233691911864,5.7531301178710725,2.614736953346072,0.3703185242370717,3656.25,3.501993891744818,14.292940711167518,3.9306247161523737,foxspa
95,0.7549879234585638,3515.625,6.929187723761914,28.57002029782057,3.579516792609416,0.7922915953012851,4203.125,3.7258018905531194,4.8144416758220245,3.206235698565107,0.7540521338574097,3765.625,1.4847650209450594,4.065902321836943,4.776288938378221,foxspa
96,0.719091326140635,4156.25,6.262256273606264,3.559875835306684,3.3766808249576914,0.6969389307500364,3796.875,3.7679699370067263,6.5993299797619605,3.6522648557713935,1.0,46.875,3.4894008549137885,3.4167442392641805,2.7871705774022755,foxspa
97,0.3553022650801464,1140.625,4.95040991200741,68.24903767572553,2.649018843753874,1.0,8265.625,1.922634658370994,4.230123125862292,1.2835961999951788,0.3987602821978957,8500.0,1.2249988555148674,8.316150533564269,1.5119318338428118,foxspa
98,0.6993005537447103,562.5,10.480803325120188,3.3255797855743765,5.306052223268032,0.5395797487636724,421.875,5.141267779035111,2.1719287918261294,5.880636185062281,0.5365224145833292,281.25,4.028131757956253,2.1576016434559406,5.174226751205488,foxspa
99,0.6469865015533979,31.25,9.809248290914402,2.8327528675260085,13.138440364836226,0.6319356131562427,4375.0,0.39135238165776587,5.433831882379309,0.21002882942909887,0.44727788027791815,781.25,0.2321875941974464,7.236909574039244,0.1827743039077829,foxspa
100,0.7303468589986626,2765.625,11.582973164394051,3.708467834962249,5.7960210270423245,0.7571674496643138,2953.125,5.739775618513669,4.118064067678007,4.970195101934405,0.3084732420709817,3203.125,1.6624398772647808,11.568605130997925,3.5614463932896028,foxspa
101,0.1157651377603488,3453.125,5.45174230183071,55.415141488415664,2.734118049333263,0.5823124960211004,2937.5,2.4997324106464944,2.3941343479849886,4.146675305958128,0.7706583157215936,3046.875,2.377533603972424,4.360306340063603,4.217670125517986,foxspa
102,0.2567492921214796,3234.375,6.546231435980602,13.454410327496705,3.334535081904231,0.17323496178434938,5640.625,3.1920146532523463,18.14300231220886,2.2335866638267285,0.6014240825250382,4671.875,2.956397885252901,2.508932316671689,3.241767760324424,foxspa
103,0.05674444674551071,3375.0,4.209160181734817,62.54932695220705,2.172877999345888,0.08181585433921679,2031.25,2.321476849251228,44.65335215573104,2.5909616671873272,0.4231321115122337,4562.5,1.0441868935882148,8.667495798920754,1.4106830755332198,foxspa
104,0.7226259461505758,3843.75,7.4966606430005935,10.815719633346047,3.7562580850222456,0.6500733899615007,4500.0,3.7303939403529727,2.857742084518748,3.3665586064828013,0.4742135694249625,3125.0,2.670290488657205,7.607651638375898,2.7309919142716854,foxspa
105,0.4097368049773655,3468.75,9.303552537831633,5.082478503314036,4.684994660202089,0.7391690163620649,4125.0,5.840517670251559,3.833900352069065,3.7238329185314063,0.7822185133054396,3046.875,2.708288534188108,4.591758533646638,2.2992095639015417,foxspa
106,1.0,62.5,8.18694356954352,4.6259256082636835,6.66098409223639,0.6480378741138926,2718.75,3.594360633856846,11.36485918741829,1.838555530270364,0.6088938684905962,3218.75,2.6530110124545545,7.67055220643573,2.101629104044167,foxspa
107,0.3800306680867392,4015.625,6.369748323704789,24.19474517184446,3.2064697811225047,0.5261666896570116,4562.5,2.7513728524644474,6.331340440857617,2.8003838676148205,0.5425066077267587,2765.625,2.4531783687612707,15.300767438886194,2.1766072493782587,foxspa
108,0.8359674629525315,31.25,8.045697551035975,6.096351480015311,8.50054002326022,1.0,3781.25,4.249890699955839,3.788648089140054,2.17570483219999,0.7334090037096717,3984.375,2.1609392881849323,3.751064416710306,1.7095615396638248,foxspa
109,0.6194031015558219,3609.375,9.995865795966145,5.254903569040351,5.037849099310458,0.6225828045916851,3359.375,3.2340528704511837,2.64958780936871,4.558059779577564,0.69707288391848,3687.5,1.837919570912474,3.301124088643462,4.880993935403213,foxspa
110,0.3026966569758476,3453.125,5.803328972010665,17.209153118292676,2.9585399982170366,0.6386739764095597,3031.25,3.7689091977628815,5.535167326522213,3.8493357267695214,0.7717629605742655,4187.5,2.4552971240721866,4.3814097944667205,3.683734165510953,foxspa
111,1.0,31.25,8.544911473687613,3.60563497430772,9.578837003056151,0.1619210910865947,4046.875,2.8284605131249707,41.762177317382395,1.4385077581677566,0.4848901889880268,3625.0,0.8152221959813333,7.765334525742558,1.975123872875852,foxspa
112,0.6019881506992478,3781.25,8.213442794566152,7.537464035984242,4.171868047265528,0.5363099672937195,3109.375,4.438459195371786,6.469839307286378,3.4677481674313286,1.0,62.5,3.394120750223556,3.469434047022379,3.2173401908194856,foxspa
113,0.3267436100781995,3390.625,7.265716859623227,26.735728423002,3.6889791034527564,0.6895426428777699,3875.0,2.2189982644464035,3.221054283491469,2.2427275734997463,0.4859900582238122,4000.0,1.6712968532970551,1.9454876622511392,1.9043823077506423,foxspa
114,0.7753509150039142,3828.125,5.9781115299040435,13.354160779476445,3.078377141431482,0.8110934384298905,3562.5,3.46443380613457,5.293622369114303,4.248519903544225,0.8291338767259233,31.25,2.9742206901068227,5.8525351944455135,3.104609859166663,foxspa
115,0.4076128869121307,2984.375,10.312809731232852,5.0642560138795725,5.2444918935401565,1.0,46.875,6.851817105425024,5.265718891014898,4.576943342099968,1.0,3328.125,4.1529382351544895,3.088091297990559,3.0808391015304064,foxspa
116,0.9653689443532102,5859.375,5.1290010345156105,57.751632534637785,2.6439104770487942,0.6072056859330357,2703.125,1.8179266547539128,12.729308497952411,1.9981032488018693,0.7967276699305228,93.75,1.4248009959500292,9.839017436935034,0.9109519710985954,foxspa
117,0.4134335853666928,187.5,10.723351704294997,13.638694273011199,5.404475230081917,0.3952647285902553,328.125,0.9282822536365156,1.6536161313508693,6.114563754502018,0.5945790937862523,265.625,0.7224792942659342,2.466572356465445,8.069662890400208,foxspa
118,0.7820222310362852,3406.25,13.445462153383055,4.587623796472856,6.722940832983228,0.4462546589655863,2671.875,4.254931726281627,7.223537073066609,2.5784820085184657,0.6358042444826772,3312.5,1.8429822082458995,2.7457760966476603,3.83304456178299,foxspa
119,0.15142149210341296,3218.75,5.799712067389151,30.639475025649038,3.0159950207397994,0.5509499523900276,3515.625,2.4145722200174857,6.680769807212414,4.416184823426142,0.1966498137439497,4828.125,1.4553200861243034,16.182233131214502,2.0788545897197266,foxspa
120,0.5555872652866337,3843.75,11.079564047103656,6.750481625903263,5.6705244764268485,0.6338962713327496,3218.75,5.3612157289885065,10.925865231041056,3.3097608338297277,0.6863293999937774,3296.875,3.2855433562852694,3.188057790497936,3.766193967794464,foxspa
121,1.0,46.875,10.965168608560894,8.282836185863623,6.202239600309558,0.3798616481108877,8187.5,2.084666855765527,8.062716948191678,1.1520870633422742,0.6902823982766302,7531.25,1.361489165121336,3.2287477186820297,1.2373099825835037,foxspa
122,0.2607949902526041,3390.625,7.717449564992533,17.586460898638133,3.865921226164542,0.5676735557664935,2531.25,2.209794591958334,6.939200782221064,1.241414841621454,0.6967420233872177,4718.75,1.4575386988846186,3.2975224960920286,1.456981108758961,foxspa
123,0.5481970430517787,3609.375,6.89715290123718,15.493479828646256,3.511130192780024,0.8904703985862769,500.0,3.890695260682561,27.389855904507336,2.377864609824865,0.5393110837081789,2734.375,3.3554203273345875,6.511986492203048,2.831425367438315,foxspa
124,0.7492454136490352,2796.875,5.517926004254415,7.9759259007160495,2.77057773952722,0.2682637151827396,3281.25,4.839690440919512,30.065476396997525,3.007020252299152,0.3368702592268802,4250.0,1.1234677618818265,9.04800317507221,2.656064239528013,foxspa
125,0.5217480107643093,2781.25,6.355347124368991,8.36379166219993,3.1890869900578527,0.06951710546513999,3093.75,4.584686437686778,51.58611757607298,2.718884066726234,1.0,3328.125,1.8378082010023205,3.941361830295193,3.765289003593688,foxspa
126,0.16319193154714984,3468.75,5.8658083076682805,33.460480432231456,2.9499902543265337,0.720594322083177,3828.125,1.7160215708255522,3.5790253349743746,3.1138903790847605,0.6371401619262177,3609.375,1.3682111832222503,2.7558850417517533,4.305742279071207,foxspa
127,0.25625886179344104,4062.5,6.089319383898803,12.100984519563356,3.0556014245393053,0.3257164023362318,4734.375,3.403517913740245,10.381388519983773,3.2219417342938543,0.441504919819644,2921.875,2.763567661642228,7.1621042726254105,2.6659770126102806,foxspa
128,0.08324197878460071,8203.125,3.633769226510124,37.087212997519494,1.857872108229342,,15.625,3.1665178578584183,1.5624881821904817,13.40145341703818,0.5447103855441688,7953.125,1.4175678151683546,6.589212458943621,2.639312041253584,foxspa
129,0.8847569016436778,62.5,9.3926142484386,8.6773092207924,6.195875537490702,0.9567334980080856,5125.0,2.384903244627176,46.22513741401497,1.4717240942753511,,281.25,1.6405116134478317,1.7865869984322271,2.6932038586207288,foxspa
130,0.6645766219940199,437.5,6.079075298302048,32.794374874502296,3.217909970462251,0.7985427883233029,3296.875,3.817124634612489,4.963833221343407,2.2761054660348776,0.6893782686752388,4281.25,1.9298540094916248,6.438699544524013,1.4622281120421845,foxspa
131,0.8481182691095914,500.0,7.070938687817278,26.336281372025123,3.8150276907311342,0.7622421724870744,765.625,1.1729434943565815,4.205960369256972,4.358053953457052,0.5508675350087489,640.625,0.822575820005973,2.226514620846835,5.236694414942405,foxspa
132,0.7383131357836588,1453.125,7.2235837666698215,3.8213610873997936,3.7831971124396686,0.6268317292639161,3250.0,6.137569357338054,5.359512468878847,3.586753166763375,0.6761804396489142,2906.25,3.3602854365686348,3.088139576608029,3.386738727142692,foxspa
133,0.7330716497647018,593.75,7.10950632772744,29.97058945948595,3.9440947161589466,1.0,3375.0,2.1633351654948783,4.371454659701868,1.9779125676846296,0.3723846106192532,1468.75,1.8928080319499865,1.5933325041418698,2.6513829642375217,foxspa
134,0.4924307941248756,3390.625,7.9455322498006655,13.791222790852654,4.116449130812874,0.5115788928707421,1781.25,5.7590044051078975,2.0474135646544767,3.3785596355525267,0.502098734216482,93.75,3.7629446427801057,4.016860645760193,2.614225937084628,foxspa
135,0.6247669065412838,5921.875,5.514421256936967,10.660040571395086,2.7821888766189558,0.4136055832126214,593.75,3.4481942332550988,18.758705207775712,2.3287573779102977,0.7374347731998397,5593.75,2.551864641787231,3.808577442591457,3.5824137521812145,foxspa
136,0.8826740477100935,93.75,7.802292893351728,17.046526884845573,4.4167519693426565,0.2365975949673784,3609.375,1.260821867965427,27.50842787704164,1.0756357427508902,0.5001606489806094,1781.25,1.018246558654805,2.0006428024535547,1.2883392135899632,foxspa
137,1.0,46.875,5.465547990883047,6.1979195244580385,4.873889994906897,0.5021282564151535,390.625,1.8606478463012488,16.068395330888368,4.227046037735694,0.4619120882642891,3484.375,1.7966611101180483,7.43372953147599,1.0913011766184375,foxspa
138,0.7526740367628058,3578.125,0.7513860196318681,4.043247166254702,0.4707589243975651,0.7721290100304776,2734.375,0.2255363873486099,4.388448043051682,0.2644362084646114,0.6188479011604412,4218.75,0.14399929572587608,5.2472490800631135,0.2478944049966212,foxspa
139,0.6088356527465628,31.25,5.0512706701628725,2.5564702075265964,8.753990485429693,0.7148970374671457,3578.125,3.0422650420854698,7.01500953280879,1.7331783578107467,0.5945971674730312,390.625,1.2511120239329063,14.800093927811565,3.345967092529256,foxspa
140,0.8157377458596052,3546.875,1.4575084651598489,5.427047469190684,0.8323187093407515,0.4144115442515829,2921.875,0.4639300170370526,8.5384196886356,0.6567139753138712,0.5615002267375317,4250.0,0.35752066171553426,6.8415086687041935,0.5574237600700237,foxspa
141,,15.625,6.375556169983518,1.5915449323937398,15.60366698814208,0.5617066216548139,3484.375,2.483410799360709,4.56315358345401,1.3199664277612448,0.6975474818294523,2828.125,1.0776211089391174,3.3063040970818345,0.9704397713799608,foxspa
142,0.4887156407817449,3500.0,3.7608919567142425,7.8234350961095895,1.9596862749450517,1.0,2796.875,1.823582291841334,4.64021805445654,1.6278416045233883,0.5971218585741537,3812.5,0.9051083209351564,2.482140124209394,1.627459770542025,foxspa
143,0.7557801011306287,3593.75,10.10260695562865,4.094670436887213,5.118320417815567,0.27368114204157995,2906.25,2.693843208651612,12.391251998189516,2.9457966000010334,0.6351801194820892,4281.25,2.172153668109959,5.482157379035187,2.810357266031484,foxspa
144,1.0,3546.875,6.5043472096397,3.938397675291072,3.2995020605106187,0.6073871510435445,2906.25,1.6910333610547836,7.641115179938311,2.1032687142716737,0.5742529980162892,4578.125,1.3249089924762498,4.697625563260033,0.9881482301055712,foxspa
145,0.8779207176330799,3531.25,8.934190343246115,8.191398086650054,4.5252659803542095,1.0,2921.875,2.7835458299121543,4.476236579831465,3.4607254451330047,0.7833720243712015,4078.125,1.0827177624423987,4.616208950378336,2.189407335505922,foxspa
146,0.7984958157338126,3828.125,6.290860423170465,4.962676103435144,3.570362128782958,1.0,3328.125,3.165711152476061,3.4871492586169954,4.119540194085118,0.7751185290486314,2843.75,2.4543426174947807,8.893573986060005,3.0227842812629824,foxspa
147,0.3438221191598204,4453.125,6.561707300693848,10.667839018037457,3.5127334498613867,1.0,3546.875,3.1216853947857874,8.458074606012218,3.652332490822178,0.7001233245912868,4296.875,1.4637354256911936,6.669408340192264,3.9533378888377335,foxspa
148,,15.625,5.538383396833929,1.128169440992439,16.461633905826012,0.65882136997972,4500.0,3.040930508943342,5.862031862549884,1.6546636484689987,0.647770461981662,2718.75,1.1414344374359455,5.6781155017608835,0.9634139716593192,foxspa
149,0.6553956560674791,3546.875,4.505890197667314,14.509393418961313,2.4405403707800484,,15.625,2.497689571678782,1.1910895780642503,6.562637102608128,0.3457706770948097,4531.25,2.321649972541562,9.171096112531645,3.1751794177973722,foxspa
150,0.2613072312274539,3296.875,4.912145993263199,31.136083866392934,2.8756662288575026,0.5239003684524055,2796.875,2.926632204731346,6.301202103955204,3.327711216475476,0.5063725003656199,3218.75,1.1828612895873265,2.0258190654707846,3.6668990535151766,foxspa
151,0.716302979457139,3343.75,6.921664229833247,7.0497744254520285,3.912617286031825,0.6984501217945769,2750.0,4.29278493728107,3.316200974615469,3.3235211612623536,0.7645879387109369,3109.375,3.774617759999084,4.247870710295075,4.345107421422926,foxspa
152,0.7720669762397371,2765.625,5.936281613695017,8.774507383816285,3.1616421159795167,0.3518933681141901,3500.0,3.3273110416362917,15.429559748374714,3.0781035320977788,,15.625,2.5964680564764007,1.7576799637260412,4.315237985869335,foxspa
153,0.5350310051329434,3234.375,1.066496699427958,8.602724147539504,0.5490066869514305,0.6912718418499924,3593.75,0.2867263830240662,3.2390955395591448,0.6432044891829649,0.4714006089790552,3000.0,0.2727464523491131,5.675375437352956,0.4834333556858267,foxspa
154,0.3234221610890633,3453.125,6.968261123565682,14.780265366209221,3.601381052926938,0.6079917607071997,2859.375,4.890272508856556,5.101933580804541,4.350081410926526,0.6963881203180048,3734.375,1.2450439629478516,3.2936787620016896,3.774674440766828,foxspa
155,0.2823867975149801,3312.5,0.4007050254635889,27.87016728613977,0.27138824848992216,0.3806109112878205,5531.25,0.17530027488887462,9.686964315879493,0.12007266543515592,,,,,,foxspa
156,0.2965371415384005,3312.5,9.475412571190594,11.372313269665966,4.8205704230958535,0.6260565242774467,3578.125,3.2194294778081742,2.6742009552854142,4.101203482691831,0.2042341568042917,890.625,1.6703756740445292,18.849766081642365,1.2903332293269314,foxspa
157,0.25893978142037666,3265.625,5.177056244729584,26.98836005302462,2.5974015678239177,0.1581509508109643,4671.875,4.429888820043644,24.945089645500673,2.2560536819547803,0.7574420799797958,2968.75,3.070165108931824,4.122726645729415,3.5023940015100843,foxspa
158,1.0,46.875,13.29846068688309,5.115718556420351,8.925476087548674,0.5965978766726889,3812.5,1.2274622090828,17.352412382619914,0.6211210605086237,0.7021063392324001,4750.0,0.7595675514108577,3.356902585383125,0.5384690708290888,foxspa
159,0.5702811394915159,3484.375,9.273010084260573,4.6542057698687245,4.673091945456919,0.7238309044744315,3593.75,3.96568124321272,7.241939928846363,5.32428498288953,0.7897924923090591,2671.875,2.4230720395857985,4.7572040170432786,1.7007853373865758,foxspa
160,0.8943658174802799,3703.125,5.379447833533069,37.86653055466459,2.7587075366478566,0.5183607261944929,593.75,3.8060080861885006,12.457455872717901,2.5251320949511005,0.7976085414424434,6265.625,2.467930402859153,4.940919973238977,1.699243665262514,foxspa
161,0.8701604814068158,3468.75,5.211858774233908,30.807261482021346,2.6687660994761737,0.3843922361742624,2906.25,3.2531790299419465,14.619698660180745,2.8923810867983555,0.5944358007229896,3968.75,1.879578354934564,2.465700872470194,3.446250670882799,foxspa
162,0.14486345930728972,8296.875,5.390285460727379,21.0492700796284,2.7474251402470333,0.7449445711088463,8859.375,3.045160182917182,3.9207163883845615,3.5247796132864493,1.0,7828.125,2.1930509218220213,8.215119639522584,3.617946295504957,foxspa
163,1.0,62.5,15.718223696940667,4.488991005355,8.659211152176841,0.4113884580491873,390.625,0.4405158764197543,1.69891333881381,1.5143948334788648,0.5584625284207017,750.0,0.39209905099571385,13.588880641407636,1.324743797236365,foxspa
164,0.6817849652236256,2593.75,6.064768257605296,3.1425290784979723,3.0896870575934128,0.19891057742595164,3296.875,4.799390043078613,18.724501381883467,3.4162369076364825,,15.625,3.24395318413556,1.6719437754206012,7.258933577408836,foxspa
165,0.7020841313754109,4750.0,4.631264832504924,87.27296105452923,2.3869837937582363,1.0,4937.5,1.0976585018713845,3.953172817889083,3.7672813923894815,0.5174681651340542,5093.75,0.7916905867979747,6.2172063752714735,3.2719798857106177,foxspa
166,0.2391409752460164,2921.875,5.599158455541887,18.400254902052005,3.0736036326829126,1.0,2609.375,2.8450481948381925,3.770362011921634,2.288942351967885,1.0,3781.25,2.235789578846836,3.6192313906170455,3.1931003652794923,foxspa
167,0.6230646032446452,78.125,5.442568689101597,5.305949022606849,3.8352016705448486,0.6092576336979052,3562.5,4.286895864800152,20.473848473894318,2.6245282688903213,0.4391818090541743,2875.0,2.944954058976788,8.915545324176179,3.073854413826913,foxspa
168,0.19183539094959656,3531.25,5.503174368492738,33.409035359424,2.851746684124324,0.34865508891088204,2937.5,2.365690936551211,9.211709338401619,3.7420913861256087,0.6466144205980142,78.125,1.5642107292503191,5.659540503561255,1.038693808934972,foxspa
169,1.0,46.875,4.929640196490281,6.023781297432126,4.7130345746062545,0.2666084345452482,5734.375,3.3843908670017924,21.81644942981984,2.1763048851964157,0.6854180951008254,5125.0,1.5914982761903562,12.715289524621651,2.6956536330649348,foxspa
