,peak0_accuracy,peak0_freqency,peak0_prominence,peak0_width,peak0_width_height,peak1_accuracy,peak1_freqency,peak1_prominence,peak1_width,peak1_width_height,peak2_accuracy,peak2_freqency,peak2_prominence,peak2_width,peak2_width_height,peak4_accuracy,peak4_freqency,peak4_prominence,peak4_width,peak4_width_height,primary_label,peak3_accuracy,peak3_freqency,peak3_prominence,peak3_width,peak3_width_height
0,0.11988563399142273,4203.125,3.824134260218479,17.043239582631486,1.9460757931520272,0.2631609289934593,3234.375,1.5984121983362811,62.42882850547386,2.727502631064462,0.6325157203402451,3796.875,0.8033178659381157,2.7212048388188923,2.8334514367231076,0.6550212311860564,3890.625,0.5373127660709947,2.8987291114698337,2.6547505807946203,lesgol,,,,,
1,0.6481144815621305,406.25,5.026553783595778,53.9948335593547,2.720849938029989,,,,,,0.4086397052913897,3828.125,2.56265611603045,8.455082366434027,2.419352996269511,0.7201298664593561,93.75,1.2674032473742936,3.573085800006509,2.3474257112068164,lesgol,,,,,
2,0.8962699239498578,3859.375,5.910573897222817,19.280811083501163,3.0400223859137325,,,,,,,,,,,0.7174822814246566,546.875,1.1198838697811038,3.539601002877681,0.9251916009717758,lesgol,0.5440657231338377,3531.25,1.7172301237393668,13.159791453366154,2.6099862027367955
3,0.09441743625876188,4453.125,4.912689955036003,64.04716954838915,2.7145922306670887,0.13857123472449295,1750.0,1.610312857208554,25.53896606060495,2.2304120048495992,0.5904750137863177,3640.625,1.460011236731101,2.44185344890829,3.558584600367337,0.6720469873838919,3484.375,0.9552219314088256,3.0492173010484582,2.6891887267468326,lesgol,0.5361326701205729,3937.5,0.9975926726293772,2.155788811986241,4.232407231152665
4,,,,,,1.0,3921.875,3.068190070652373,16.131959802707513,2.2591742537494888,,,,,,,,,,,lesgol,,,,,
5,0.2900831757729547,3796.875,7.121031847407565,12.677541499032884,3.723982950506804,0.7180763539728361,3328.125,3.1778867342143307,3.5470596882946386,4.171168300061357,,,,,,,,,,,lesgol,0.4744291803259824,3250.0,1.3198919500494983,1.902693152980305,3.331067840425243
6,0.4044447154473316,234.375,8.880174133111057,11.753736691729332,4.512168125492375,0.7009922946907994,328.125,3.158762933792029,3.344395419395333,6.268429234790666,0.9110756964336526,4031.25,2.3850974155843634,56.227598074686576,1.6246676247467748,0.5249973730359929,3640.625,0.8212118803726094,6.315754544716072,2.0065370170317105,lesgol,0.3432066415232796,2906.25,1.1244640198509352,9.135293349974802,2.0758635342905656
7,0.1060650567841186,4281.25,5.962795477331596,27.966240932549173,3.535424621345172,0.8793143264858597,93.75,3.58397108566212,8.285987647761969,3.2327981853277876,,,,,,0.6265136903393929,156.25,0.7858220377722072,2.677474312000125,4.231835868956819,lesgol,0.5845152760234195,359.375,0.9072441262956304,2.4068273568016103,2.438446020160127
8,0.3272095311966721,3796.875,10.156154015811131,10.40442801226166,5.126662054054675,0.7107428826349917,3968.75,4.5332915724541225,3.457131873225848,5.401546042131069,,,,,,,,,,,lesgol,,,,,
9,1.0,140.625,4.045074307562763,4.414087460414158,4.16877795533696,,,,,,,,,,,0.6101091728186905,281.25,1.1141365079171663,2.5648205350955173,4.996361801240168,lesgol,0.5888733110858982,390.625,1.9631378667575092,2.432340266308845,4.7166631350645245
10,0.11891699242561847,4078.125,5.390824449875237,29.50913793193891,3.0072988034302504,,,,,,0.6791010695266559,468.75,2.060681865341788,3.1162459735373496,1.8547597793224508,0.3890458877255719,3781.25,1.098629884002651,1.6367841379727397,3.738016610285402,lesgol,,,,,
11,0.9123324937297128,4078.125,4.321377610882082,91.2538788925424,2.3806486225065555,0.6264718191889767,484.375,1.9665758876554111,64.25218024484786,1.3034162504351596,,,,,,0.6511261817486298,3859.375,0.6504722210690845,2.86636585402772,3.1679655379199683,lesgol,,,,,
12,,,,,,0.568602378653317,265.625,5.571448231731528,4.636094176311522,3.1042777045555128,0.6716873551710273,3406.25,4.377787223775738,6.0917544039214695,3.115237770181375,,,,,,lesgol,0.4499414888563524,140.625,2.7742451322330703,1.8179884134887065,2.5080809914873723
13,0.7377623688459559,3765.625,6.327011703741647,26.693346676427414,3.325406255546542,,,,,,,,,,,,4031.25,1.1066894981906596,1.877407890142706,3.9579363818983686,lesgol,,,,,
14,,,,,,,,,,,0.5087338224904225,3906.25,2.0086227161319106,6.106669128349495,3.059111706880969,,,,,,lesgol,,,,,
15,0.7857088260207136,4078.125,5.08287001175462,37.33238215762114,2.5612153784768332,,,,,,,,,,,,,,,,lesgol,0.6609226109512591,3468.75,1.7224065771880308,2.9491792502161047,2.528759881212187
16,,,,,,0.3580789308863255,3609.375,2.6479640043613117,18.6938871107142,3.276622546909812,,,,,,,,,,,lesgol,,,,,
17,,4187.5,5.3945236415116735,11.792799680458188,2.6977209478934667,,,,,,0.7577288246830345,3468.75,2.5487857581231337,8.255212356085622,2.783382658493025,0.6525944483656086,3828.125,1.5971371284184035,5.756960389927201,2.7728204251205057,lesgol,,,,,
18,0.14459371054190784,4156.25,2.53055175905006,14.028421520728015,1.3114034438041249,1.0,3437.5,1.6560222863200056,4.369429145338644,0.9143331371977984,,,,,,0.4889627576688091,281.25,0.661002970872298,5.870413644052527,0.8250894412996252,lesgol,0.5169052859538428,3281.25,0.7055410384033298,2.0699874598595898,0.4835323307311864
19,0.6907270358944265,3421.875,4.574982810126016,109.93524797205923,2.3340513576313064,,,,,,,,,,,,,,,,lesgol,0.3457624201497126,3796.875,1.0738124613724171,10.699477094546976,3.155394501392664
20,0.8106273844486953,4062.5,4.737871567650776,63.36713449864653,2.4768275039376224,,,,,,,,,,,,,,,,lesgol,0.5993513943177518,3953.125,1.1626190241512375,2.4959527771153494,3.3609642098528374
21,0.0598194759292845,4109.375,3.1196025738249036,52.11765054209363,1.6259160836454842,,,,,,,,,,,,,,,,lesgol,,,,,
22,0.4437734758571745,3562.5,5.704924528269088,35.956573683394645,2.8524870896914885,0.5727178917890882,3796.875,2.220423736224421,2.3403741480941846,4.484717603566043,0.6052095806658042,3906.25,1.5479249158759054,2.532989533247729,4.514475121532978,0.7240068608301076,3031.25,1.2877479884500902,3.623278473543621,2.973928842827593,lesgol,0.4348811372606,2578.125,1.4917195568603216,8.847696174504991,1.9052941303973416
23,0.6940538184631375,125.0,5.342710350115354,3.2685487198326517,2.7241900535863417,0.2892537568687428,671.875,2.7424593363528547,30.95338204402882,3.421569906293532,,,,,,,,,,,lesgol,,,,,
24,0.701936606945813,125.0,11.861374509345765,6.709981992442815,6.087679280475376,0.04748830255303205,4187.5,2.1164752592870477,13.648126353559858,1.4208910335155989,0.6783408403241544,3843.75,0.6305562352810659,3.1088808445801988,1.5233575158969854,,,,,,lesgol,,,,,
25,1.0,3609.375,8.321580133794269,4.9528937876613375,4.1845515661076025,0.1382064979163352,4140.625,6.3258569986066995,11.603707820750287,3.5758687141210914,,,,,,,,,,,lesgol,,,,,
26,0.3480400113200289,3359.375,4.9581314273120665,15.338364583150394,2.5266979745771088,0.7911827581175571,3109.375,2.5359851186189557,4.788876584065632,2.2348902353211098,0.6591248299482022,3734.375,2.1443567565301977,11.734500930038935,3.0714045417674383,0.5967395486610547,250.0,1.1631852973196497,2.47978693839106,0.6888854712161765,lesgol,,,,,
27,0.7226473106154929,140.625,7.208764472606401,10.816552767732349,4.155903051069737,0.2287716154366094,4046.875,6.201081088598018,6.483163872178551,3.582681967764266,0.6186366173824116,3703.125,3.3487103686323705,5.244341987614206,3.1646467875711455,0.7951731575318964,3468.75,2.4902123726605936,4.88217260955787,3.3506300520231114,lesgol,,,,,
28,0.6783970197248232,93.75,10.569021113979593,3.1094239212098067,5.41418424968899,0.4341881502616186,203.125,2.893393326264229,1.7673719637762575,4.8601638125905415,0.693807766919547,296.875,2.1712596842571887,3.2659221624907997,3.8732776205903723,0.7015095326196791,468.75,0.7365187196906668,3.3501907406840314,3.1967004941407837,lesgol,0.4255093334848937,390.625,0.9495557311942976,1.7406723177350436,3.625696741606737
29,0.4864514773441242,93.75,10.33321358111107,7.788942667605264,5.6973910109166965,,,,,,0.6092855226501839,3609.375,1.1127307310287546,2.559413735531166,1.6292153915781171,0.5062280148032655,437.5,0.9643712171413911,2.0252262784847304,4.114206053854153,lesgol,,,,,
30,1.0,3953.125,5.246231352095571,43.40709300450872,2.62993174305907,0.6621153746270639,3390.625,1.2146950039639055,5.9191802461935765,3.0619488239902664,0.5535267727590778,3609.375,0.9985507390146232,11.198879787033546,2.9745025870952624,,,,,,lesgol,,,,,
31,,,,,,0.3197202012619602,3796.875,5.421629417896834,10.289883681663667,3.3479819569519917,,,,,,,,,,,lesgol,0.663355824252698,3375.0,2.159724347768468,5.9409909455890215,1.9567077082823283
32,0.13176862633185527,4359.375,7.080611169144911,29.945934676552838,3.5426054406547527,0.7985633925668296,3265.625,2.37314229208134,4.964340954420437,1.9098932569101068,0.7317056478038058,3750.0,2.0482495122617577,3.727249536988893,2.7690764822240976,,,,,,lesgol,,,,,
33,0.9387363703139316,3828.125,3.85507072133489,130.58318681074198,1.9334175448050168,,,,,,0.2649344851286496,4093.75,1.3189569804086294,12.243806596715615,2.967933548795921,,,,,,lesgol,,,,,
34,0.8359206932092659,3765.625,4.877687201328249,42.66229628168628,2.4474508085460465,,,,,,,,,,,0.4831802713884624,3406.25,1.0098840139337528,1.934910655764924,2.912443149436774,lesgol,,,,,
35,,,,,,0.6571256205119732,3234.375,5.7620902186969865,5.833040085953228,4.089812467846613,0.6730442909528793,2953.125,3.1434309036703345,3.0585182406338736,4.6923789198451775,,,,,,lesgol,0.3965255861606123,2203.125,2.4241919173455257,8.285355410827293,2.4314041130831603
36,,,,,,0.1543936346769862,4078.125,3.218537524715884,8.278083381415968,3.4860950317379147,0.6193609694452367,3531.25,1.2386482978353222,2.6271609575679804,2.408189412117381,,,,,,lesgol,,,,,
37,0.13176477443064805,4015.625,7.853741100702175,26.4905169966095,3.9310427371259684,0.531383124344883,3218.75,1.7970386406817118,2.1339393691318094,2.1801988495913966,0.5977120859072218,3609.375,1.620669504967669,2.48578186161808,3.5320629345508987,,,,,,lesgol,,,,,
38,,,,,,,,,,,0.6319183944304766,3421.875,3.941711158147563,2.7167888448343547,3.2508912181217964,,,,,,lesgol,,,,,
39,0.6645672189846266,3500.0,4.247711754348125,86.45547376799433,2.145094667195932,,,,,,,,,,,0.540946168729727,3859.375,1.209217737349149,6.5351812699145455,3.5480509269297147,lesgol,,4093.75,1.4083241699205598,6.407270133312862,3.5099217336230684
40,0.7858537029799202,3078.125,6.46467305891187,4.669704841574884,3.248211804957525,,,,,,0.6657097126529999,3312.5,2.601184486453141,5.982824137286286,4.150887681907778,,,,,,lesgol,0.2832275259558737,2515.625,2.24500609450435,11.161142886616346,2.278731079482519
41,0.33346196788537763,3828.125,6.038447682589706,10.502026385189424,3.0390581225938846,,,,,,0.6707827505232663,3640.625,2.6825351732897444,3.037507911840663,3.9671514245901713,,,,,,lesgol,,,,,
42,0.05924238120095183,4312.5,4.991291646054234,59.52649107587186,2.5102414547023124,,,,,,,4140.625,1.1902231405534174,8.115647303406831,3.3258589997985983,0.5316766532140853,3937.5,0.6341195753646853,2.1352768484914577,3.586083255115017,lesgol,,,,,
43,,,,,,1.0,3437.5,7.1422624417946885,4.365107109653735,4.143260054854029,,,,,,,,,,,lesgol,,,,,
44,0.24396847099904015,4109.375,8.129165464469787,13.226961596713126,4.071629961274802,,,,,,,,,,,0.7645926257100908,3906.25,1.077771934748469,4.247955286092605,2.105574210949306,lesgol,0.28346189376633524,2828.125,1.2692584645950389,11.164793512588403,0.8920881735381432
45,0.33301471235477764,2796.875,10.136897370663867,11.994267562098456,5.135392057609322,,,,,,0.43024479812321015,2109.375,1.6870809242694718,8.775698727330365,2.4212434125531144,0.4092789095689853,1750.0,0.8832664079008261,8.464231396159889,1.9341888398493852,lesgol,0.111085265991531,4031.25,1.6460826940567932,25.874247686596302,2.052793114463951
46,0.055262951496811714,4453.125,5.126810768077059,73.03619574284869,2.5891865378627754,0.4184077907450181,4015.625,1.3671612802206052,5.158253415813449,3.867957758626865,0.6988753227251054,2671.875,0.9714364272688818,3.3208835923038866,0.7474333194933562,0.4909732011588453,2953.125,0.4323347844118655,7.858132438422416,0.6280915729857935,lesgol,,,,,
47,,,,,,0.3802960942798668,2609.375,3.9646577248829606,8.068369351633661,3.0746910540573293,,,,,,0.4843018274477837,2671.875,1.2908949981064173,1.939118758266972,4.047078150862108,lesgol,,,,,
48,0.11727501267545082,4140.625,9.050132274350103,20.391401918457287,4.526912059398773,0.6142337241476129,2890.625,1.8644121873128918,5.184486372171364,1.793854727586933,0.7849069287960744,3453.125,1.3164441020326283,4.649150223216253,1.5699595295218092,0.7017854023062242,2593.75,0.8465927480302806,3.353289905100013,0.973462325399699,lesgol,,,,,
49,0.7431120067846522,3609.375,4.773777968533967,85.64043700383272,2.4046460962960463,,,,,,,,,,,,,,,,lesgol,0.6977609824766159,1640.625,1.6960597614868416,6.617279318826733,1.8788333917287643
50,,4187.5,5.397185014997469,11.787228929675052,2.6990496785126057,,,,,,0.7578241058968831,3468.75,2.5588296427230386,8.258460270816272,2.787606266106984,0.6524043618420499,3828.125,1.5953194361329837,5.75381213239271,2.7745694725101595,lesgol,,,,,
51,0.8715420031406593,4187.5,4.129944852307487,116.76968633120406,2.076152809401847,,,,,,,,,,,0.7147224536662415,3937.5,0.5674755286660713,3.505358247964097,3.4396647898301573,lesgol,0.6054683267754051,3500.0,0.7450864027714466,5.0693014927130085,2.7833178744501863
52,,,,,,0.5304668404242227,3656.25,3.9543811296595295,6.38932509625198,3.677742626060924,0.8862729658743533,2531.25,3.949336276323837,8.792984075318373,3.046999760542591,0.580759101934054,2968.75,1.5483520887874007,2.3852634717014207,2.287436013967196,lesgol,,,,,
53,0.7451488669747408,3531.25,8.668257324892531,3.9238593453727617,4.527904186244673,0.492932966016989,78.125,6.970941281032572,7.888503357396367,4.149106906710223,,,,,,0.4246141408009484,1781.25,1.7877542374718565,5.2138924723941935,1.5923788144681672,lesgol,0.6096988823254313,3812.5,2.061979406296417,2.5621243565943246,3.9278026194491154
54,0.6844221978605289,515.625,5.024713323222447,3.16879068559469,2.6477631146580984,,,,,,,,,,,,,,,,lesgol,,,,,
55,0.5211111356307525,109.375,7.81055067311487,6.2645014808422195,5.2768668101972285,,,,,,0.6594062438175738,3703.125,1.8396003161277352,5.872098251057707,1.9575091542550125,0.3867671646036584,1406.25,1.2402500200337965,11.414913872763831,2.0280582980569433,lesgol,0.5470548959088578,484.375,1.623684346482786,2.2077730633749795,3.52275734408782
56,0.037574468799653434,4796.875,4.505712010748957,60.26440292753022,2.3104533548315733,,,,,,0.16596813964556822,3890.625,1.5897277697684684,22.780904307331525,2.724397559322481,,,,,,lesgol,,,,,
57,0.7611365324116994,3828.125,5.5665246421928085,33.491936128921196,2.967412813719447,,,,,,,,,,,,,,,,lesgol,0.6993243175815951,4015.625,1.285343569466522,6.651685244092676,4.815686369445818
58,0.7759621496806262,46.875,7.447495773425016,4.463531490658676,4.398898256994244,,,,,,,,,,,,,,,,lesgol,,,,,
59,0.5070220552145082,3640.625,3.0967213377904987,6.085464941652474,1.6301679613461657,0.3868119725556957,4015.625,1.7777515520706073,3.261642286682872,1.2646084857172006,0.6176041075469053,3734.375,1.239791713182632,2.615090851486229,1.9551925981117195,,,,,,lesgol,0.6683784435024249,3171.875,0.7137480464353978,3.0154855147581827,0.6370217266816598
60,0.9410510310313766,3906.25,5.715108002425557,33.92765022004937,2.8599455238894937,,,,,,0.7309155778128823,3421.875,1.3132177819446138,3.7163058042230834,3.1960667766121347,,4078.125,1.0262663495542856,4.731618954313318,2.97745163682724,lesgol,0.506701450490748,2984.375,1.0786273786764868,14.190189707559053,1.7214794544181815
61,,,,,,0.8088298528989358,3734.375,1.9135742393024016,20.923769012351894,2.8452982983830424,,,,,,,,,,,lesgol,0.5597912580067027,3343.75,1.1228791924526575,6.814948713684743,2.698479844128507
62,,,,,,0.3622566583170298,2359.375,2.1918656099546983,10.976202403818718,2.3596024793421013,,,,,,,,,,,lesgol,0.7045140475300031,2593.75,1.1072506468428305,3.3842556359816736,2.712268182507233
63,,,,,,0.19229998056855924,1937.5,2.049647899873864,17.333167838543492,2.3613588608830933,,,,,,,,,,,lesgol,,,,,
64,0.3046228377305764,2937.5,8.024843409221724,10.066479573696228,4.147438831202291,0.3028255358002191,2578.125,2.6283777858946413,10.040528389166724,3.8594085606618154,0.4896136585566516,3000.0,1.6372810601646393,1.9593000807428496,6.290995609780168,,,,,,lesgol,0.7487140694294376,2312.5,1.3881450157578143,3.979530400804492,3.2232609083548187
65,,,,,,,,,,,,,,,,0.7774376893246948,3406.25,1.1225885379804437,4.493123732251746,1.446468274429253,lesgol,,,,,
66,0.5996419133876749,3750.0,5.860854550626241,32.47093148536342,3.2318540464741266,,,,,,0.7168430758111661,640.625,1.6268728676629025,3.53161061790992,1.4106505101522058,,,,,,lesgol,,4062.5,1.5023619925963594,4.638619983908313,4.315113439382592
67,,,,,,0.6730130730196611,3734.375,2.7177842049939365,3.0582262393020017,2.7158587611396716,,,,,,0.5927862066332064,3906.25,0.8737044445476103,2.455712493754504,2.0412288705448622,lesgol,0.6414876797710813,31.25,1.0225001613466274,2.7893044215648604,2.174271103952443
68,0.6611519777895434,3890.625,14.863079420108695,5.902351109955162,7.72204338291183,,,,,,,,,,,,,,,,lesgol,0.4165099688904419,234.375,0.18888472018702732,10.282952030200873,0.2322385979176979
69,0.3808307059892852,3562.5,0.2022841037736391,22.61094039291575,0.13023997711934715,,,,,,,,,,,,,,,,lesgol,,,,,
70,0.11472459563249406,4000.0,0.2542689343422915,23.721431654371628,0.1846877358735192,0.6800184184140682,3703.125,0.14659423647722145,9.375539633034606,0.2297209353744793,,,,,,,,,,,lesgol,,,,,
71,0.9118973373883499,4000.0,5.110281371528614,34.05118427832059,2.5692335493319316,0.4013141321676216,3343.75,1.5286321949921948,8.351625232282773,1.0239755849053136,,,,,,,,,,,lesgol,,,,,
72,,15.625,5.430936244394977,1.1688067322079754,18.16791503911797,,,,,,,,,,,,,,,,lesgol,,,,,
73,,,,,,0.6429170128191964,3890.625,2.634826039336099,2.8004694592007127,1.8184059696770876,,,,,,,,,,,lesgol,0.5594770182556023,3687.5,0.8913105203386915,9.080116510972175,1.2189665759480004
74,,,,,,0.4787329009833875,2890.625,4.246902646082411,7.6736091872019765,3.090902750617815,0.32157246297397946,4062.5,1.7823583781820749,10.317977408000644,3.152331757813108,,,,,,lesgol,,,,,
75,1.0,3500.0,12.005216916362214,3.5099613206451465,6.004930785519317,0.6432209854997529,4031.25,3.954962467734319,14.01427717659817,3.3803468980055213,,,,,,0.6381827390356543,3875.0,1.037711689712138,5.527652259235595,3.626231105055924,lesgol,,,,,
76,,4968.75,4.243636907890289,62.07668760862123,2.132884034575724,0.8817709554945777,3890.625,2.605735430531332,8.458158519196504,2.404671544190983,,,,,,,,,,,lesgol,,,,,
77,0.6269423821493623,46.875,7.487586553364703,5.3611021576853215,8.778154002604008,0.09002128041440728,4187.5,0.24065211363832856,27.47316993455087,0.2833636620541325,,,,,,,,,,,lesgol,,,,,
78,0.8825311148511243,921.875,3.936294548662604,93.64181830838876,2.006814368866276,0.7668821534755531,3906.25,1.9231280660316843,4.289675865271562,2.597265308262092,0.7101896700145148,3328.125,1.6801061618055864,3.450532629565288,2.4953628320083534,0.3498404994800631,2781.25,1.3116921810787916,9.228504690313317,2.396020867117922,lesgol,1.0,3671.875,1.3300338741376925,7.280234844052786,2.7772980025931586
79,0.4844158727146076,4093.75,7.873837646124862,23.274572208383013,3.9882883446754867,,,,,,,4031.25,2.6150553965680867,2.2700391110068376,6.493139888213578,,,,,,lesgol,0.7806473958442003,3265.625,2.072409333624163,4.558869970332012,1.8555035199638859
80,,,,,,0.7243787457137404,390.625,4.0241757647940775,65.30700996413448,2.3538733289106317,,,,,,,,,,,lesgol,,,,,
81,0.7707290080285774,156.25,9.151266496986668,8.723301551594842,4.642423687565564,0.8536080981840729,4140.625,3.147201362290265,81.97174742007778,1.7809246174216231,0.6384505606196799,3500.0,0.7247377402660327,2.7658734631533552,1.6431925001458982,0.3433132123656196,953.125,0.6258876174693884,24.364735671990143,1.7535805369785984,lesgol,,,,,
82,0.7910631497099753,875.0,8.403813907567118,4.7861351341896,4.282689755056295,0.1210735720723285,4000.0,3.95451854246576,25.030536460112465,2.6603376152902567,0.4185100506266477,1750.0,2.837992456246477,3.4394403586086355,3.019038134910031,0.5319950405192972,1156.25,1.8580226661987982,2.136729493442971,3.6816111349699105,lesgol,0.5208479310147965,1312.5,2.4552436114760363,2.087020102235812,3.2862782992270403
83,0.9164667574223188,3812.5,5.192609275761295,11.971281960832016,2.859417284341065,0.9864097922262448,125.0,4.006185628037864,73.58239231126086,2.3660207890204177,,,,,,0.5380552789207118,2296.875,1.2573503767658014,6.494283543257723,1.2847928200410397,lesgol,,,,,
84,0.7174602488867705,1593.75,4.45723043684252,113.25839947801116,2.2824140769233385,0.6255800729539928,1078.125,0.7638039909475642,2.6707980205260924,3.2502893412909164,,,,,,0.3902539926426115,1421.875,0.3517191029157116,1.640027139060663,4.247893937672609,lesgol,0.4173213644213878,3578.125,0.3828122669379535,8.581059429156683,1.7710422514664181
85,0.542821661676698,78.125,10.282742150140065,8.74932092073734,6.535789965906937,,,,,,,,,,,0.42685653345317104,453.125,0.1645053275357502,1.7447638477412433,1.0926327842155976,lesgol,,,,,
86,0.7167756681769466,46.875,9.74594470196272,7.061540183099508,6.78073381811009,0.4159726923351809,421.875,1.9985054209203312,5.1367461086626784,3.074131979891652,0.5419079212273025,234.375,1.8298603961889899,2.1829672381132657,3.0011660622617784,0.018836733405403927,109.375,0.907299755503038,1.0191983679441874,8.738693103515125,lesgol,0.8758570682415415,984.375,0.9586705620168874,8.055231061770577,2.0715096944398
87,0.15826823973706194,4046.875,4.785872539379478,21.3844847607713,2.4123296697427947,,,,,,0.8780651778244417,3156.25,1.2118199277667574,16.40220541036635,1.6832905666243851,,,,,,lesgol,0.4688884405917936,3890.625,1.105237728813873,1.8828435990251364,3.540480619351696
88,0.9375342849542064,4062.5,4.34644204915026,112.0614723591702,2.1969500469004166,0.5330455779900363,3359.375,0.8158382605233823,6.424609894659027,2.790703356448885,0.10831725598246034,1734.375,0.7725610446616642,31.401302972225324,1.7150463335146382,,,,,,lesgol,,,,,
89,0.3384618260816791,3812.5,8.839432615024347,10.581399949361467,4.535899685181915,,,,,,,,,,,0.7767943188671581,2953.125,1.912341251609628,4.480172704048896,1.7498406763843677,lesgol,,,,,
90,0.9276566325997356,3906.25,6.4674356643541735,13.822967273104124,3.2469044628041983,,,,,,0.7795314829580082,3390.625,4.401922641429111,9.07159002488808,3.0618871265804537,,,,,,lesgol,,,,,
91,0.35825833411772295,3515.625,3.4920631710874384,9.349556556766657,1.8090369099540191,0.4958983969998653,3687.5,1.2741972270189637,1.9837270781297889,1.406752224786031,,,,,,0.3757320834372133,3578.125,0.3575169696303133,1.6018763314091018,2.250453092974355,lesgol,,,,,
92,,,,,,0.33339275097983656,3546.875,2.6686225046187992,21.0018718226938,1.8998086683766615,0.7752477042401701,62.5,1.8949540594798608,4.4493427603008735,4.512149747842115,,,,,,lesgol,0.479181600236851,3234.375,1.2121173582226328,7.6802202107664925,2.262278954144292
93,,,,,,0.7137779559578893,125.0,2.9643219127418976,3.4937909948434083,3.5927456248099148,0.03301162200321084,5140.625,1.6575001909380966,97.20902767697186,1.1231253911278496,0.3955710880243168,4171.875,0.6830106443027599,23.16235991133931,1.469133567809236,lesgol,,15.625,0.8433545086628835,1.7178983934390704,3.531446354841134
94,0.6103443195013318,3500.0,5.951685205867883,5.132736670078742,3.1169150510927266,0.5197476652788899,3656.25,3.742913352887247,6.246716117980242,3.1046836843195362,,,,,,0.6466103003108944,3281.25,1.8455991144392816,5.6594745171109935,2.668611445105019,lesgol,,,,,
95,0.5331941598194929,31.25,14.590710766299248,2.142218271333783,11.582856247887815,0.5122178547771248,109.375,3.861138002811308,2.0500955391532107,6.638506795396774,0.5216909072924578,3515.625,3.011566959914332,12.544189712213239,1.5449585718137533,0.2089110184190618,3390.625,0.8995167654680174,1.2640803035855301,2.3884210499016936,lesgol,,,,,
96,0.3652958891115557,281.25,10.728025172102672,6.302149192638584,5.63208347375072,0.28132284527955265,812.5,2.2054357279481787,18.088789819758176,2.7786618782453107,0.4825752985275539,171.875,1.165669145432875,1.932648358600352,5.351171235079262,0.6485028477305385,1281.25,0.4650213351259607,14.224866311767284,1.4303882017371636,lesgol,0.5511744939698655,468.75,0.7257308438581727,4.456074739802594,3.2501247387540184
97,0.4204126633180759,3875.0,9.891961547360427,8.626827543583799,5.187765622749957,0.5229345503666551,3593.75,2.6325509751258727,2.0961484441360483,4.803760746315504,1.0,3734.375,2.314574119660194,4.229993193399764,6.111342206660647,,,,,,lesgol,0.2254087377056092,3921.875,1.5592881245535102,1.2910034603771976,6.6913926099512855
98,,,,,,0.5018711063667181,3796.875,5.072836279865442,6.022537616957778,4.037458995087774,0.7931280008776154,4000.0,2.5709503711822803,4.83390697746583,4.593884522170066,,,,,,lesgol,0.8862523721720401,3203.125,2.3175118815059847,8.791392129183322,1.820733426094234
99,0.900908151088232,4171.875,4.045268550447871,141.28306368030027,2.0687191784981485,0.6223298144374747,3875.0,1.2295707214050091,5.295625856780504,3.2421881162693067,0.8031555891441823,3687.5,1.127052364199009,5.080154400383094,3.1094473512093215,,,,,,lesgol,,,,,
100,0.7707735686861676,4343.75,4.261488437702671,109.0624665607286,2.179170626739177,,,,,,0.8160093128240562,4000.0,0.7107726720543139,5.435057694217619,3.1194846172212123,1.0,3500.0,0.6585290422536305,3.7248895194037175,2.907949637115088,lesgol,,,,,
101,0.8122850881228705,890.625,4.796410340230514,69.25395468053847,2.430462043642449,0.34692241735805296,609.375,2.4545619125630886,1.531211645566856,3.4831744167583847,0.5974461269108627,500.0,1.6793657599821532,2.4841395570887244,2.887322764909486,0.4883022713080016,1343.75,0.901508519269358,1.9542787546784692,4.116337088304761,lesgol,0.3379055832052973,359.375,1.0174358035268798,1.5103586054103104,1.5127194165448192
102,0.6628320853245488,4343.75,4.502796149611613,74.14703152897671,2.25926104695364,0.7484114639710738,1781.25,3.1222125086798806,3.9747439044083706,2.291553254000664,0.7304496103659137,3593.75,2.069798422820309,3.709881485823473,3.410726721183737,0.5981414513180331,1671.875,1.3765970707665014,2.4884377930489308,2.7537032590912984,lesgol,,,,,
103,,,,,,0.8214196420345503,4000.0,4.882968087073276,5.599719988205379,4.319694152368527,,,,,,,,,,,lesgol,,,,,
104,0.7623830613713414,3468.75,12.940644660200233,4.208454185847302,6.690209263949607,0.6912653713318013,2890.625,2.7829622703990684,3.2390276539879608,2.8792174002345297,,,,,,1.0,3796.875,1.305897909468866,8.216742471307384,2.613569982709099,lesgol,0.7692705022773864,46.875,1.7834173337829964,4.334079560135889,1.4167670528697949
105,0.4673957636537786,3234.375,7.96396070208632,13.142967183328269,4.189751038028393,,,,,,1.0,3921.875,2.796053772676726,3.6511865752374315,2.891919791928357,0.5635354082197417,1843.75,2.1606171941644186,2.2911365980942118,1.7256153293738838,lesgol,,,,,
106,,,,,,,4093.75,3.355095487356963,5.5028069081748185,3.4738689277139336,0.22026555442331966,3171.875,2.462058615428784,14.107367017580655,3.0410888153250437,0.7286273726841064,3734.375,1.6430584164093491,7.369940070159997,2.8348066310026567,lesgol,,,,,
107,0.03393820311354179,4250.0,8.857330838532274,17.597217957266988,4.50511180786941,,,,,,1.0,3187.5,1.9309471786389139,3.1857619941693263,1.5374098154217275,0.3953921237979136,3531.25,0.9977990396579834,8.26982280053656,1.2787538119142123,lesgol,0.547195572938729,2921.875,1.0283782096716445,6.625376919280996,1.3604542181484416
108,0.9034859134406952,4125.0,4.289092522529252,113.9730001303059,2.2247610268029523,0.3202743056554731,312.5,0.997708889442146,10.298271873847936,0.7413377849767651,,,,,,,,,,,lesgol,,,,,
109,0.8842627848941645,3812.5,9.629704856720274,8.640263195252743,4.946338270620596,0.9429604725113404,1140.625,1.8876190509263024,52.59510609719649,1.791479242364439,,,,,,,,,,,lesgol,,,,,
110,0.9458415880725032,3937.5,4.368665619076894,73.85740935969271,2.2191640182909094,,,,,,,,,,,0.6024256649195663,3281.25,1.1508072808737704,2.5152529018194514,2.4666672663952776,lesgol,,,,,
111,,,,,,1.0,15.625,3.066118182903187,2.061715275595217,9.61068738178292,0.2930082367943337,109.375,2.2746629075602742,1.414443635758592,7.238761383184475,0.5973523275559582,3500.0,1.1064245838256792,2.4835608608639745,1.6047459101944073,lesgol,0.6007517766638755,4093.75,1.6450610526672818,22.542367063767642,1.358225689934501
112,,,,,,,,,,,,,,,,,,,,,lesgol,0.14384128058153944,4156.25,1.3667078067171108,17.520115908167867,2.3523697369997594
113,,,,,,,,,,,,,,,,,,,,,lesgol,,,,,
114,0.892217572230282,171.875,11.071078153993012,9.277950225212448,5.5647923490972095,0.45179260094097,328.125,0.80710350686451,1.8241271491710047,5.808247904673301,,,,,,,,,,,lesgol,0.7333145294374819,3968.75,0.14819857021531085,3.749735588859437,0.181141685778284
115,0.8785261399326582,109.375,7.251241577103705,8.232223784159213,3.7963659109760965,0.11744947586485065,3953.125,3.85827250408656,20.39543290469291,2.416989403402164,0.3409652611115701,1515.625,2.096443739333661,9.104224172036794,2.279412260622484,0.6016622595266005,328.125,1.5733424061031336,2.510432475746743,3.857118430279464,lesgol,0.7867106339227176,3656.25,1.6417301206403023,4.688466276549691,3.1167873671099304
116,0.8830640946882473,171.875,10.784146875954594,8.551693317240641,5.495966299955477,0.4658417219889122,3875.0,4.589654665837559,7.488417131517282,2.551113561067884,0.7590082719883019,3546.875,1.8357957353369998,4.149520019838434,1.2634478006196843,,,,,,lesgol,,,,,
117,,,,,,,,,,,0.5127468449378086,3906.25,2.5525690522464526,6.1569637237486745,2.977719080827992,0.6470620129916218,93.75,1.5077898720503768,5.666717875717138,1.4161609702067914,lesgol,,,,,
118,0.8141460921800013,4000.0,5.827413776341626,43.044561687387706,3.080642224727398,,,,,,0.6581710201305991,93.75,2.216656225481842,2.9254395001326685,1.5782770308353553,0.7021032025193698,3781.25,1.5595755105082842,3.356867238779301,3.414076215660305,lesgol,,,,,
119,0.532494433773048,3531.25,5.636911288319235,14.97308375704307,2.905495986228708,,,,,,0.4502318997853195,4125.0,2.410621731996509,25.465282533732136,3.086985945130829,,,,,,lesgol,0.469595885367389,359.375,1.662700770838291,1.885354906593548,1.1085218983940577
120,0.12706436418597922,4031.25,4.874751455896092,30.930115454414054,2.466793457332131,,,,,,,,,,,,,,,,lesgol,1.0,3437.5,1.2268921964115145,3.07641519152807,2.614606164702356
121,0.1992307636580096,3734.375,6.0140415274641335,17.48318911944429,3.0315983922635197,,,,,,0.6330072115506387,3828.125,2.354116261862656,2.724849183618176,4.7161716048324624,0.3982494969304492,3671.875,1.0238114915339338,1.6618183032651643,4.816546782733211,lesgol,,,,,
122,,,,,,0.09312255584218963,4187.5,3.3052473553149264,39.69665386642416,2.0556550098181807,,,,,,,,,,,lesgol,0.434739557495443,3390.625,1.3380204921446337,14.15276817276225,2.550034199592881
123,0.13097316956400928,3906.25,7.0609840262628785,23.014249157262498,3.567692839523541,0.6339103817590974,4000.0,1.7469031713471042,2.7315715884135163,4.997200742898236,,,,,,0.5507837479598315,3281.25,1.2494927594168992,6.678298005415313,3.0476978228166907,lesgol,0.5077440810434506,3828.125,1.3040784482745282,2.031463638100547,5.796338927736273
124,0.0940763948975778,4078.125,5.820434041870969,33.11537510561749,2.9213916887255467,,,,,,,,,,,,4031.25,0.7863287209106291,1.7066378454547362,5.0914587900974,lesgol,,,,,
125,0.09397885626307624,4062.5,7.887700840113392,27.593175029984852,3.9586188996040113,,,,,,,,,,,,,,,,lesgol,0.6050460550000704,3468.75,0.5757695256003097,5.0638815621916535,1.703992854701049
126,0.028559343407511095,4687.5,4.275492346273695,107.05749166891943,2.1684031708936167,,,,,,0.3130991249530968,406.25,0.92127346736767,8.734884781723864,0.7180231080033121,0.3688717678812633,78.125,0.5795007758131443,1.5844640583466498,0.8709900199081784,lesgol,,,,,
127,0.6300387046927862,46.875,7.451219396688306,5.405970909306097,9.298216642542467,0.5991691957994258,468.75,2.714721929042448,2.4948182363239826,2.166351343879132,0.04063456359076412,171.875,1.4011834869602202,1.0423556676617969,3.545321561557384,0.7993474165098003,796.875,0.7742663972492662,4.983738472766,1.3411515226681805,lesgol,,,,,
128,0.7641564034367754,328.125,4.372067002149543,4.24009816069745,2.201944614822486,0.07270739436377516,4828.125,4.137006049168264,103.52719240560906,2.1460529370155585,0.6307409515707496,156.25,1.9856090365575845,2.7081259193343747,1.3799333985789644,,,,,,lesgol,,,,,
129,0.15563307621699407,4109.375,6.65169038798325,18.94910796400623,3.3539237777846114,,,,,,0.7439120711491471,3421.875,1.4221977140015185,3.9049087728863863,2.8282590124936675,0.5976180209364872,3859.375,1.3907175187748355,2.4852007595552834,3.858187239476449,lesgol,0.37952582039281424,2421.875,1.3911562082981437,9.670023664479515,1.1559967260766175
130,0.4585528248635594,3625.0,5.553759953002441,14.775217911117663,2.8356831091112737,,,,,,,,,,,,,,,,lesgol,,,,,
131,0.7887349452040009,4437.5,3.7058810613001447,146.7351050079441,2.0450216323450703,0.5249454928639594,3796.875,0.7880131167032043,6.31506480821767,3.3582390573000493,,,,,,,,,,,lesgol,0.5658490511512642,62.5,0.5201275652320063,2.303346342215214,0.5850191406079804
132,0.1268582141965483,4031.25,7.162828377732179,28.632234084405184,3.5882292766394626,,,,,,0.5913620752404805,3218.75,1.9589066280224172,2.4471541660958,1.3593357770373122,,,,,,lesgol,0.37856234309645975,3984.375,1.3684293473525146,1.6091718757159583,5.167166519626644
133,,,,,,,,,,,,,,,,,,,,,lesgol,,,,,
134,,,,,,,,,,,,,,,,,,,,,lesgol,,,,,
135,0.040491147724530115,4437.5,4.9317769309062855,65.65859173742467,2.53736225978223,0.3161676595273346,296.875,3.1519800264679363,11.698773992570159,2.1905709199145185,0.7978849585478235,1000.0,1.5773124046646687,19.79070914891043,1.836376730965408,,,,,,lesgol,,,,,
136,0.6057239080765899,3312.5,7.0482312162426215,2.53629378114627,3.6023911559046926,0.6710650351492085,1312.5,4.42476720772614,6.08022926631476,3.445731520521984,,,,,,0.4567634941923079,4015.625,2.107900278708584,5.5224565505581324,2.5939282560584447,lesgol,0.30037961701737537,1750.0,2.3369785858656202,7.146732887746893,3.6067705297218233
137,0.8070028285262636,3781.25,5.03596493783655,56.9956539570162,3.0585405490000124,,4125.0,1.8704213980654856,7.962645175005092,4.49231431969714,,,,,,0.3307374543131105,1765.625,1.1811104424902847,4.482545780178072,2.0242228065606658,lesgol,0.6809102641091145,2890.625,1.2709722831391634,3.133914656352204,2.074021183512532
138,0.10617654241664087,1578.125,7.225109053217086,30.207307462035303,3.658991219219703,0.7155605764190058,1796.875,2.040950499212136,3.515687057055402,5.084422931457438,0.6775913813191679,3703.125,1.9451293710804407,9.304962169667816,1.4504521121614726,0.6675480867553938,1921.875,1.644695107879457,3.0079538127495624,4.504509789217199,lesgol,0.7513065535674132,1328.125,1.830773518601501,4.021014684321685,3.258643462594701
139,0.3828855814876229,1687.5,4.6774705499293185,77.78136202960438,2.4424877227626918,0.6351507897442967,1031.25,1.2725969009244675,8.222575013654165,4.0344949387347615,0.6609058655122566,3312.5,0.5781432214636835,5.8980672226056745,1.2974139838791374,0.6580217330884282,890.625,0.4944972916572885,2.9241624300604414,4.184641227568923,lesgol,0.5894225485194355,1796.875,0.5276525308936688,2.4355940551385515,3.8580426479030447
140,0.9064483015893589,4109.375,4.4333310314953644,106.8927680618412,2.2282791602023093,0.3050701550001204,328.125,1.3737210521704977,18.706924293922434,0.7421860101102471,,,,,,0.266243109763224,515.625,0.3164350580408383,1.3628492124650575,1.1021065999956037,lesgol,,,,,
141,0.8233525778754872,171.875,6.498665662587991,11.321988036656814,3.5596392016263825,,,,,,0.6203291336326204,843.75,3.913611007820744,2.633860242077077,3.0060239698820777,,,,,,lesgol,0.6146431983489605,3703.125,3.365187539404252,5.1899953275279245,2.426837864476555
142,0.1070844013917812,4046.875,5.9528528797591065,31.35794698137585,3.042302945490037,0.4805535618037679,3140.625,2.7463082163208115,7.700505202980934,2.8339291469518235,0.6595507864328098,2875.0,2.015861805409192,2.9372956674568518,1.98879693174108,0.3805843105047049,3812.5,1.4092250324862374,9.686548309567117,3.7449827036428127,lesgol,,,,,
143,0.2516394585504935,4437.5,5.122039739289692,45.43264658789343,2.991342324042793,0.5772776123494767,1187.5,2.054212148430248,2.365618735165569,1.7959316029962429,0.5609831919578729,31.25,1.982995254795413,2.277817116979362,2.2445815636553554,,,,,,lesgol,0.3875671626414274,3875.0,1.7546507864502234,8.164160533202361,3.0635452714576044
144,0.737006409660216,3718.75,7.141113699668662,7.604748075479819,3.733060162115765,,,,,,,,,,,0.4622465573362026,3484.375,1.3385139279063414,1.8595882809163133,3.5554592332098407,lesgol,0.3343902691341778,2890.625,1.4209756524579125,10.516673172572807,2.4970290245792164
145,0.6150968407158024,3609.375,4.994730909991051,44.16695366079824,2.543701313916201,,,,,,0.6369131750450883,3203.125,1.190909836759217,13.770810881449366,1.972699191270006,,,,,,lesgol,,,,,
146,0.08862666577095224,4125.0,5.341734724407198,52.66776873673217,2.720419209804016,,,,,,0.5414696834492116,3562.5,0.4201956669894496,6.542642638259907,2.798138134820311,0.4767669562676986,2953.125,0.2992600926883157,1.911194279449262,1.0964993955344144,lesgol,,,,,
147,,,,,,,,,,,0.6627521687337363,3812.5,2.8592961456347865,5.9303568906302635,2.1292481656022133,,,,,,lesgol,,,,,
148,,,,,,0.5683232734394439,140.625,5.67961137629448,2.3165483299682097,2.98623330727192,,,,,,,,,,,lesgol,0.6006954464692263,3906.25,3.57761973580235,5.008708221119406,3.172041877712977
149,0.5568388044745374,4093.75,8.30421919660657,20.308637333033122,4.242957441594868,0.6558551978885949,3531.25,1.6396364606225342,5.811507213619251,2.3440639143076902,0.6919849616082523,140.625,1.0307741861264674,9.73978418607101,0.6899146021927901,,,,,,lesgol,0.5916487028728965,3656.25,0.8773299313415164,2.4488718587043934,2.505944997709071
150,1.0,3859.375,7.728421670679832,4.675045860715073,4.008254060618143,0.6294495053964264,3609.375,3.1946980385477266,5.397375065278653,5.286194623538576,0.19967618795138695,375.0,2.5672784360007714,16.24342522900013,1.7478063284274692,0.6477124127764247,3968.75,1.8362686017640335,2.8385899369351364,4.373992814348807,lesgol,0.5761525217336847,3734.375,2.3906551246105705,2.35933927008449,5.313575524230826
151,0.6635294276368606,312.5,13.555905904863273,2.972028112225932,6.86690124732074,0.17790969878320873,4171.875,4.764504807124654,17.029759357674383,2.5572140529641922,0.4824645408511689,203.125,3.053463162258727,1.932234752850864,4.388391356734916,0.5138867307994477,515.625,0.5553741069827054,2.057133724501228,2.7468985193469067,lesgol,0.6046206497773255,406.25,2.049276468945793,2.5292165598350245,5.876880635783008
152,0.1411146468352672,4078.125,8.246889495658392,23.28599495416477,4.1835153470946285,,,,,,0.2535992388453621,359.375,1.2090327037569577,13.39762835253623,0.7230744602167802,,4015.625,0.3788353539434653,1.656534133699722,4.760118858920233,lesgol,,,,,
153,0.5306909104892243,4750.0,4.473632695429159,119.324345621297,2.383608419387885,0.762218186458838,2250.0,1.6404408604142011,4.205536096758266,1.9701351828030704,0.6479586947029821,2640.625,1.353737956874875,5.681151529399643,1.958932908906332,0.5794559742597444,3781.25,0.6728649964587938,2.3778723244011535,3.011625598396913,lesgol,0.1995798037165607,4109.375,1.3402074365045906,12.493437879794412,3.5123764110278146
154,0.12061416679110383,3218.75,7.655184030910468,29.56608921606741,3.943862017759648,,,,,,0.4996555655971183,3921.875,2.6023849385652347,1.9986232108155944,4.482402334924919,0.6240055006555305,218.75,1.7103037708378168,2.659613376641035,1.3285582849765123,lesgol,0.4955794115622656,3828.125,2.310630211664773,1.9824726090129443,4.5248568234926765
155,0.04586745135580872,4421.875,6.372673115885996,29.346027488306106,3.2346009438439016,0.4824710371949717,546.875,2.3946941391872323,54.10325220880169,1.866119501021121,,,,,,,,,,,lesgol,,,,,
156,0.06706376174345086,4296.875,4.160319863239794,47.162923033439284,2.5257294235878875,0.7612398623542111,62.5,2.6648196471515755,4.1883038343843815,2.217476971390319,,,,,,,,,,,lesgol,,,,,
157,,4125.0,7.020601123242553,7.39593655845357,3.52497086328672,,,,,,,,,,,,,,,,lesgol,,,,,
158,1.0,3187.5,7.749004792817786,3.431166383995759,4.9994597610463725,0.6968030445451647,3671.875,3.3764387708219266,6.596372305255301,4.999979741582949,,,,,,0.6396409040368631,906.25,1.4299210712641015,2.775009736683032,1.3401689221226445,lesgol,0.7508515710693557,2718.75,1.487729586703297,4.013671706829712,3.0874395734988465
159,0.4637823853056027,3468.75,5.693721380955675,16.78423041945257,2.912466307077584,,,,,,,,,,,,,,,,lesgol,,,,,
160,0.11385224909040804,4046.875,5.022629354397196,24.826559653757467,2.5434298778524003,,,,,,,,,,,,,,,,lesgol,,,,,
161,1.0,31.25,3.952822350692559,3.688299342374009,5.48055669178325,0.79906306290948,203.125,3.7730402752469803,4.976685792465876,4.4535215896723725,0.4944052458885713,562.5,3.632641903028832,7.9114744911266115,4.206821692217382,0.5899598754880254,421.875,2.156235584799291,2.438785719300494,4.927355698461,lesgol,0.464666712542457,109.375,2.81768484782771,1.8679951787591935,5.913274666338457
162,0.6236795274162368,3078.125,3.9045853208204484,148.8093369343206,2.044762176056211,0.7293578727017731,1921.875,0.7150519756913001,3.694916271841436,2.7936402812482264,,,,,,0.5586596532024921,2765.625,0.4771279386603573,6.797475059257237,3.420860059786123,lesgol,0.6595850120458725,2265.625,0.4962153992099858,2.9375909856670432,2.943761190498765
163,,,,,,0.5408343230036617,3546.875,4.899629329354451,6.5335893998538666,3.2293651021620082,,,,,,0.876254376857775,1203.125,2.995234484915115,56.5676572815401,2.2181914287798827,lesgol,0.7354715944936359,3906.25,4.027826121891502,3.7803123565720114,3.391145241810892
164,0.17425596514186625,4000.0,7.526075816289557,13.321319362470293,3.862393867350187,,,,,,,,,,,,,,,,lesgol,,,,,
165,,,,,,,,,,,0.7314643920186719,3968.75,1.2856658556612746,3.7239009288836367,3.3386523177535867,0.7739562666218496,3359.375,0.6948093219735627,4.423922685470301,2.5619214557027314,lesgol,0.6709500614124573,2343.75,0.7118746592971731,3.0390523830289453,0.8954624490073564
166,,,,,,1.0,3953.125,3.3899749922753863,9.937269094800172,3.3778003413431708,0.4185253775066432,3265.625,3.0104649700937203,8.598827543943457,2.5159372669566418,,4000.0,1.166206358815571,1.9325777189031896,4.356380445931869,lesgol,,,,,
167,,,,,,,,,,,,,,,,,,,,,lesgol,,,,,
168,0.7305507647717608,3921.875,5.855195405864732,7.422548437763737,2.981792785618977,,,,,,,,,,,,,,,,lesgol,0.4013307802258704,3234.375,2.001327149132712,8.35185747796828,2.302027042230802
169,0.5432253692930068,3500.0,10.098926396812153,6.5677903244245766,5.181371433245036,0.5110692305440419,3750.0,1.9943359307943624,6.135838011050423,3.5774431144769596,,4093.75,1.7874630305842232,6.213081564408071,3.001791233874941,,,,,,lesgol,0.4389167530977181,3609.375,1.6758099760335154,1.7822667233801042,5.366371226871751
170,0.06029849569244461,4578.125,4.735104626265629,80.87674612801929,2.4474772020271947,,,,,,,,,,,,,,,,lesgol,,,,,
171,,,,,,0.7452135487244127,3562.5,2.072782272541485,3.924855481888869,2.310501763525432,,,,,,,,,,,lesgol,0.2281352863103505,375.0,0.944789898066294,16.8423297106791,0.815700352828227
172,0.6693915458062745,1562.5,5.047300904386838,90.74178115971891,2.682371448827272,0.6022798544314902,1375.0,1.0720172655234697,2.5143307703726663,3.903767641313904,0.5426449171430499,1953.125,0.8051776095947374,2.1864849380339706,3.7838761379443904,0.5732653280849447,2421.875,0.5294834109059461,2.343376495545357,3.1834079965214688,lesgol,0.2737721032165356,1625.0,0.6216385205052095,1.376978224644219,3.831800249361899
173,0.47388642098819,4984.375,3.9878978556585416,134.95184848366407,2.038432300864025,0.1889134997422096,4015.625,1.5438263948726119,12.32914121591429,2.9038344487569074,0.7339204047527096,3468.75,1.1557303869838038,7.516547813977353,2.218079160866723,,,,,,lesgol,0.6310457811484087,3203.125,0.8100022783231016,5.4207267400958585,1.941430103594357
174,0.7263151572167106,1437.5,4.509964798440618,80.38442968294065,2.361944279029885,,,,,,0.7002274366496466,3578.125,1.3800955157954036,3.335862324502557,2.2730361424305583,,,,,,lesgol,0.7728541362761452,1687.5,1.285700903252362,4.402457450053844,3.642174671641805
175,,,,,,,,,,,1.0,3437.5,0.967805307669845,7.803917152729099,2.8862501823536633,,,,,,lesgol,,,,,
176,0.9198163128954608,3640.625,4.721051941818598,24.942729278494138,2.4343135387057373,,,,,,,,,,,,,,,,lesgol,0.6506839491522827,93.75,1.5721625523787242,5.7254740947242935,1.2016151496186498
177,0.6924364858398724,4234.375,4.703251593083836,74.7813018810334,2.4066761362388758,0.5895801886834618,3734.375,1.2059538930943698,14.619177326633661,2.3169939013237615,0.7792038028391639,2953.125,1.062413904068945,4.529063511322903,1.1253415500314776,,,,,,lesgol,,,,,
178,1.0,3671.875,6.40423690008219,15.076058861976916,3.257381553119427,,,,,,0.4819998950481822,3046.875,2.8763211325378064,7.722006157454473,2.272095155719499,,,,,,lesgol,0.6334097426269472,3515.625,2.778265122100644,5.455682358641468,3.732177844030335
179,0.03016849824322765,4968.75,4.210259773444328,118.57729903770571,2.113133405113345,0.2673422287387733,4109.375,1.5875144671045582,13.64893732415558,3.0460353080347784,,,,,,0.7099984437304754,3671.875,0.8285874163084506,6.896514714359739,2.899192292503609,lesgol,,,,,
180,0.5245938960656842,3625.0,7.909822925367209,6.310394366359446,4.061787409366904,,,,,,,,,,,,,,,,lesgol,,,,,
181,,,,,,1.0,3671.875,4.7868751765639885,7.6169551731684075,3.1376444317508083,,,,,,0.6017468631166423,593.75,1.8295140019935885,2.510965783787121,1.0584747732534,lesgol,,,,,
182,0.024062899934661708,4531.25,5.645157735437792,35.86296698594282,2.874301448188316,0.2225520818498984,3828.125,2.031085813789992,14.148857747505385,3.28416174998169,0.7236636309583537,3968.75,0.7659216059777019,3.6187780981130686,3.68825138894606,,,,,,lesgol,,,,,
183,,,,,,0.6238891047301888,3828.125,4.1859875533391495,2.6587902998200263,3.510216798417928,,,,,,0.9560577166076524,2921.875,1.7352604798358635,22.757124181993326,1.5064452012096567,lesgol,,,,,
184,,,,,,,,,,,0.6369560606838643,2296.875,1.6525855353697312,5.508975039680848,1.2593355797295125,0.633617421289278,562.5,0.8921659624182816,5.458774833230002,0.9148486312022158,lesgol,,,,,
185,,,,,,,,,,,,,,,,,,,,,lesgol,,,,,
186,0.975057681584395,3984.375,4.867136891607969,80.18500793208979,2.4926308185594315,,,,,,,,,,,0.6012994114245849,3406.25,0.945225276103828,2.5081477897313107,2.2986194273433407,lesgol,,,,,
187,0.3994441092417522,3515.625,6.7350342873069975,8.325619774850793,3.4850601603768983,,,,,,0.4414278701191296,2125.0,2.770452896842876,8.951395410770631,2.1656760874451773,0.7326484027675866,2609.375,1.5515200684092445,3.7403928398104256,1.951807098419224,lesgol,0.26164568243068576,4093.75,1.8908653202532932,12.189269820522327,3.2567944906342885
188,0.11898069931807652,4015.625,5.308504440691331,29.511271750659233,2.7545933824139572,,,,,,,,,,,0.6379961405076593,2906.25,1.1736130852588609,2.7624014876591616,1.8203760409667888,lesgol,0.5547881129741751,3359.375,1.1760855717282521,6.73836455724728,3.112367855250379
189,,,,,,,,,,,,,,,,,,,,,lesgol,0.880016217719381,3890.625,1.92587926651065,8.334459716073892,2.0844381143978743
190,1.0,3921.875,12.882465799581132,3.740037729756949,6.458524005705942,,,,,,0.43706051764916204,3843.75,2.2938353067495743,1.7763898808873648,6.130409529147579,,,,,,lesgol,,,,,
191,,,,,,0.5973150500444249,3343.75,3.908535374398545,12.41665475839514,2.50589097453034,,,,,,,,,,,lesgol,,,,,
192,0.1407685442109029,3406.25,6.735053117140343,40.734076673039,3.4121465964738777,0.720642744632852,3281.25,1.4896833496544208,3.5796457073783188,4.694116658134414,0.15816962834458434,3187.5,1.3580755025607545,1.187887766550347,4.6126113368000565,0.7502735257370499,3656.25,0.9915527262424692,4.004381205282414,4.256694941166807,lesgol,,,,,
193,0.6187608798692226,3671.875,11.130819929534756,5.246051347810095,5.581261073648063,0.7670011100195269,2984.375,7.093997430950848,4.291865940150217,3.9742505904773084,0.6812800653974163,3296.875,5.83334149061376,3.1375508445899816,4.777953418261563,,,,,,lesgol,,,,,
194,0.7641197461752085,3750.0,7.524860501171066,4.239439223016888,3.8005428449619374,,,,,,0.615099912436587,3046.875,2.3956621931076283,2.5980768316537417,2.091998281456947,0.566867008202304,3265.625,2.044898563495643,2.3087597087664733,3.2321126766310697,lesgol,,,,,
195,0.6311298053359498,3921.875,6.707588859089358,5.4219615163580945,3.6078229311260337,,,,,,0.7756824282768255,3234.375,3.963600714554461,4.457965518787262,4.2916863572055295,0.7736933714183638,3812.5,2.094681115768197,4.418783516273663,3.8122545292865486,lesgol,,,,,
196,0.22886841790765025,4031.25,5.886844910062366,9.077568812583904,3.0758330510213225,,,,,,0.1814285238692004,3234.375,2.0504004268729155,45.20069545409834,2.700898163214906,,,,,,lesgol,,,,,
197,0.7876913878902729,3859.375,8.297507798677078,14.130373564165726,4.230872143600287,,,,,,,,,,,,,,,,lesgol,,,,,
198,,,,,,0.7934386845881147,3156.25,1.8784903383918972,9.682355072206915,1.928143844384011,,,,,,,,,,,lesgol,1.0,3500.0,1.2964775777075093,4.578093120344505,1.6710924297336205
199,0.9587813120582775,3687.5,5.5885854211261545,24.26084016584571,2.8001113660104853,0.04746566259269547,4765.625,2.6231090967508264,79.78714993819938,1.7750074479031699,0.7264834634250411,3203.125,1.0040497366962131,3.656086072609156,2.390576473770172,,,,,,lesgol,,,,,
200,0.7195686115035902,3671.875,4.722645638594761,64.18682336706559,2.3834609118714027,,,,,,0.7554190216915587,3218.75,1.459020576142242,8.17725079780243,3.631253920672856,,4015.625,0.8518636440852174,1.427109067069864,3.369924286419302,lesgol,0.4743749096770734,3406.25,0.8773617231305395,1.9024967004250757,3.5229217556733237
201,0.04727291492699248,4515.625,5.038137558857193,48.28245225806193,2.5358123209068997,1.0,3796.875,1.9604411211149588,7.541233573049282,2.830864435244893,,,,,,,,,,,lesgol,0.6123684643921792,3484.375,1.2403796293242542,5.159538933961925,2.6129438175762645
202,1.0,3671.875,4.7252554872462715,16.342934247326948,2.9255132353365108,0.4343383392101917,921.875,2.758363277524236,17.67841219084469,2.562923517494488,,,,,,0.5633491031220198,3109.375,0.9696069262208159,11.450795213635445,2.1043311576214183,lesgol,0.1937193081079124,2531.25,0.9856908270082879,17.36368009402085,1.8871074659650449
203,0.04034114362200758,4593.75,0.298158505677114,41.68147851098945,0.1929040446590261,0.5783631849196423,140.625,0.23512771820348174,2.3717094054261247,0.6442188499963513,0.2759435345337724,421.875,0.2269168882620175,1.3811077556721898,0.3227102988795198,0.3525120528433311,265.625,0.14620973089630174,1.5444302930909009,0.4376336992994849,lesgol,,,,,
204,0.6342863042870336,3750.0,0.9461618843770376,21.875035290663188,0.5363863803140148,,,,,,,,,,,,,,,,lesgol,,,,,
205,0.09496647500272616,4156.25,1.0658896572245802,34.252874776206085,0.5912518894536908,,,,,,,,,,,,,,,,lesgol,0.6732568438050894,3531.25,0.15566397735338344,3.0605078669298114,0.33841144642713744
206,0.051722043612095085,4437.5,0.6317133042745806,43.23626814670829,0.3725801104615233,,,,,,0.6383410368928852,3796.875,0.29820757994407016,2.7650358542443314,0.4667244613657798,0.7325720140230338,3312.5,0.2006755777852749,3.7393244254029985,0.3697576983321017,lesgol,,,,,
207,,,,,,,,,,,0.4202221365378963,3781.25,2.8889830872626794,18.97278370428677,3.743716594944176,,,,,,lesgol,,,,,
208,,,,,,,,,,,,,,,,,,,,,lesgol,,,,,
209,0.3834352235517348,4046.875,9.184500546426392,9.731337613159043,4.632819071588825,,,,,,0.6299506380227141,3953.125,3.2780566994715823,2.702342181207115,6.465519263700867,,,,,,lesgol,,,,,
210,0.3266071975932128,4031.25,14.664445925193016,5.940069430061499,7.3593191336512325,,,,,,0.6646556544974134,46.875,1.2927321384842076,2.9820094282528657,1.0319154872065532,,,,,,lesgol,,,,,
211,0.02999537019879295,4718.75,4.83808030683639,83.50475607173148,2.434627656530356,0.1678438426768577,4109.375,0.9975845628129782,9.613580251252586,3.2436688130665083,,,,,,0.5421192957635558,3546.875,0.5566189758330096,2.1839749759002984,2.2665621479997875,lesgol,,,,,
212,0.7276658259344375,140.625,12.017318765570176,7.343918576735487,6.391189595010449,0.18564895135985915,3468.75,0.2886435820520107,17.19160308490811,0.28275369983225,0.7730509594149841,1625.0,0.18287196366578184,4.406275511992732,0.4690033971447805,,,,,,lesgol,0.684827698818492,437.5,0.18236541379759075,3.172867654458312,2.13636915310653
213,0.6885556806633631,140.625,9.209053552389948,3.2108468124573837,4.757746504328527,0.9172080430974744,3796.875,3.6426352253229557,60.39233987290232,2.3634342084144344,0.4627572495248635,78.125,1.347670162346145,1.861355968257556,4.235902145704299,0.18675458072192172,203.125,1.2003496874100876,1.2296411099219036,4.1884381698681405,lesgol,,,,,
214,0.7775178229153907,62.5,9.188983414962648,4.494742064752915,4.874170940497809,0.4896664059423692,3828.125,3.7566454040953774,7.838010365330348,2.460554016286041,,,,,,,,,,,lesgol,,,,,
215,,,,,,0.911732300155102,3812.5,5.230518594294131,11.329172525818336,2.8617061149886958,,,,,,,,,,,lesgol,0.4688413403258813,3281.25,2.5394461446274725,7.53070655471214,1.9421811245451623
216,0.95831287421762,3687.5,6.262454114767605,23.98822133289579,3.3401996003973826,0.4583817490586182,3343.75,2.791001773052948,1.8463188754476219,4.6321589219515324,,,,,,,,,,,lesgol,0.5730130763800134,3921.875,1.9332574108499792,2.3419920955003017,3.612783399422416
217,,,,,,,,,,,0.7535710586511212,3531.25,1.9689511953879049,4.057964922976566,2.006114016679142,,,,,,lesgol,,,,,
218,0.07156642533417412,4468.75,4.932095039487298,61.393729778154785,2.5003777107528378,0.544701352890549,234.375,2.5301199761665516,19.76724520737804,1.5465726181422554,0.6285471268215019,3703.125,1.1655584878304888,10.768526208378091,2.8275371237139013,,,,,,lesgol,,,,,
219,0.5523819740148497,3828.125,6.119651951238702,6.702142956368617,4.229689200538639,,,,,,,,,,,0.44234932135472,3140.625,1.6370372555260344,8.966186524056011,3.5865425561529194,lesgol,,,,,
220,,,,,,,,,,,0.6340064939974372,3625.0,2.056798017121237,5.464577833208864,2.402241782532657,,,,,,lesgol,,,,,
221,,,,,,0.4641689520339034,1718.75,3.5812994114627763,5.598779711230577,3.968538753483005,,,,,,0.5918309665424277,1578.125,1.129333950507576,2.4499653771602112,3.5346724793575044,lesgol,0.08431838137321901,4265.625,2.129770361151149,39.314975060860206,3.5042172055570724
222,0.7024380318543055,46.875,9.3746507916793,6.721289056068971,5.880749110314214,,,,,,0.4540027229219783,796.875,1.3593174785321829,3.6630219306280623,2.6910868935361814,0.4761079108801074,500.0,0.7386413818902771,1.9087900366656427,3.527221699211444,lesgol,0.2734331857705797,343.75,0.8447007725069842,1.3763359135258284,3.7615685186109697
223,0.6817199654516878,3734.375,4.417958099435339,43.986422270778405,2.2288258517615853,,,,,,0.4931917431210239,4015.625,1.6297664847685636,7.892531239788354,3.5296899577662284,0.7476365261815536,3468.75,0.9409758675585476,3.9625385752908637,2.69579422556283,lesgol,,,,,
224,0.4133367600647235,4109.375,5.1091656959504315,17.045554108867034,2.7585769375672937,,,,,,0.3917495453606152,2140.625,2.303580348610881,9.864357608342827,2.38462971261052,0.6073446586371216,78.125,1.1164908590982219,5.093525515425677,1.2150386435909846,lesgol,0.4690396636822064,3796.875,2.1226012232545144,1.88337985269294,3.636374749149798
225,0.6915667469037083,46.875,4.036123470656059,3.2421925650403325,8.29144527114713,0.08567651411523891,4031.25,2.925554228151635,41.560783012402474,1.9857466589313784,,,,,,,,,,,lesgol,0.6900643596225544,3625.0,1.5826929991907144,3.2264763057974903,2.5910129995410323
226,0.9443306930815186,3937.5,4.589300154293508,17.963219866637413,2.4826297310750305,0.7425701142250423,562.5,2.624630894353036,3.884552863742435,2.2152103660867217,0.7696387517544923,1500.0,1.3080213151696627,4.341007906565295,0.9451038292478618,,,,,,lesgol,,,,,
