,peak0_accuracy,peak0_freqency,peak0_prominence,peak0_width,peak0_width_height,peak4_accuracy,peak4_freqency,peak4_prominence,peak4_width,peak4_width_height,primary_label,peak1_accuracy,peak1_freqency,peak1_prominence,peak1_width,peak1_width_height,peak2_accuracy,peak2_freqency,peak2_prominence,peak2_width,peak2_width_height,peak3_accuracy,peak3_freqency,peak3_prominence,peak3_width,peak3_width_height
0,0.6625921205448511,3875.0,8.372392928096913,14.818859619028672,4.234478287677447,0.6577866756696588,2718.75,1.5715917499201872,5.844307798107195,1.2973179986364234,obnthr1,,,,,,,,,,,,,,,
1,,,,,,0.5385137940691249,4015.625,2.3855294604737307,4.3338240109815445,3.3680237638283934,obnthr1,,,,,,,,,,,,,,,
2,,,,,,,,,,,obnthr1,0.6197534961576205,3734.375,8.08858569428094,5.259745927418294,4.62125187288242,0.7909737357997068,3515.625,5.475839173398217,4.7840877978940455,4.293666385381157,,,,,
3,,,,,,0.6486468880035139,3046.875,2.8537367676430585,2.846139583957921,3.3452346529868104,obnthr1,,,,,,0.5628284196986544,3625.0,4.210986116900487,6.8622942002132845,2.7816709667914683,,,,,
4,,,,,,,,,,,obnthr1,,,,,,0.6436543870765492,3218.75,2.8236134560380233,5.612528757101983,1.953011805505681,,,,,
5,,,,,,0.6754027862294736,3937.5,2.6637679421739513,3.0807411695990368,2.539939781790326,obnthr1,,,,,,0.7277444552594883,3781.25,5.193777846907076,3.673019776155911,3.6617013715720055,,,,,
6,,,,,,1.0,3250.0,2.1272425075346173,4.243740105623829,2.2412694792344423,obnthr1,0.3950901690594657,3515.625,5.832298908355713,9.91883367256736,3.1907837328695083,,,,,,,,,,
7,,,,,,0.7851961561517035,2875.0,0.9250337956243284,4.6554101736942926,1.3018888389011138,obnthr1,,,,,,0.4946918720167209,3515.625,4.252637896700711,13.852933709848484,2.561998513959776,0.7398537863277024,3359.375,1.3950467952063894,3.8439921376664192,2.4618238193886075
8,,,,,,0.4088318358876263,3343.75,1.9098957117125788,16.91566056337757,1.7253782965372493,obnthr1,,,,,,,,,,,0.7046994448111967,218.75,2.019739328363946,3.386380358684528,2.702655300863277
9,,,,,,,,,,,obnthr1,,,,,,0.6540540318452219,2687.5,3.1888510817456908,5.781249628858774,2.6272192587239798,0.7572503555685751,3515.625,2.9241745567115576,4.119470503622068,2.860063816396295
10,0.6953156074449078,3828.125,9.041726512972524,3.2820847553560952,4.5773151825173874,,,,,,obnthr1,0.6998293240359127,2796.875,4.875583939789987,3.3314380120183387,2.937446805579261,,,,,,,,,,
11,,,,,,,,,,,obnthr1,,,,,,1.0,3796.875,3.2328175176497833,8.226958235945972,2.747122765839645,0.392552833713572,2984.375,2.9952541881462444,8.231168532017419,2.6712624933758136
12,0.6054994977285011,3843.75,7.643749331938977,5.069702037092924,3.945165634534008,0.3116784854622542,2734.375,1.5873108733395027,11.622475588856958,1.1672675979731055,obnthr1,,,,,,0.10126058632264813,4062.5,2.163864840830238,5.563347866921305,3.4076342722791266,,,,,
13,0.7327192323433839,3765.625,6.595281326254275,26.189688324275973,3.320928551342173,,,,,,obnthr1,,,,,,0.6863847617858141,3890.625,2.679737628861245,3.1886205711631987,4.961576824777821,,,,,
14,,,,,,,,,,,obnthr1,0.5196021927034826,312.5,5.222562320750369,2.0816081689206527,2.911882063521805,,,,,,0.13026184160751209,2484.375,4.090568612632201,27.5945119440988,2.3868691413803487
15,0.008118387846606678,4234.375,7.993297917203888,16.130957368252552,4.179881675340481,0.5901923145219614,3968.75,1.6176390546262862,2.4401689754390645,3.2080244276665533,obnthr1,0.5179664490504505,500.0,4.4148208392198,2.074544392252609,2.524653146372376,0.8806816334875878,3812.5,4.026992855033263,8.380939407982709,3.0525232827571043,0.9116535382628476,2750.0,2.1416803197044096,11.319072437503962,1.6980020626908374
16,,,,,,0.6953781729492804,3812.5,3.18814287625774,3.2827588544188586,3.0918450774664383,obnthr1,0.6235708941312796,3640.625,5.412115636548221,5.313085435793852,3.3233626544138994,,,,,,0.8089534316582775,140.625,3.3013421317008484,5.2343258959318915,2.1612797929337066
17,0.022662741068208314,4093.75,6.4723510488636125,7.162317752677153,3.4984549495550334,,,,,,obnthr1,,,,,,1.0,3187.5,3.462567576550716,7.607399182875639,2.6714174322838606,,,,,
18,,,,,,,,,,,obnthr1,0.4507972516114438,3843.75,3.897231211613189,12.745748306138411,2.6081737621877368,,,,,,,,,,
19,0.6815204931761353,78.125,8.49912887545301,3.139919456585477,6.075399399402918,,,,,,obnthr1,0.33662804509271393,3843.75,5.791979571597018,10.55214943625154,3.0198824479706783,,,,,,,,,,
20,0.9380733191631732,3937.5,4.977636047958862,16.148128504334693,2.8537087885770145,,,,,,obnthr1,0.5411700965499358,93.75,3.7456332142640862,2.1794569021782007,6.802222854735872,,,,,,0.7595405115356237,3468.75,1.6266020124141491,4.158704679886853,2.395687751786232
21,,,,,,,,,,,obnthr1,0.6922943332606767,3406.25,5.8621989639354775,6.499717802383941,3.254861040247976,0.19284135210285305,4015.625,3.454803222573545,2.4778276305538043,3.3245387454755577,,15.625,2.9371856105569067,1.6221577548829105,6.2572022207734905
22,,,,,,,,,,,obnthr1,,,,,,0.6004822840429915,187.5,3.1220803874947216,7.509053741994325,3.389946364868445,,4218.75,2.467225273030577,13.426046179141052,2.058420807123384
23,0.7288341059662369,46.875,6.535625425650791,3.6877794073744727,6.669401547495822,1.0,2890.625,1.3739391917692203,4.5615424587095665,2.8834925724525617,obnthr1,0.6372566831449801,3734.375,3.939322032900471,2.7567702933026794,3.094697427869839,0.16244564383520274,2593.75,2.01946635609119,21.49114247631985,2.6521319444397964,,,,,
24,0.4806539007171813,3453.125,7.941329310506071,15.403985918152554,3.973594538099375,,,,,,obnthr1,,,,,,,,,,,,,,,
25,0.4541810304053412,3390.625,9.337229588100387,14.656874248876024,4.677803780243639,0.20144274975089824,3062.5,1.5136961294227365,1.2522583693129832,3.6245187150161247,obnthr1,,,,,,0.37777460075076297,3484.375,2.271689627474529,1.6071346512157447,6.210112514996165,0.7687391532004503,3234.375,2.0076582046437665,4.324121501063131,4.729774601233814
26,0.7364815986966031,3375.0,6.062596746676628,3.79480140686141,3.218879130995472,,,,,,obnthr1,0.729668075377675,3593.75,4.299531460007815,3.6991561444216363,3.4265869423477686,,,,,,,,,,
27,,,,,,,,,,,obnthr1,,,,,,,,,,,,,,,
28,,,,,,,,,,,obnthr1,0.4543486922086225,3750.0,3.2453262234281874,7.330688926946267,3.1234088817797656,,,,,,,,,,
29,,,,,,,,,,,obnthr1,,,,,,,,,,,,,,,
30,1.0,3921.875,8.250356669490408,4.4130533295360115,4.27452942559618,,,,,,obnthr1,,,,,,0.469061803899383,31.25,3.895021568076694,1.8834583899676565,8.179031137906053,,,,,
31,1.0,3921.875,13.119941734885625,4.0280013045560565,6.606304911542728,0.5369357103346128,3484.375,2.8766306926682983,6.478582060749744,1.756383053430857,obnthr1,,,,,,,,,,,,,,,
32,1.0,3953.125,7.127324135012589,15.96571502413326,3.6250495118989776,,,,,,obnthr1,,,,,,,,,,,,,,,
33,0.8596738941441718,125.0,7.271551213119991,14.252515508802125,3.817781365214013,0.5888363290875994,3015.625,1.4227424516880096,2.432121490162132,2.3601165515280838,obnthr1,0.6300579135636805,3281.25,3.5678253234525794,5.406251608910337,2.7014074266815533,0.07334338944564023,4171.875,3.1169653180416432,12.949780817752073,2.2977891751300645,0.6251604639950527,2671.875,1.4254561445274456,2.6678082324453665,2.001174118058859
34,0.17750277726631736,3984.375,5.735029229722023,34.042668140493106,2.881326026545889,0.7670699989904415,3703.125,1.7857731441683469,4.2931352580853845,4.4114628536746165,obnthr1,,,,,,,,,,,,,,,
35,,,,,,,,,,,obnthr1,,,,,,,,,,,0.5595535890492378,3531.25,1.8998219368127465,13.622542608641536,1.7108709939403266
36,0.778218304531915,3984.375,6.712832389045631,9.017876771925957,3.4153324087254213,0.7888307334089072,3750.0,2.611122705625644,4.7355375909714885,2.5112913159740837,obnthr1,,,,,,,,,,,,,,,
37,,,,,,,,,,,obnthr1,,15.625,2.9519851501978565,1.0108992529960157,15.102262397301244,0.4763649114159682,3750.0,2.737964840216704,7.638907489596335,1.5448358404515865,,,,,
38,0.658151122115701,3468.75,9.287180249984836,5.850538437855903,4.755993325757167,0.7422343149379287,875.0,2.4075439169340136,3.8794923372333088,3.3906892208633623,obnthr1,0.393766365482348,500.0,4.2635949482076745,9.897174386858099,2.5258835588541246,,,,,,,,,,
39,0.7535523343559605,3500.0,3.975184207899848,8.11531322389854,2.039899114343752,0.5931005121706813,3578.125,0.6641763985206484,2.457609384899172,2.315454964226916,obnthr1,,,,,,,,,,,0.7587293133572357,3906.25,1.027387106204802,12.434166958881034,1.23692405561109
40,0.34726135151853493,3281.25,6.6149101805576285,9.19204035789582,3.3447111354191588,,,,,,obnthr1,0.7682100934082522,3687.5,4.194522471792694,4.314251706228531,3.087155785484012,0.6375095285825616,3906.25,2.9612581578831136,2.7586932039612577,3.082845344770188,0.5673677412092157,3000.0,2.2277602559468965,2.3114318908974103,4.180889361299856
41,0.12569417048506315,4062.5,4.53965683296229,17.15646801568505,2.3873873806995918,0.3888840082741436,2968.75,0.8084582112624432,8.181752838572379,1.9059967018389448,obnthr1,0.7655623553255306,3484.375,3.362331465452024,8.531053119805563,2.971541472305757,,,,,,,,,,
42,0.5292404003886788,3359.375,8.835606150860507,6.372679394062117,5.253466766606245,,,,,,obnthr1,,,,,,0.7963132040785448,3578.125,2.3564011624141035,4.909498406492759,3.890377989893416,,,,,
43,1.0,3984.375,9.793877786429988,6.207299213879707,5.038893003023564,0.4051264883637869,3515.625,1.9166988526630688,8.40514815703827,1.8015932497572085,obnthr1,,,,,,,,,,,,,,,
44,0.6721943258309031,3562.5,8.535389086996572,3.0505878293130313,4.368854155594984,,,,,,obnthr1,,,,,,,,,,,0.4851723947808413,3640.625,3.5552325872008046,1.9423977849328933,5.999374190459572
45,,,,,,,,,,,obnthr1,,,,,,0.3499354682732091,4015.625,4.315721093288674,3.0766176316177787,3.6512118567723952,,,,,
46,,,,,,,,,,,obnthr1,0.5175327651429353,62.5,3.0532883834932543,6.218038828872551,2.0005836997926787,0.30815390009578697,3546.875,2.7324308018525993,23.12653060010777,2.1004001125102727,0.612600435738043,3171.875,1.3428838964556695,5.162628419085195,2.5812491532934585
47,,,,,,0.4849860581718634,406.25,3.790104919658165,5.825085024593606,2.90777517396856,obnthr1,0.6038469764813974,3656.25,6.010019350946251,7.5728312593810765,3.690542794233481,,,,,,,,,,
48,,,,,,,,,,,obnthr1,,,,,,1.0,3671.875,4.533370195782181,3.1230620328135497,2.457923681550124,,,,,
49,,,,,,0.2576810494844789,4046.875,2.199523661356744,5.388519311304264,2.3538824597019,obnthr1,,,,,,0.5156145452519714,78.125,3.8686386729220867,6.193414708458913,2.7232588533671533,0.3047504415087364,3843.75,2.528303828091277,10.068327141681976,1.8146614517518032
50,0.4421824060569648,4062.5,6.049092222555927,12.548905011258654,3.343619399188636,1.0,2328.125,0.914282839932637,3.915518359993172,1.8652120281535591,obnthr1,0.4673876629450641,3359.375,2.8545686254683464,13.14276728681557,3.815906335565738,,,,,,0.33523335080018146,3828.125,1.0176949617282354,10.53001080668821,3.186501401456149
51,0.2920830757584231,4062.5,5.2941674366320655,9.888165913676119,3.041379178277159,0.7782946865774775,2968.75,1.418435466434402,4.510491808079563,2.9640726157149038,obnthr1,0.34989447822223785,3312.5,3.344622903438803,16.920330056449412,3.8025924587027413,1.0,2468.75,1.644105745414394,4.842681335136177,2.734106517651805,0.5131182207281287,4000.0,1.6219599920388337,2.0538866775739564,4.421548594172228
52,0.06845671376642859,4125.0,4.929887528677272,55.82134589821061,2.541488423409928,,,,,,obnthr1,,,,,,0.384817340418512,2750.0,2.5966942528709716,9.753200787684476,1.6782297286618155,,,,,
53,0.6156831247618199,78.125,10.863656400516353,5.204038981531845,5.6010918957585725,0.5489295912673411,531.25,1.428187475494107,2.2169487969951973,3.612574514753288,obnthr1,0.9255444746100132,3906.25,2.7168969284585565,40.29250998211961,1.8650210037059585,0.6122229999629969,2765.625,2.0404905637853763,5.157603467480413,1.9067278559997969,,,,,
54,0.5449329900001479,78.125,13.217521945405927,6.592435694252973,6.819693899042586,,,,,,obnthr1,0.9726366174526879,3781.25,2.073928438931586,36.54518947980853,1.4533713772368344,,,,,,0.6636769883199817,1984.375,0.4762725150171093,2.9733320803853047,0.7012026790269597
55,0.6308619549704859,3437.5,10.628464887222627,5.41802728526693,5.389030359855885,,,,,,obnthr1,,,,,,0.2697913308787317,4062.5,4.84632903019878,8.216829317050411,3.427222066636804,0.4713582709187475,93.75,3.5063241427240843,9.458201509535957,1.9719877987502337
56,,,,,,0.7440926315841342,2890.625,1.109173103223948,3.907663957432192,1.6979742251017895,obnthr1,0.4400679342600513,3671.875,1.6663919877802784,14.28744751281215,2.3967189169512606,0.5325097667074418,93.75,1.6466739210534014,2.139082121474384,1.1942573818795577,,,,,
57,1.0,93.75,9.18969766312234,15.256056113508219,4.729943129876347,0.4546668109046079,515.625,1.3755083232713614,7.334965265245027,2.579323371337701,obnthr1,,4312.5,3.364956224372558,20.455620237121767,2.1366665835910137,,,,,,0.377774158502944,3343.75,1.5618007099782556,20.89273561625535,1.249461520189175
58,,,,,,,,,,,obnthr1,,,,,,0.4780803998601596,3625.0,3.2911359621733998,7.664015681588238,3.3692744590479147,0.04654569188721891,4281.25,2.552707224203515,19.927541192411862,3.2942979076216585
59,,,,,,,,,,,obnthr1,,,,,,0.487906545194868,3796.875,3.0738325123097363,19.527685632704134,2.142864530518448,,,,,
60,,,,,,0.6322342645194738,3718.75,1.0342967729791188,10.876489063815484,1.2817196042008592,obnthr1,,,,,,,,,,,0.5811904772823377,78.125,2.3318146109605755,2.3877203018474433,6.045965414598662
61,0.3254822715482185,5796.875,3.9257492282481317,182.35250878034225,2.028327367127013,,,,,,obnthr1,0.18616085873769872,2890.625,0.9622480452883648,18.431160704232443,1.1728483246032426,,,,,,,,,,
62,,,,,,0.4911941005888669,3109.375,1.6106220121481367,7.861544067451661,1.2660652725495485,obnthr1,,,,,,,,,,,,,,,
63,0.6341463580048634,3718.75,7.876660198118839,8.200000370749024,4.053978573991758,0.7868101606671289,78.125,2.8736656521634356,4.690655066532587,1.7218694246063175,obnthr1,,,,,,0.34939275561196503,4046.875,3.774092405267024,9.222153690655006,2.8670364303229703,0.7959161887140218,3140.625,3.4585450781568183,4.899947691582071,3.1544771674146164
64,0.3709236753631059,3515.625,5.565082075290447,15.896322287716114,3.0048440288709317,0.4992085947267685,2953.125,1.7908570727703976,7.987357526269051,3.1075064507219796,obnthr1,0.7752505621216318,62.5,5.085327420113308,4.449399337502184,2.8667737591368625,,,,,,,,,,
65,,,,,,,,,,,obnthr1,,,,,,0.7687606815934414,62.5,2.8251511181979203,4.324524077007647,1.5967774429186967,0.7929172151702645,2296.875,1.3408310002238235,4.82898663364125,1.4034614256933142
66,0.10962894115865483,4187.5,5.722706085292815,14.600654267578195,2.9085501590819014,0.8887766486533573,3359.375,1.5220331359076718,8.990917715501697,2.2449173431789267,obnthr1,0.14113945699434793,2734.375,2.6719319605496628,23.286667623603226,2.7909209148372267,,,,,,0.445898306239828,3843.75,1.8244324391552844,7.218891486968259,3.6780025538902175
67,,,,,,,,,,,obnthr1,0.7671679340301579,62.5,6.925398491510053,4.294941059061541,3.830264682349913,0.2628196003758119,2250.0,2.8190982553181363,13.565200600962756,1.847362501997153,,,,,
68,0.4408648242725791,3500.0,6.626028439827006,17.884762816058302,3.39139785767371,,,,,,obnthr1,0.7042073793891872,3234.375,3.3111924153456216,3.380746950126735,5.012197630151767,0.16199793383168493,4125.0,3.2255721179520536,11.933144802045716,2.5887190153178605,0.5048926320406799,2843.75,1.1896312937200744,6.0592917701166025,2.0308921834271176
69,0.8388683738488438,3859.375,7.895281041695618,18.6183188965382,4.101210703063941,,,,,,obnthr1,1.0,93.75,1.7500150254688047,4.804423096979012,1.0460262080185287,0.6672802724657756,3343.75,1.7143764708823728,3.005532636765992,3.5510051949589503,0.4364255209992976,1890.625,1.6763329107360752,8.871941839640627,1.1813898517550459
70,0.9503050801160401,3828.125,4.972295205430782,60.3683436255686,2.546679171764356,,,,,,obnthr1,0.631200782504723,78.125,2.711828530152776,5.423004998717529,1.5639807827315235,0.15546848018063575,2718.75,1.1818944026482487,21.313591710407678,1.1573462351504749,,,,,
71,0.7842201344961734,3828.125,5.842307284022383,37.07482151460573,2.9940373620754324,0.5957537687712557,3906.25,1.0806506702078835,2.473739821792293,4.511144791351459,obnthr1,0.5104454826237589,93.75,3.6205150262543455,6.128020258251211,2.037388871078866,0.4250058007572141,2843.75,1.6571545859828418,8.695739898914695,2.4183673685107623,0.7050079904137512,2578.125,1.1904477201600128,3.3899223284135185,2.4946151594045554
72,1.0,3921.875,8.591781819585774,3.072457526773718,4.299707837297183,0.799465462801366,3750.0,2.3511208878831287,4.986672191082363,3.3614466980655653,obnthr1,,,,,,0.7362051431443134,2906.25,3.844106242444584,3.7908244759565832,3.0389768765994485,0.6522614589342072,3234.375,3.6034190906977988,2.875723803680416,3.126649581187908
73,0.6428702723295558,31.25,12.329047731755153,2.800102938848009,12.07547135420856,,,,,,obnthr1,0.6980374994056875,3703.125,3.2310639903690856,9.935008466599328,1.7162985603089658,,,,,,,,,,
74,0.5367648769597497,93.75,11.450097555749554,6.476192867912849,5.996723847812786,1.0,2031.25,0.8687766252502224,4.435292488955426,1.3183872452722247,obnthr1,1.0,3187.5,1.9598798326878613,25.72156274817155,1.7152042815955706,0.6609482502631684,4062.5,1.3785036511429516,20.64581588336685,1.8677125302375772,,,,,
75,0.4415264355407277,62.5,7.85247093360501,3.5811900997255766,4.566732979170221,,,,,,obnthr1,,,,,,0.34945879521687584,3578.125,4.469671088934353,10.76027152243745,2.5553142851295667,,,,,
76,,15.625,4.874099909521013,1.628066673213782,12.180768290728176,0.599774769723768,2625.0,0.3684101960892914,2.4985931029630706,0.531707377071966,obnthr1,0.6271010058958562,2468.75,0.6164369428439044,5.363382662924097,0.4571501688565881,,,,,,0.8762976145012906,3421.875,0.39541590994459735,8.083918478762342,0.4148074359911029
77,,,,,,,,,,,obnthr1,0.6740857208731543,3937.5,5.06495182771523,3.0682914620344093,4.15252246872083,0.511156317877038,2968.75,4.347396303441599,6.136931108471174,3.0993960150981263,0.6635672186324324,3421.875,2.969588495197773,2.9723619557377674,2.67857986939374
78,0.7992042136582479,3828.125,8.720061314380793,4.980184187221995,4.366375254460388,0.7583168909336302,2562.5,1.8782389801670905,4.137649519087347,1.6709694060813431,obnthr1,0.6473315020420443,3265.625,5.481141819463553,2.8355240283446506,4.6584283247262,0.7256960753470795,4000.0,3.109223053468625,3.6455912953681207,4.0698318130842885,0.4810084396919113,3687.5,1.9284233007745053,1.9268136063838317,3.1515687278572786
79,0.7774049405514731,46.875,4.492532464198798,8.984925384035678,7.316998040761732,0.3159554822458087,4062.5,0.6716298897607237,8.771358945611894,0.7078143438601234,obnthr1,,,,,,0.33542317955501577,3218.75,1.0450341395983358,9.028301643115613,0.8266773175392474,,,,,
80,0.7443790495398006,46.875,6.6031797691858864,3.9120424135802665,10.058580332983846,,,,,,obnthr1,,,,,,0.3943323133246903,3375.0,0.3333315872184112,18.161774586955886,0.19875002654416987,,,,,
81,,,,,,,,,,,obnthr1,,,,,,0.4671069507773894,3546.875,1.3474385419321326,7.506196610811942,1.529829038265298,,,,,
82,0.5780731324199391,3421.875,6.392182143981382,9.480315920485907,3.252377996866976,0.42992348544616543,2953.125,1.7183494001147468,7.016601978649418,3.5819153641207286,obnthr1,0.6957731024545111,609.375,4.797757408495169,3.2870203393191986,2.7255933364836933,0.40306138640714,234.375,3.413274844304726,8.376070648045285,3.3373709837561143,0.6211642721415023,3562.5,1.807919957626008,5.27933310647785,3.640952095736276
83,0.5442161815054507,437.5,5.292741669512559,46.07447466951075,2.850724027622268,0.7021149417644674,3203.125,0.7607361030753779,3.3569995283527017,1.2331675953659,obnthr1,0.5473629408791489,2828.125,2.0046013976624084,6.627826731259803,1.5397768479139298,0.6774738169845386,1359.375,0.9122512229365238,3.1005234696001764,3.2946461980910877,0.7874298229092951,828.125,0.7902662866567822,4.704328771261707,3.5862158049712543
84,0.7639391400812678,62.5,12.92924880268329,4.236195701160566,9.274719501029924,0.3355024118472426,3203.125,0.3438198356174754,1.5048963575321752,0.9335595233834642,obnthr1,0.7993112135659002,3296.875,1.4111532601964798,4.98283943895575,0.8048491543736517,0.7289652753433233,3390.625,0.7244639642248618,3.689564137092447,1.0400392850331217,,,,,
85,,,,,,,,,,,obnthr1,0.6152501820416205,4046.875,4.1990572435637885,15.594549288777188,2.625838409503752,,,,,,,15.625,1.590951376011552,1.1468500181004544,8.457593030176191
86,,,,,,0.5092070092480545,3203.125,0.2875368150131305,6.112556732735101,0.4277667564620822,obnthr1,0.5898854685147283,3656.25,0.8423877855807435,2.438343251038674,0.5716082447698916,0.7598470283961929,3593.75,0.3166405833323465,4.1640126013087695,0.6835872734917673,0.6914801473870686,3468.75,0.29802665309739496,3.241282502667985,0.6704432692962307
87,0.19501423045356592,4109.375,7.892734987911647,9.938063879697609,3.9526983358455032,,,,,,obnthr1,,,,,,0.2122598133731501,2984.375,3.4059117899903604,17.77235722852839,2.522920256273279,0.6566024495618741,1484.375,1.3661824251483885,2.9120766840769363,1.351262987079478
88,0.16046805068162906,2843.75,5.739211026684092,22.631658051163388,2.87826801479289,1.0,2265.625,1.6791756696522715,3.8729674093608537,2.4359660371911804,obnthr1,1.0,3796.875,3.7472792866863776,7.312607533989762,3.629586386589639,0.6339694053186293,3171.875,2.2500337355592395,5.464024125472349,3.72872299888815,0.6658446288981624,2515.625,1.9365795401833836,2.9926198603440644,2.442263840498105
89,0.14457947310630692,2937.5,5.426407832141456,26.887360399826264,2.7282668735783915,0.6990446089160876,3078.125,0.8665811665492651,3.3227515759010933,3.4944463075169256,obnthr1,0.9323076083624906,3421.875,2.4688023017028233,14.772708953097235,3.1886448135526164,,,,,,0.5063826249638885,2250.0,0.9629155228857224,6.0775818512882145,2.718672335435661
90,,,,,,0.632342030210561,3828.125,1.7199627681966223,2.7199192787054467,2.8747727032017067,obnthr1,,,,,,0.7384110087300157,3984.375,3.2127747030785034,7.645581682509771,2.518738881029545,0.2564153440309834,406.25,2.3557915056036443,8.069020725260913,2.06873986161216
91,,,,,,,,,,,obnthr1,0.21583359477409625,1796.875,3.1702264106050517,16.57811392245877,2.123735899643368,0.39455029313250706,4031.25,3.0823303478698896,6.606659404784268,3.1567664718401005,,,,,
92,,,,,,1.0,3250.0,1.1805312495807896,4.327070997823569,3.053666688855299,obnthr1,0.07864575887190273,1562.5,3.3104784662747027,43.41435488593875,2.2541958882131885,0.7273746520774309,3140.625,3.115429147815436,3.668037501355229,3.042067669528715,,,,,
93,0.8633410162807458,3875.0,5.4798270956865345,36.58742267739797,2.775212408683508,,,,,,obnthr1,,,,,,0.3253192356207633,2921.875,3.440304454975016,10.375277271230035,2.912163030303624,0.5242933436295316,3578.125,2.1328474927414507,6.3064074463227096,4.194366544719947
94,0.1588234556453748,4140.625,7.935790813624806,16.6433551838291,4.240662679072635,,,,,,obnthr1,,,,,,0.5757169625784749,46.875,2.23353031015726,2.3569172269465506,2.146626875703797,,,,,
95,,,,,,,,,,,obnthr1,,,,,,,,,,,,,,,
96,,,,,,,,,,,obnthr1,,,,,,,4031.25,3.869148993685025,1.9383911737728,6.545332165709267,0.5287217270025246,546.875,3.6559184654770496,6.3656658324583315,2.186523907658304
97,,,,,,,,,,,obnthr1,,,,,,,,,,,,,,,
98,,,,,,,,,,,obnthr1,,,,,,,,,,,,,,,
99,,,,,,,,,,,obnthr1,,,,,,,,,,,0.9416983686859588,1015.625,0.6070161347796748,85.76089360291752,0.5780690830183494
100,0.6659599885139651,3734.375,5.10438938187251,26.942880165648237,2.6686113431342395,0.3335572217854106,2937.5,1.0492391870815705,10.503527427745725,1.5562983694346846,obnthr1,,,,,,,4125.0,1.5717169760508556,8.653974954090359,3.6855596890696116,,,,,
101,0.8524432902090415,3968.75,9.677030313463673,6.777055421042434,4.907916839953044,0.6038296253357782,3515.625,1.4165702025570712,2.5241665302398246,2.2353047620291537,obnthr1,,,,,,0.7049351728500486,3828.125,2.8764846281858354,3.3890857465427477,5.584651575580593,0.6878504334907188,3703.125,1.4992947840418358,3.203592467491916,3.624954117111556
102,0.36060448935816825,3828.125,6.118141884403137,10.947840395334225,3.1526712737089797,,,,,,obnthr1,0.6505979204620895,31.25,4.272438408874823,2.862032193175596,8.289766343864677,,,,,,0.7146952657945194,3625.0,1.7353496336541323,3.5050242078345093,1.4360630115781268
103,0.8848242813296006,3781.25,6.245745061357571,8.682385589116393,3.14376117135509,,,,,,obnthr1,,,,,,1.0,3437.5,3.675970063946623,4.388418649608809,3.0674326421940648,0.4537579685586942,4015.625,2.544958595172921,3.6613806424284685,4.206488628472916
104,,,,,,,,,,,obnthr1,,,,,,0.7909199547087615,3875.0,4.107091876617654,9.565714400023666,2.9143437947503226,,,,,
105,1.0,31.25,7.485729877669875,3.5226931124627985,9.018955684294161,,,,,,obnthr1,,,,,,1.0,3187.5,4.324889382280488,6.0006870049386976,2.6770094062928016,,,,,
106,0.5508558850385166,3468.75,5.398757064991366,6.679370607488124,2.8229475694570083,,,,,,obnthr1,0.645273397284069,3156.25,3.728496934142801,5.6381449394750405,2.827662154241698,0.7452857024750881,3843.75,3.5140528474000003,3.9259672885154657,3.594893525841236,0.5580147811989786,3937.5,2.608575404951659,2.262519101233096,3.6504083107418537
107,,,,,,0.8237902617017427,3687.5,2.0090481834030847,5.675055247556031,2.567307580897535,obnthr1,0.7447798914156877,3390.625,6.575610417909501,7.83637312551059,4.4222071170748345,0.08968249054948585,4031.25,2.8316460483262302,3.2955534402615854,2.8782608628307256,0.6107389588098258,2625.0,2.68263771722546,5.1379403237605175,2.210316803783856
108,0.6626939254575854,3390.625,7.120697878620138,11.858665769439087,3.9166521617544174,0.7349969199928719,3953.125,1.3092820213495229,3.773541047044063,2.8487537249451935,obnthr1,,,,,,0.7777349314763253,3656.25,2.0841712584681327,4.499132529651121,2.790714941279881,,,,,
109,0.6046539757767113,62.5,10.614014196830247,7.588289286312946,7.589775255567912,0.4155005967025276,812.5,0.1263820246521276,3.421731465792668,0.4434394574888275,obnthr1,0.8002707360219079,4000.0,0.4134909556641387,5.006777575216461,0.2600960665276228,0.20860189430076093,250.0,0.3416993627655063,1.263586547400756,2.4587907839229404,,,,,
110,0.5962620609586415,62.5,10.29522970999282,7.4305625255908465,6.957338878707419,1.0,2937.5,0.3332008729357998,16.878189814424132,0.20443714939500607,obnthr1,,,,,,,,,,,,,,,
111,0.3964235472534803,3859.375,7.335775313494304,8.283954712361549,3.747122741808774,,,,,,obnthr1,,,,,,0.4341611202437793,3359.375,4.632225780297691,7.069150146987624,3.595568464357479,,,,,
112,,,,,,0.5548907169762218,4046.875,1.3030804215637937,8.986557127783641,2.9543526706658056,obnthr1,0.11471712583625206,4281.25,4.1932036031656565,22.59164904651783,2.539825776787461,,,,,,0.5622419076467879,3734.375,1.646373307990069,6.853100039506303,2.841287811781652
113,0.6102189082479854,93.75,11.993203330478293,2.5655426113799717,9.310232385848305,1.0,3000.0,1.3325266834365492,4.844662120733119,1.5284114036658911,obnthr1,0.9435594673192824,3984.375,3.1068100060775645,35.43552665092554,1.6613423921882748,0.4339356399462289,31.25,2.4924620779545714,1.7665835734738868,7.694955939435588,,,,,
114,0.12238419740487938,4015.625,4.642888087332591,22.78901535371145,2.4940534747899643,,,,,,obnthr1,1.0,3187.5,3.285126979945886,7.354861809021172,2.878404561014253,0.706285925977828,46.875,3.1721414966461277,3.4046717145890377,3.8048002342474727,,,,,
115,0.4398614453878348,3750.0,6.2213842951245475,7.1410903017907135,3.1310521061873247,,,,,,obnthr1,,,,,,,,,,,,,,,
116,,,,,,1.0,3125.0,2.9681391148457137,4.708075163245297,2.364122272481839,obnthr1,0.7315331639000148,2421.875,5.5624794921121135,3.724854862995329,3.1142042836578865,0.5730006765665457,3656.25,5.2612869482258136,7.025772256211866,3.245426838135846,1.0,3375.0,4.313237455332134,4.060656126859699,3.2035573743839265
117,,,,,,,,,,,obnthr1,0.7149546597652656,3578.125,5.0263612102304025,3.50821381320074,3.091135984639555,,,,,,,,,,
118,0.9533002687528735,3171.875,5.512125860958011,21.41339946279737,2.8350066705910897,0.5224316699905193,3234.375,1.808329439931824,2.09394119576595,4.579377258888886,obnthr1,,,,,,0.609814730988393,3062.5,2.2513506161659267,2.5628850687601243,4.162172704241216,0.7039494411302943,3890.625,2.1954177138526427,13.511205705105366,2.905803585579072
119,,,,,,,,,,,obnthr1,0.7666538055259386,3750.0,7.312937333338736,4.285478073700318,4.142873368712655,0.5806201715086824,31.25,4.183939807476673,2.384473291425133,5.51117547816815,0.6293726474615067,1046.875,3.432887102610149,10.792511595820656,2.393663312818924
120,,15.625,4.899410541684818,1.8460607564542115,12.271777883804408,0.1543359075160784,4062.5,1.1914994380225394,5.912513070424667,2.149640989632695,obnthr1,,,,,,,,,,,,,,,
121,0.4293644510548295,3828.125,5.856522446219798,8.762160032340404,2.9647010127074283,,4062.5,2.143207959763788,3.2722227123664998,2.6115912965005257,obnthr1,,,,,,0.4663847988980016,3375.0,3.93151391544692,9.370047910318561,2.7090798598618386,,,,,
122,0.2997025126947599,31.25,11.451632864394856,1.4279645695260477,14.336075230267786,,,,,,obnthr1,0.6005276457946285,125.0,2.8299103953518965,2.503302142119935,3.2682273252975316,0.44116532013162396,2968.75,2.6310509036184984,7.157751915006656,1.4693419374994967,,,,,
123,0.7737524970799046,46.875,12.0631919207936,4.419938284813572,6.960558145116829,,,,,,obnthr1,0.791461397569359,3687.5,8.784181573287363,4.795275255249663,4.442087126441471,0.39846254320270935,3609.375,3.2034073777744867,1.6624068687662543,5.695598885267875,0.3498844988632637,218.75,2.5099268598048368,1.5381882115585397,2.4324346931231142
124,0.5650574637761071,3453.125,6.362745109692763,11.4957714722714,3.201584131289088,0.43118958677185226,2906.25,1.803009276951532,8.790275078868008,1.1300074214838547,obnthr1,,,,,,,,,,,,,,,
125,,,,,,,,,,,obnthr1,0.3913132670612201,4140.625,3.5051392660515104,19.71457459252184,2.2476677489490284,,,,,,0.4885740285600602,2718.75,1.930244813233858,7.821268811863121,1.465016961000584
126,0.879277726803087,3390.625,7.6623371057343075,8.283475563526508,3.867445081454264,0.6363575440236853,3703.125,1.4909268397432045,5.499907854902034,2.7210810451886323,obnthr1,,,,,,0.7759925193137356,1515.625,3.1238570907560153,4.464136630332263,2.4565770541926097,0.4452180376672282,3468.75,2.03361747379794,1.8025099370483415,5.061555715288469
127,0.5223817506631019,3718.75,6.618654984956943,14.656056400102925,3.3315913703644178,0.7506019708706798,2968.75,1.0465591940942238,4.009654781519828,2.237937417368486,obnthr1,0.3543653682920413,3953.125,3.040983713172799,6.195454524207322,4.817129222045823,,,,,,,,,,
128,,,,,,,,,,,obnthr1,0.8665685455592546,4000.0,3.6390074484072334,22.483454239286946,2.6330871368978466,,,,,,0.6640932533251311,3343.75,2.2913184847464354,5.954033432784372,2.5977172577138723
129,,,,,,0.7668504956906042,3875.0,2.1287891448674925,4.289093399370786,2.027481259989123,obnthr1,0.4406116917491261,3140.625,4.280246381825873,8.9383348315489,2.553735010569933,,,,,,0.6492557548759228,3343.75,2.595299799293069,2.8510802782986384,3.047215648440144
130,0.6117593475971828,3765.625,8.697691525543384,5.151444053120201,4.439653632603382,0.5780021710211771,3093.75,1.3237572855479445,2.3696804375033484,2.6476929073624764,obnthr1,0.5718200594895262,3906.25,4.092246205408237,2.3354667171185213,5.760527858326398,0.6272526902731503,2875.0,2.7347309520158776,2.6827826087673263,2.648888805979272,,,,,
131,,,,,,0.7963059434090386,3765.625,2.1616288860951887,4.909323407545969,2.06411847683289,obnthr1,,,,,,,,,,,0.7206673860317142,3296.875,2.367543508557284,3.579961486751188,1.9753189617443576
132,,,,,,,,,,,obnthr1,,,,,,0.21595962645223646,4046.875,2.141642396781087,6.377222613390586,2.409587557468549,1.0,3000.0,1.8188149791680968,4.3019298331114735,1.2422401303188313
133,0.3030070811627545,2906.25,6.169894754848678,10.043143640078458,3.085188612814949,0.664966761557489,2765.625,2.084999460914183,2.9847784794391146,3.951490959352247,obnthr1,0.7811601911777675,3937.5,3.576956821344222,4.5695525205485685,3.2395720438061484,0.6156778227694747,3687.5,2.440459109961353,2.601983594093184,3.6142822110626263,0.4554428833737309,3375.0,2.3179279550113807,12.854482636031944,2.7668048801232152
134,0.2635646588496666,3265.625,4.557368567272215,59.747268417714345,2.28437794090883,,,,,,obnthr1,,,,,,0.7520020170672033,2593.75,1.57646951392719,4.0322908604905185,2.2820869435519766,0.5499751255855183,3781.25,1.3595131081565446,2.2220993923970984,2.6267213187168856
135,1.0,3671.875,6.638992355362586,24.37646259133297,3.3306555022099253,0.7243098923972661,2781.25,1.7669518369176669,3.6272610892552852,2.470110058638465,obnthr1,,,,,,0.664159212014192,3265.625,1.9153056384902123,5.955202797119796,2.9288533514326383,0.6365288732026764,3828.125,1.8268043422355198,2.7512501716748834,4.401072639434117
136,0.34992612983178195,3328.125,6.22982610309765,15.382867176944556,3.1803495841763567,0.4909922273734434,3375.0,1.4261519265908518,1.9646065419391332,4.401586366901432,obnthr1,0.9040963877911494,3968.75,3.5255602800091985,10.427135922912754,3.1154701842139607,1.0,3000.0,1.760482041968059,4.338359673489748,3.988534819234783,0.8028283937114093,156.25,1.4642963823557111,20.28689665460954,0.8723833799324829
137,0.20881003817766586,3328.125,4.8744962496838715,37.9175690385423,2.4422502541916087,,,,,,obnthr1,,,,,,,,,,,0.7361297858361909,3593.75,1.5358559625597057,3.7897418743110047,3.9388521113486026
138,0.8970371640924971,3156.25,5.661570336487339,19.42448440131065,2.8394802583458163,1.0,3375.0,1.6683695880647915,4.885119891276987,3.42304840219786,obnthr1,0.9517441405558504,3937.5,3.5411582349067063,20.72287203085429,3.1714155216250624,,,,,,0.6107256826568189,3218.75,1.7653015521406954,5.137765094933855,4.214519996302356
139,0.6434966843022281,2984.375,8.874967914176047,5.610045999391247,4.4446297000277175,0.6992224727942778,3156.25,3.871284593523413,3.3247164749646743,3.8206331976759214,obnthr1,,,,,,0.7214013228515701,2843.75,4.281947148032291,3.5893924918646576,3.74443362005186,0.7486103560189901,1921.875,4.1008688192850515,3.9778886041763135,2.3117384302041404
140,0.2495282362067519,3000.0,5.802512475419839,15.989942032390644,2.903336063744492,0.7489098294913472,2843.75,2.672651267523601,3.9826330038098376,4.415354851667203,obnthr1,,,,,,0.5480462922876272,3812.5,3.6793772029635337,6.637847967184343,3.3478884448652475,,,,,
141,0.6107917623010615,3468.75,6.798958697022463,5.138637382970927,3.4037772204817234,,,,,,obnthr1,0.7921150725708623,3093.75,5.541619472132873,4.8103535564928,3.6245659806831254,0.7916665151135818,3937.5,3.42026495636556,4.799996508219465,3.0748454477038245,,,,,
142,0.19647235770218294,3125.0,0.9276520049487288,18.667683861012023,0.5506073360881472,,,,,,obnthr1,,,,,,0.2041575989286143,2156.25,0.3900116877144526,16.33489241399934,0.40942196927327795,0.310743352141828,1765.625,0.3148369762049632,8.705030294077943,0.292560887531088
143,0.7637124470022232,3343.75,12.219959411810294,4.232131516506115,6.24338851104371,0.6108288531680891,3984.375,1.9085243336240658,5.1391271328340045,2.496852066541038,obnthr1,,,,,,0.7312445123686492,3828.125,3.798282212628152,3.720854256087563,2.7979243904578066,0.7360705846592577,3171.875,3.314750230774732,3.788891809232268,2.7189871264721424
144,,,,,,,,,,,obnthr1,,,,,,,,,,,0.6653636605991049,3390.625,2.95658765071956,2.988318608165258,2.4586436387638653
145,0.16394995232237675,4078.125,7.324464654833245,7.176603860817636,3.8649000876226007,1.0,3734.375,1.3441089609971066,4.7811868045146175,3.327091502916842,obnthr1,,,,,,,,,,,0.2518249116685247,1218.75,1.6723776656252536,26.731710680988485,1.3342600287365296
146,0.4878961688714785,3265.625,8.141687329117596,7.8109159839425795,4.0770701794406765,0.2336098779713093,796.875,1.6416205784828375,40.44937311814605,2.048391598056092,obnthr1,0.7401543948914382,3906.25,4.392536212746135,3.848439151326829,3.6664377196261135,,,,,,,,,,
147,,,,,,0.906850299082326,3687.5,2.2111270426803147,10.735407523034382,1.6867386620898528,obnthr1,0.5177110113863499,31.25,5.317815802481738,2.0734456386294893,10.749054577056048,,,,,,,,,,
148,0.2408058827426673,4078.125,10.997465206741667,10.537489448549508,5.597806207661262,,,,,,obnthr1,0.4765840294169944,78.125,3.0848341832277937,7.6421053708862,2.0605137572261785,0.761022528166208,3734.375,1.970575228972092,8.368989698706798,2.439561694015697,0.3037088576572924,3250.0,1.827294069753579,10.053265903179721,1.983919005036865
149,0.3124385022227322,312.5,7.323701999342548,15.998568907014914,3.7418651842038613,,,,,,obnthr1,,,,,,,,,,,,,,,
150,1.0,31.25,6.613517395463207,4.691854320498236,8.322760171953401,,,,,,obnthr1,0.5905632125265352,3531.25,4.670320666316283,2.4423794602599287,3.3904517797937674,0.5431967868154672,3046.875,3.3568538048920185,6.567379373463608,2.8359795079418677,,,,,
151,0.5200664997664313,1812.5,9.527473495972266,6.250866002352396,4.880452470083885,,,,,,obnthr1,0.5925200397777287,3234.375,4.805259982030141,2.4541084166556857,2.9052815084554657,,,,,,0.2852856165732178,2953.125,4.088416959395536,11.193282499287418,3.019035241605432
152,,,,,,0.4971505442605511,3578.125,1.4940844347446298,7.954667056600329,0.9848484161461152,obnthr1,,,,,,,,,,,,,,,
153,0.6185121173314279,31.25,4.97605043390692,2.6213152381271745,7.813431319228218,,,,,,obnthr1,0.5858774068345576,1093.75,1.8931057558271676,24.14743886239743,2.9464823324018896,0.4775973014460302,1859.375,0.8389508694880328,7.656928287453624,2.5014141626941298,0.8484367991761388,3921.875,0.8225886586632871,6.597907635654565,1.280351783856558
154,,,,,,0.21220159887046966,2390.625,1.078467153812016,16.50168365581962,0.9495330707906298,obnthr1,,,,,,,,,,,0.6127356598971185,3531.25,1.672484084209556,12.911077737422689,1.8581037035393484
155,,,,,,,,,,,obnthr1,,,,,,,,,,,,,,,
156,0.5515136952025512,93.75,8.089799955166322,2.2297224894116514,6.975964077755152,0.7781669931891342,718.75,0.9071973953085868,4.50789544070237,3.332835721660637,obnthr1,,,,,,0.6505477088926855,1078.125,1.8130986299973744,25.754588620614197,2.9369804035387133,,,,,
157,,4218.75,6.710966520964828,14.990977276403955,3.827839170616696,,,,,,obnthr1,,,,,,,,,,,0.4221246744494227,3609.375,3.059442144210628,8.65238534840745,2.171096436771883
158,0.7757326723837205,62.5,6.189619717117892,4.458964266569385,4.444568311245816,,,,,,obnthr1,0.6218636445103563,2921.875,5.771658390815655,5.28909736121571,3.6069057373514752,1.0,3796.875,3.604961854965337,7.468973949213962,2.5552579124167023,,,,,
159,0.04067026242170557,4843.75,4.006929594275372,92.77310659072151,2.0222169696243264,,,,,,obnthr1,0.581541044106338,3437.5,1.8318795628864537,9.558882522797461,2.4522761763915084,,,,,,0.3093085797793287,2296.875,1.6320577416642092,11.582596461736927,1.489682128728136
160,0.4816287382180362,4078.125,8.205193525750182,15.432954312511525,4.122699960652316,,,,,,obnthr1,,,,,,1.0,3062.5,2.6856491865195813,4.297705245605641,2.4963804170111343,1.0,3984.375,1.386747634330467,2.46415343986655,6.383792556289522
161,0.17642068030049576,4109.375,8.542666918128099,14.570545560054116,4.299808904453027,0.5869120600796993,3500.0,1.6716588211034786,2.4207920477972205,2.2357348564607955,obnthr1,0.020466248192264055,4015.625,2.7226842937701417,2.0417877345308284,6.445676793965039,0.5431605301629787,3968.75,2.218916782555114,2.1889527197743064,6.190523504244622,0.7309833838250862,3046.875,1.9866025626095176,3.717242504268967,2.3727714473159565
162,0.7048967415447398,3406.25,7.920758897161548,6.7772887716291175,4.083852550117781,0.4832727351195694,3453.125,2.659828481332281,1.9352568907533796,5.974442460552122,obnthr1,0.6656872439063329,3984.375,6.469872123448662,5.982422039079013,4.196599598346818,,,,,,,,,,
163,,,,,,,,,,,obnthr1,0.4711344021120197,3812.5,5.67148766618482,7.563358282281853,3.533015206762906,0.7590214920667251,125.0,2.503253480459832,4.149747662463292,1.4600433645681927,0.6890642702022461,3687.5,2.4761337529062573,3.2160987116226347,3.329993369061373
164,0.6080689140321741,46.875,8.169431504744269,5.102937918438505,4.619662957361599,,,,,,obnthr1,,,,,,0.7834022395514028,3921.875,5.410588712084878,9.23370581421426,3.2043896794929014,,,,,
165,0.7074099239572783,46.875,17.102798903636412,3.4177509146071925,9.267873659625453,0.6078619486841016,3703.125,1.539145992822205,2.5501223271863007,1.758673103001117,obnthr1,,,,,,0.707295601385701,3781.25,2.122291638317952,3.4164160317854173,1.6486971313407426,,,,,
166,0.3813969712318209,62.5,14.32056595384408,3.233091186091652,7.738368357779571,,,,,,obnthr1,,,,,,0.7937614227616561,3750.0,3.311921439569727,4.848753387414661,2.122454384956005,,,,,
167,0.4572562338842953,62.5,12.080170550865672,5.52747021208613,7.429789431774743,0.7785217076039271,3578.125,1.4900575985249724,4.515115179828483,1.4740967792372952,obnthr1,,,,,,,,,,,1.0,3796.875,2.3439585931979785,3.825240058198176,1.5455023302395932
168,0.3777016007568909,62.5,14.886125899339687,3.2138922459587964,8.083779117824081,,,,,,obnthr1,,,,,,,,,,,0.7851030260330419,3578.125,2.5000563816513486,4.653392653885192,1.8202464924872184
169,,,,,,,,,,,obnthr1,0.29572081924765903,4078.125,3.9707643087516633,11.359131745814295,2.7045721754283987,,,,,,,,,,
170,,,,,,0.9167549277673814,3203.125,3.233670826320996,12.012723073933046,2.3439762842520766,obnthr1,,,,,,,,,,,0.7997755912074862,46.875,4.0354526125919525,4.994396068045173,2.5023977808250337
171,,,,,,,,,,,obnthr1,0.7537157654467058,3687.5,2.7760910290417145,4.06034922135305,2.7750293424628043,,,,,,,,,,
172,,,,,,,,,,,obnthr1,,,,,,0.7744131421911813,3203.125,2.6008371114328233,4.432882348347988,1.6702669043966332,,,,,
173,0.8786846680479816,3890.625,8.373651922974172,8.24298119544784,4.362779069270708,0.7756184710165146,2828.125,2.6766945105211617,4.456694829250409,1.6614785151422624,obnthr1,,,,,,,,,,,,,,,
174,,,,,,,,,,,obnthr1,0.6732398534619061,3890.625,6.940948477474182,3.0603487316144253,4.161542016199366,,,,,,0.6682873916551635,3453.125,3.720222271674445,6.02931558730765,2.55622180912916
175,,,,,,,,,,,obnthr1,,,,,,0.4271421130850632,562.5,3.2467176661245447,50.62337564413456,2.612710905553456,,,,,
176,0.4376364909346572,234.375,6.136100339382353,5.3346277837017695,3.3622205382768144,0.5463167760089731,3265.625,3.7045958404413617,6.612543381280801,3.25331997254035,obnthr1,,,,,,,,,,,,,,,
177,0.9544361964678114,3687.5,5.036052497476346,21.94724589428861,2.694130179999394,0.5334318634011188,156.25,1.826349808130963,2.1433096723870837,2.033093446612055,obnthr1,,,,,,,,,,,0.5906022473161451,3531.25,1.989200893424825,2.442612333468816,4.125806011341409
178,0.5820793467214378,2890.625,7.018564462571322,2.392798709886818,3.7237624056904335,,,,,,obnthr1,0.7254997219753456,3234.375,5.354345213722487,3.6429835597841698,3.2317209497634947,0.3722263059648462,453.125,4.626424536615593,35.04447575461493,2.689723309091651,0.5996809653821948,3390.625,4.088394361221408,2.4980076227320183,2.7961266737920507
179,,,,,,,,,,,obnthr1,,,,,,0.8830243878842411,3937.5,3.4277290724179625,8.548790486434058,3.070565768333208,,,,,
180,0.4584029251814479,578.125,4.7971508072280376,55.39173196245699,2.439953600129831,,,,,,obnthr1,,,,,,0.4692210198595579,3656.25,2.398011777102614,15.072186916451043,1.872633700802018,0.7010164559611345,3906.25,1.3437757040466398,3.3446656845769667,2.1044887442726994
181,,,,,,0.3981954328711565,3109.375,2.503764022744791,8.308345056028003,1.6318412504096451,obnthr1,,,,,,,,,,,,,,,
182,0.4241124702917111,4015.625,11.39889959313339,3.4729003439492487,5.729734580694977,,,,,,obnthr1,,,,,,,,,,,,,,,
183,0.9254172091606356,3906.25,7.173161253534943,13.407918753721507,3.5871105421183453,0.7164873296357195,3296.875,1.2713050930449583,3.5271792217085647,2.4983111196166794,obnthr1,,,,,,0.797880145345992,3812.5,2.0647277935397867,4.947559465208485,4.281437509650344,,,,,
184,0.1324801087293318,4125.0,5.894205798672163,19.596092459735843,2.94915128053729,0.30402736983549883,2875.0,1.1584874028968084,10.057866784711734,2.4894863754850847,obnthr1,0.5021756734798424,3140.625,3.25309758770963,6.026222183576891,3.4292956025788923,0.7697837468993081,3421.875,1.3496639390910479,4.343741966656978,3.0489694932908584,,,,,
185,1.0,31.25,15.519286024012056,3.368717282992568,10.654239332566632,,,,,,obnthr1,0.41731522117378783,3578.125,1.616363203086126,8.580968959018007,0.8573411293171495,,,,,,0.6512499111641727,2812.5,1.1455673692203208,5.734765564293497,0.7548652389804027
186,,,,,,,,,,,obnthr1,0.7181105598506041,3468.75,4.0253220001277015,3.5474901062984827,2.434740148219397,0.4459675631360833,3406.25,1.9975967521720468,1.8049484713575052,2.9866245838412424,,,,,
187,0.12008898647837565,3265.625,6.447193415181872,26.13900683882593,3.3049757633015338,0.08368186151294887,4062.5,1.8048763795327232,5.4566201300517605,2.5479415161387955,obnthr1,,,,,,0.7049045359901034,2859.375,2.9857499151235523,3.3887338910992635,3.4824069381140137,,,,,
188,,,,,,0.829921028240032,3968.75,1.959496717755244,5.879621623132208,4.000039853713819,obnthr1,0.8635154411283055,3812.5,5.019072711344104,29.307344604163546,2.82067871847291,,,,,,,,,,
189,0.44626701552173853,4015.625,8.017051006514121,7.22369826635645,4.019869791677581,0.6312162430657577,3312.5,1.941079487566425,8.134848521907458,2.8624248323321657,obnthr1,,,,,,,,,,,,,,,
190,0.33108014642434336,4140.625,4.670866318868775,17.939368873348542,2.3549807017246875,0.7818856830489374,3812.5,1.9771772457351684,4.584751766773593,3.3115496185733373,obnthr1,0.2921372335854493,3312.5,2.654289426457872,11.301625653403704,2.9549159722123592,,,,,,0.4651742251556105,2921.875,2.1256662926154744,7.479071107154142,2.3943029696965827
191,,,,,,,,,,,obnthr1,,,,,,0.655666367635071,2953.125,2.6738491087558143,5.808320222058286,2.724155594178465,,,,,
192,,,,,,,,,,,obnthr1,,,,,,0.6353067333246539,2953.125,2.9843206350701936,5.484060668935853,2.902649757401152,,,,,
193,,,,,,,,,,,obnthr1,0.5670585451277346,2359.375,1.0343323520349816,6.929343370191049,0.6523349475247621,,,,,,0.6032914004751231,3843.75,0.6124986082238753,2.5207419279482792,0.515762977335269
194,,,,,,0.6332667054065639,3890.625,1.4491362576784983,2.7267772376887933,1.5283353674013052,obnthr1,1.0,2468.75,6.0538827621379525,4.491379406497373,3.8168187317572237,0.484018248244377,3625.0,3.3571261661712657,7.7522121400418476,2.7930234676360657,0.7433907084051932,2890.625,1.777087508022311,3.8969750229427684,2.2468137548487057
195,0.798277064624378,3843.75,10.841560567759716,4.9572945096100804,5.46176097991583,0.47603035297994606,3265.625,1.2906124372117032,1.9085074978813168,1.9185888853700568,obnthr1,,,,,,,,,,,,,,,
196,1.0,3796.875,10.5200094843238,3.9990682481693223,5.61259993411815,,,,,,obnthr1,0.7762547660393606,62.5,8.787447549168201,4.469368943858338,4.925824279180544,,,,,,0.4568045967810936,3015.625,2.4139548452713577,7.363832566138285,2.423568585767061
197,,,,,,1.0,3062.5,1.203986175751272,4.761946713003368,2.0954970350805024,obnthr1,0.4966727655034323,1406.25,3.13685289218893,1.9867790404789216,1.7829773762967789,0.5081660602754441,1578.125,2.5366032274467987,2.0332065748858947,1.5917212837181247,,,,,
198,0.17061837218558118,2890.625,4.08040088544169,81.98879468694426,2.3010868905073742,,,,,,obnthr1,0.22679723797398946,625.0,1.4831189676393306,12.933218155865305,1.1532861825438971,0.8806813630925314,2140.625,1.3895422233872832,8.380920415437686,3.509143351396217,0.7966675671605163,3453.125,1.1662184162587643,4.918054567268314,1.1561516915575485
199,,,,,,,,,,,obnthr1,,,,,,0.3938383372386439,2843.75,5.360907610343565,8.248624595000964,2.753108367961792,0.6492311176937062,3468.75,4.174314934725111,5.701760050236117,2.301801046146198
200,,,,,,0.4705661051271692,3531.25,2.927662288211602,7.555239735757367,2.966093975995018,obnthr1,1.0,2890.625,4.570702121252827,4.788419245144382,2.9164785446854813,,,,,,,,,,
201,,,,,,,,,,,obnthr1,1.0,3671.875,4.034465227335716,15.625228229749894,2.4130671358491735,,,,,,1.0,2937.5,2.692529684678908,3.4183964095929302,2.5523311765182024
202,,,,,,0.7028037641529031,3562.5,2.6503964578055155,3.3647801667127624,3.042301786355,obnthr1,0.6709291680456491,3406.25,4.778611409510578,6.077718855001535,2.7054197757192604,,,,,,,,,,
203,0.5365347656447544,4062.5,4.89131215495674,21.576591422033204,2.4605560458010145,0.4885792346326754,3406.25,0.8982374649098337,13.687359751558573,2.4294850519627387,obnthr1,,,,,,,,,,,0.7696950192541647,3703.125,1.0061895165645258,4.342068490058409,2.596222542452733
204,,,,,,,,,,,obnthr1,0.40715951268068695,4031.25,4.647695580385217,6.747177504841262,3.6678818532998014,0.7952658007541754,3078.125,3.6871600763584738,4.884381816441419,3.030360465049137,0.5192240013960825,2828.125,2.2105560903560115,2.0799707200521884,3.667214921615861
205,0.3322854699754004,3828.125,4.890123415603896,10.483522052069333,2.4459162081349906,0.6492500284616312,2546.875,1.497156007145386,2.8510337309909346,3.4380955454406865,obnthr1,0.6357699035743638,2328.125,3.5378799148369233,5.491034430232303,2.78731362476465,,,,,,0.4762581770806064,3546.875,1.7255778900288774,1.909337685552572,2.7705625833431897
206,0.3429607627833563,3031.25,5.322270951086427,9.131874719411373,2.661884556071412,,,,,,obnthr1,0.3346228366687717,3546.875,3.3200452346919067,16.531977059339113,3.175542783171617,0.3116845529374365,4078.125,1.7147650029837895,11.622578040548973,3.2492220236651823,1.0,3734.375,1.5971691795994367,4.542938605777009,4.009242577817275
207,0.2701974585796354,2828.125,6.226906748399782,12.332102848647141,3.119954868570752,,,,,,obnthr1,0.7042075191620965,3890.625,3.3009418953307392,13.52299419061984,2.962386481410136,0.679066788650641,1468.75,2.725750333945788,3.1159131078878204,1.5706745854710973,,,,,
208,0.08864809785527816,2406.25,4.642759107768332,44.988110414333924,2.3232959640437167,0.6018679563426048,2656.25,1.0637250767007431,5.0234590052768056,3.4813257297744866,obnthr1,1.0,3437.5,1.796856554600116,8.991176791657182,2.4194171539223532,,,,,,1.0,1656.25,1.0926287118518685,4.55796496066158,1.6327640766971023
209,1.0,1437.5,16.672701643519886,4.700507147282124,8.336533548864367,0.7542307468906575,3765.625,0.4184768241574527,4.068857220130384,0.8038726477223275,obnthr1,0.3078473283154646,2875.0,1.4083001832024136,10.113375684823497,0.7686273552370525,0.18921770250430606,4296.875,1.004444433182435,27.13428754913934,0.8058553332698849,,,,,
210,0.4016946636075145,4078.125,6.333142043750215,13.371099191988547,3.2084213702696958,,,,,,obnthr1,,,,,,,,,,,,,,,
211,0.19085357971604944,3875.0,6.579041519099272,17.302183695117918,3.29331966858094,1.0,3250.0,1.141989566117031,4.227616661822708,2.4943251060026657,obnthr1,,,,,,0.7429833723010539,3656.25,1.2645874457637367,3.8907988520156778,3.335121590215166,,,,,
212,0.6362731624735221,3734.375,8.082638594026962,13.746579806985011,4.042969943833055,0.7940465403233503,3234.375,1.1812903554550052,4.8554658978296175,2.3500674586600603,obnthr1,,,,,,0.6592608175743659,4000.0,1.622413190892205,2.9347960304455114,4.231598162288123,,,,,
213,1.0,3921.875,11.235289812444515,4.866927056969787,5.657429686571572,,,,,,obnthr1,0.7242242174948645,3484.375,4.762570258843413,7.252268425574157,3.064946910594346,,,,,,0.636644865881546,3062.5,2.2535430286156157,5.504256888655932,1.9002195471203631
214,1.0,3937.5,7.3556389808399025,9.66960728138872,3.7266058264000805,,,,,,obnthr1,0.541549426563965,3546.875,5.062998863752081,6.543780668688754,3.345932497172307,,,,,,0.6529152299266778,3312.5,2.3853115993561134,2.8811405345983587,2.7991574340654517
215,,,,,,,,,,,obnthr1,,,,,,0.8426444137098383,3390.625,3.270098174048326,6.355033358370974,2.535089509873688,0.6967622534767346,3234.375,2.645836342430543,3.29774248577354,2.7970088818619514
216,0.6296282520528727,3781.25,8.602881927487669,5.399979915005587,4.3571695037698435,,,,,,obnthr1,0.5743020162032119,3421.875,5.976200637841438,2.349083242257876,3.9308607809372003,0.013468679777404735,4328.125,5.097210694445785,22.30035635871758,3.1987269515584393,,,,,
217,0.2868279675779365,4078.125,6.624300824612443,9.815303575810047,3.762605329592833,1.0,3671.875,3.0997689510857445,8.803610919935863,2.633245584382521,obnthr1,,,,,,0.5233726030608741,1609.375,3.627728173007557,6.294224837400932,2.5668783013860352,0.7607538961836546,62.5,3.3375460925373908,4.1797963855981495,4.850749254915837
218,0.6711162330683458,1640.625,7.175710830521719,9.121763679578123,4.162892982205717,0.4637777350777813,3218.75,1.8950131499581333,14.919186545080207,1.5441033288928914,obnthr1,0.06068238133524506,4109.375,6.767573866787807,8.516820978373687,3.6776499286547017,,,,,,0.44235363331971744,3640.625,2.8534094141829787,7.173004683617593,2.116761523660211
219,0.6377820168271929,125.0,10.265746872278633,2.7607685053089157,5.68102377270107,0.5911463571097952,656.25,2.5760142194524613,2.4458630059670132,3.832621105872835,obnthr1,1.0,250.0,8.55603085925712,4.330414138220148,5.1854844506134965,0.40072768191285146,359.375,5.720313915428572,5.006071379328635,4.484271179833972,0.572249930917057,500.0,2.8789725742475776,2.3378137662114438,4.486630676757022
220,0.1840502718373616,4140.625,7.352528878365276,13.481222703229378,3.6960297735266905,,,,,,obnthr1,,,,,,0.5597810072282534,3078.125,2.9500537572308505,6.8147900232816605,2.1574509094896217,,,,,
221,,,,,,1.0,3734.375,0.6586911297558639,4.22105388454446,0.9434080787533468,obnthr1,0.5553330860689127,3890.625,1.2189880969387843,6.746622935082883,0.9275007966309275,0.6592073628954509,2703.125,1.0185613403129634,5.868671392059554,0.8843259873978085,,,,,
222,0.9517678046710396,109.375,7.8247222288389615,20.733039273449,4.4313041586696125,0.5500350316041618,515.625,0.3372305687108428,4.444790462533478,3.685498130714368,obnthr1,0.4783970057863182,296.875,2.188070824378463,5.751500726184499,5.940614764934856,,4062.5,1.3118540732420063,3.8815005942723246,1.0615094327357566,,,,,
223,0.8426199648005526,125.0,9.872495908872896,12.708092214272305,5.3840670701882765,1.0,3187.5,0.5288966986968321,6.131678009490655,0.90126903832645,obnthr1,0.15459490146996968,2703.125,0.9544014138617544,23.65729758996665,1.0055903425298571,,,,,,,,,,
224,0.7203517501485177,3656.25,11.917611614750028,3.575920823860286,5.979837303716151,,,,,,obnthr1,,4062.5,2.482666811468886,3.608849454043991,3.019754006818113,0.5223401056449691,3265.625,2.260676891544227,6.280619401908978,2.6488009920533977,0.6407614138146686,3812.5,1.8668557431285782,5.567330673571348,4.205094290796604
225,0.2680452191824799,3312.5,6.598154180740237,15.028250772150303,3.321924130229124,0.4321931676363924,3375.0,1.2862343336997837,1.7611623231747728,4.740273840255782,obnthr1,0.5677059774008194,3890.625,3.174486510469246,9.252961620773476,3.8585589452971267,,,,,,,,,,
226,0.459831212893848,62.5,17.767950330056482,3.702546403531767,9.643003487956161,0.4935861309469806,3359.375,0.2327379642862377,7.8986778294202225,0.5037083940720771,obnthr1,,,,,,,4078.125,0.5251192655851511,5.243302044723522,0.5743441846379099,0.2636090348378625,546.875,0.3114703057861563,9.505820048265733,0.9253968638848776
227,,,,,,1.0,3921.875,2.494150308178747,3.872182205122158,1.8987386350371895,obnthr1,,,,,,,,,,,0.7450738668393347,3296.875,4.017777666428032,3.9227049326079,2.434819683691174
228,0.7307619800101763,3515.625,7.1240989764187495,3.7141856860995968,3.6975014251119354,,,,,,obnthr1,,,,,,1.0,3125.0,4.025833009481214,3.548382753009264,3.573124522355609,,,,,
229,1.0,3734.375,7.968475888257648,4.231914539345098,4.052568321593126,,,,,,obnthr1,0.6298466671231239,4000.0,6.369386005141053,8.104749393132948,3.8924073524989793,,,,,,,,,,
230,0.9177574816501056,3453.125,6.286376380415512,12.15916073661046,3.153484294994252,,,,,,obnthr1,,,,,,0.8352928878140093,4000.0,3.1102446789545457,18.214149712080054,3.036914246512356,,,,,
231,1.0,3671.875,8.182702884630746,4.923032508306819,4.098047197744409,,,,,,obnthr1,,,,,,,,,,,,,,,
232,1.0,3671.875,6.821395671262389,8.254132004576974,3.433745952702107,,,,,,obnthr1,,,,,,0.522241210048318,3062.5,1.6470582554436672,6.279319319909121,2.3018754102470584,,,,,
233,0.5706858650010271,3718.75,6.445872089918658,13.975780229119067,3.2307308441676854,,,,,,obnthr1,,,,,,1.0,2937.5,3.2359698832685435,15.88128526214885,2.7961735254825246,,,,,
234,0.6304603197747093,3546.875,5.84149735641759,5.412138687733601,2.9259872235247077,,,,,,obnthr1,,,,,,0.6107682472668556,3625.0,3.1109460715232946,2.569163468751213,3.965687535313209,0.624387257014222,3859.375,3.0140134914773884,2.662316491317398,3.2417684802558906
235,,,,,,,,,,,obnthr1,0.8438342773366829,3640.625,2.9946165937451696,12.80690772527507,2.1091812511729198,,,,,,,,,,
236,0.06890473081803428,4437.5,1.4645365810030369,46.18216999188343,0.7872529687660768,0.6127486775989168,2796.875,0.3993562475216045,5.164604700635636,0.5496811743046337,obnthr1,0.6570504093029449,2484.375,1.0923443828286254,2.9158804300290058,0.698751613531674,0.3909694173306385,3234.375,0.5933271396275857,8.209768347075709,0.6350035661020211,0.8341233536763611,3687.5,0.4232560821061373,6.028576186963163,0.6643616732148859
237,0.7259134126014383,2953.125,3.298592613360681,3.64848207090796,1.751896134460697,0.5109401899920925,2593.75,1.2835488813214746,6.134219043579747,1.2501275785758066,obnthr1,,,,,,0.9022230200415928,3421.875,1.751408420241894,10.227356177552053,1.7650387284897828,,,,,
238,0.7399753021292561,3078.125,2.725356242652948,7.6915770554771825,1.4544241632796655,,,,,,obnthr1,1.0,3250.0,1.0238132006218923,4.444583661800267,1.1614135282936204,0.6592946077608511,3531.25,0.6984107681114404,11.740348380492636,0.8781983319488195,1.0,3921.875,0.6440858286386724,4.1018820349213465,0.8044550007628355
239,0.4812693013828787,3546.875,2.039467122947669,7.711130285258918,1.082974036571506,,,,,,obnthr1,0.6938185211261517,2375.0,0.8119351492919875,3.266036873549808,0.7093499774126856,,,,,,,,,,
240,0.5617812549481715,2500.0,1.179336920756546,2.2819653684182986,0.6397879350756911,0.5179843334093944,203.125,0.3983121686976632,2.074621364639873,0.4329421804272629,obnthr1,0.5311141901381744,3343.75,1.052599199715096,2.132715426586884,0.6698028857017517,0.635898344584632,3578.125,0.6272462311492033,2.746485727616914,0.4939611951889017,,,,,
241,0.38352902666075095,3828.125,6.369095646814816,8.110681956226442,3.2289405875061803,,,,,,obnthr1,1.0,3437.5,5.136616636813288,8.729766243627862,3.54286391469886,,,,,,0.4845778889638389,2984.375,1.7422579496834176,7.760629422666284,1.4134337204623089
242,0.5213239178811749,3359.375,6.774301093632428,12.534572384401232,3.4022170252293984,,,,,,obnthr1,,,,,,,,,,,0.6443656296102325,2953.125,3.1713808892404534,5.623753401022639,1.8186990256246856
243,,,,,,,,,,,obnthr1,,,,,,,,,,,,,,,
244,0.4717701255063135,3328.125,7.781081979370514,7.572460765938388,4.00937000400968,0.6405556012219391,4015.625,2.280948638350294,11.128285803306682,3.1371236110855927,obnthr1,,,,,,0.5270543177052263,2906.25,3.054875090151305,6.343223148679017,1.9346682428629336,1.0,3609.375,2.530501288928648,4.5803714973718845,3.4017970361764913
