,primary_label,peak0_autocorr0_accuracy,peak0_autocorr0_freqency,peak0_autocorr0_prominence,peak0_autocorr0_width,peak0_autocorr0_width_height,peak0_autocorr1_accuracy,peak0_autocorr1_freqency,peak0_autocorr1_prominence,peak0_autocorr1_width,peak0_autocorr1_width_height,peak0_autocorr2_accuracy,peak0_autocorr2_freqency,peak0_autocorr2_prominence,peak0_autocorr2_width,peak0_autocorr2_width_height,peak1_accuracy,peak1_autocorr0_accuracy,peak1_autocorr0_freqency,peak1_autocorr0_prominence,peak1_autocorr0_width,peak1_autocorr0_width_height,peak1_autocorr1_accuracy,peak1_autocorr1_freqency,peak1_autocorr1_prominence,peak1_autocorr1_width,peak1_autocorr1_width_height,peak1_autocorr2_accuracy,peak1_autocorr2_freqency,peak1_autocorr2_prominence,peak1_autocorr2_width,peak1_autocorr2_width_height,peak1_freqency,peak1_prominence,peak1_width,peak1_width_height,peak2_accuracy,peak2_autocorr0_accuracy,peak2_autocorr0_freqency,peak2_autocorr0_prominence,peak2_autocorr0_width,peak2_autocorr0_width_height,peak2_autocorr1_accuracy,peak2_autocorr1_freqency,peak2_autocorr1_prominence,peak2_autocorr1_width,peak2_autocorr1_width_height,peak2_autocorr2_accuracy,peak2_autocorr2_freqency,peak2_autocorr2_prominence,peak2_autocorr2_width,peak2_autocorr2_width_height,peak2_freqency,peak2_prominence,peak2_width,peak2_width_height,peak3_accuracy,peak3_freqency,peak3_prominence,peak3_width,peak3_width_height,peak0_accuracy,peak0_freqency,peak0_prominence,peak0_width,peak0_width_height,peak4_accuracy,peak4_freqency,peak4_prominence,peak4_width,peak4_width_height,peak3_autocorr0_accuracy,peak3_autocorr0_freqency,peak3_autocorr0_prominence,peak3_autocorr0_width,peak3_autocorr0_width_height,peak3_autocorr1_accuracy,peak3_autocorr1_freqency,peak3_autocorr1_prominence,peak3_autocorr1_width,peak3_autocorr1_width_height,peak3_autocorr2_accuracy,peak3_autocorr2_freqency,peak3_autocorr2_prominence,peak3_autocorr2_width,peak3_autocorr2_width_height
0,orbspa1,,,,,,,,,,,,,,,,,,,,,,,,,,,,,,,,,,,,,,,,,,,,,,,,,,,,,,,,,,,,,,,,,,,,,,,,,,,,,,,,,,,,,
1,orbspa1,,,,,,,,,,,,,,,,,,,,,,,,,,,,,,,,,,,,,,,,,,,,,,,,,,,,,,,,,,,,,,,,,,,,,,,,,,,,,,,,,,,,,
2,orbspa1,0.576501612351902,703.125,24.23421529297948,2.3612840784436244,12.129264499809727,0.5061391980293648,453.125,0.48601185781408845,2.0248620583163017,0.28407090142516667,0.5756019326245916,953.125,0.42224291341086223,2.3562784019829977,0.22752146731504788,0.5598751076594997,0.5670566891090965,921.875,24.642263854396052,2.309771221415147,12.335358817860635,0.4283909186022222,109.375,0.8332199993888019,1.7494473627932248,0.6754849288951777,0.5069108246679319,421.875,0.5465605535261115,2.0280307295867033,0.3264016442676223,703.125,0.9760833328283522,2.2720823507213836,2.176431484602444,0.11393825294432902,0.6094467007733775,437.5,22.836464840268853,2.560469984455924,11.505260141950043,0.5796328215274784,312.5,0.7533235574314867,2.3788726884760045,0.5541555362653949,0.569636023761052,187.5,0.562053562214264,2.323614557006456,0.4026785869953705,921.875,0.5504399814161827,1.1285895179686278,2.067666313853331,0.672665061171334,437.5,0.5429186693777874,3.05497483274592,2.1188708741115447,,,,,,,,,,,,,,,,,,,,,,,,,
3,orbspa1,,,,,,,,,,,,,,,,,,,,,,,,,,,,,,,,,,,,,,,,,,,,,,,,,,,,,,,,,,,,,,,,,,,,,,,,,,,,,,,,,,,,,
4,orbspa1,,,,,,,,,,,,,,,,,,,,,,,,,,,,,,,,,,,,,,,,,,,,,,,,,,,,,,,,,,,,,,,,,,,,,,,,,,,,,,,,,,,,,
5,orbspa1,,,,,,,,,,,0.5107370065690837,3796.875,2.6305105366246977,2.0438905321401535,1.4173407694850626,,,,,,,,,,,,,,,,,,,,,0.5529326509065481,,,,,,,,,,,,,,,,4109.375,2.256117641887374,26.841593384829366,1.722718757619687,,,,,,,,,,,,,,,,,,,,,,,,,,,,,,
6,orbspa1,,,,,,,,,,,,,,,,,,,,,,,,,,,,,,,,,,,,,,,,,,,,,,,,,,,,,,,,,,,,,,,,,,,,,,,,,,,,,,,,,,,,,
7,orbspa1,,,,,,,,,,,,,,,,,,,,,,,,,,,,,,,,,,,,,,,,,,,,,,,,,,,,,,,,,,,,,,,,,,,,,,,,,,,,,,,,,,,,,
8,orbspa1,0.5978553499985624,46.875,23.16895835416812,2.4866674217757847,11.928297640421619,,,,,,,,,,,,,,,,,,,,,,,,,,,,,,,0.36133046325560536,,,,,,,,,,,,,,,,46.875,3.5538461420060132,9.394529807363103,2.681023686451874,,,,,,,,,,,,,,,,,,,,,,,,,,,,,,
9,orbspa1,0.5894906570001509,93.75,22.201570300819526,2.435998149743373,11.808906382266525,0.5979903367187742,281.25,0.8405758975151525,2.487502394439833,0.51457159767301,0.5291998990856948,343.75,0.5364443284571676,2.1240437248377297,0.49179841177150097,,0.5243612626807967,46.875,11.474791920230114,2.1024359908871246,9.68097825317447,0.4957254438027938,109.375,9.68103824737495,1.9830467107861196,9.61012294040587,0.5860239487108102,296.875,4.734027295885286,2.41559867264262,2.8101372934119895,,,,,1.0,0.6226017131578644,3171.875,19.845710199897994,2.649720560120869,9.927426945152472,0.5663218535137289,93.75,9.330710581745311,2.3058574846396063,5.5525183694779106,,,,,,296.875,0.7290902981214895,4.392364181841341,1.1600639504667918,0.9548276326900349,3171.875,0.6679243995886405,22.13742735992048,0.42572634338085896,0.6523174923803094,93.75,6.34492184831292,2.8761872630470133,10.904238591877139,,,,,,,,,,,,,,,,,,,,
10,orbspa1,0.593813456622517,2312.5,23.87708067717497,2.4619230161710846,11.939174066566027,0.2744761191233782,2250.0,1.5699274775362315,1.378314382693702,1.7933272712107793,0.565757015496638,2687.5,0.7268143291605781,2.3028581593406443,0.37791824598103935,0.7625306563604554,0.6239060743187632,2734.375,22.38341777231684,2.658910266068915,11.192695441392758,0.1826534212957086,2921.875,2.4059858933153953,1.2234712006567179,2.1024823707815137,0.05053447000466904,2796.875,1.7719187488053283,1.0532241228440569,3.352654268767899,2312.5,3.8353675465510007,4.211069878215113,3.3140281132003335,0.4268590670433654,0.5762642368555959,3359.375,24.123123433568086,2.359961294225741,12.062998287177768,,,,,,,,,,,2734.375,2.249208790167673,8.723857802664241,2.907986969578526,,,,,,,,,,,0.503557697251257,3359.375,1.6067569601262663,6.042998317003509,2.3161639451618834,,,,,,,,,,,,,,,
11,orbspa1,0.5493086522909207,234.375,25.03923248086281,2.218813396536511,12.541350374025749,0.5454087494296638,375.0,0.7256824520885309,2.199778369569117,0.39264918759549056,0.22704870459742332,125.0,0.6154399385604996,1.293742575952563,0.47801351540870696,0.6829303822300987,0.620537438689559,3203.125,21.489382035805516,2.6353060932983396,10.7486314641657,,,,,,,,,,,234.375,2.4365629964749083,3.153881494649241,1.6974409864343722,,,,,,,,,,,,,,,,,,,,,0.22068053631720508,3203.125,1.5087310993645813,21.81390404348926,1.0206282298166793,,,,,,,,,,,,,,,,,,,,,,,,,
12,orbspa1,0.564735694428423,125.0,24.30793651129525,2.2974546435339507,12.269078650508126,0.5050997432931903,375.0,3.112798157566503,2.020609176188856,1.618100098680762,0.5005478853884326,500.0,1.226454235054426,2.002193945615222,0.6377028460040544,,,15.625,12.370819597755794,1.523707309382074,17.562584721014325,,,,,,,,,,,15.625,3.3962387116768387,1.6002217226539115,12.912474266263516,,0.589064376388914,375.0,23.326787841176557,2.4334711875610253,11.698030367658228,0.5066833560410187,125.0,4.954113603527421,2.0270956032919676,2.5333749000612737,0.5406424308937531,500.0,2.530834679663808,2.176953352364823,1.3104596369912576,,,,,0.7170782662073207,375.0,2.850728275472573,3.5345464153446216,2.897932291066474,0.5946368041584724,125.0,4.1773923981444,2.46692351515538,3.4647841724458477,0.6279420986433435,250.0,2.6511382982879033,2.6877536973509812,2.839007704083437,0.5825904506412003,250.0,24.042192103410216,2.3957286112312044,12.054553544110338,0.5455465453540771,375.0,1.7085703526273501,2.200445369656453,0.9387915540700255,0.5561897114080905,500.0,1.5245142311023492,2.253215001330254,0.8699458588330546
13,orbspa1,0.5787653538630039,31.25,20.409788265468666,2.3739737677578754,12.927508908882254,0.3280502643521298,156.25,0.2552275400280513,1.4882065531818913,0.37994465184359205,,,,,,,0.5810494565173534,109.375,23.05676808551868,2.386916583726597,12.088500390430264,0.47087181095533404,234.375,0.4080518589887145,1.889901201078489,0.5965357769247869,0.2415492323618087,296.875,0.20849040543058972,1.3184771413891383,0.31518131269315314,,,,,0.3814036767828366,,,,,,,,,,,,,,,,109.375,1.6348126219379342,1.6165631163134826,5.832975761020675,,,,,,0.6569234449948547,31.25,7.384355880432319,2.9148013334370884,10.812070872085615,,,,,,,,,,,,,,,,,,,,
14,orbspa1,,15.625,12.207529094919625,1.3194723573207012,18.154731821761672,0.4462649052805473,78.125,0.4430008346424147,1.805917684351658,0.5097105090573908,0.21726446014808676,156.25,0.18267817773969627,1.2775707107782424,0.17711687738760395,0.4321676896806218,0.5587805046909522,125.0,23.25792222524265,2.266445636767614,12.42797048606395,0.5151501427387287,250.0,3.117408974816309,2.0624941619011956,1.6072134197692944,0.47322788486125855,46.875,1.304832102844597,1.8983540913827976,1.5326006339009326,125.0,3.0900543692894846,1.761083301930368,5.7033892557126675,0.7274776171960099,0.5776176339951054,234.375,22.829589875317772,2.3675230797594704,11.59701404720984,0.4991819957726825,125.0,6.445243394068165,1.9967333273947308,3.500047450465438,0.5774019297024164,359.375,2.435078447337282,2.366314638625358,1.322423636612936,234.375,2.464299076473712,3.6694233688659743,2.08357854945678,0.6106800241584118,343.75,2.054847163402673,2.568581275179401,1.6674474139943058,,15.625,3.578468616930449,1.8658546336317332,13.672092637896473,,,,,,0.5543460554529984,343.75,23.703196045310243,2.2438935237440347,11.931501149061344,0.48781048526728155,31.25,4.142044621963128,1.9524023261621066,3.365055310218299,0.5905155551261958,93.75,1.487969795088953,2.44209520659126,0.9846176747823139
15,orbspa1,0.598407370021794,328.125,23.739930520261296,2.490085537810465,11.878574591888523,0.5309532624445545,437.5,0.2892437354077094,2.131983702118365,0.20618679255133643,0.29356140566922884,218.75,0.2688747508557531,1.4155512000973385,0.17999248378509963,0.5555948644389455,0.5750210647157508,109.375,23.660460586813613,2.3530578035147673,11.961872522357986,0.5267824686868472,375.0,0.9548512382650157,2.1131930535731733,0.5217173307249974,0.44525888742184727,250.0,0.5955199112491854,1.802642669393137,0.3954504121667364,109.375,4.15057269871801,2.250199018824379,5.565483329688899,0.7393833694878764,0.6312990543219413,234.375,22.63669958492644,2.712225210491262,11.38925401715311,0.49425839290321305,125.0,0.9227783273132424,1.9772943059609167,0.54030686368489,0.507710318714897,359.375,0.7017991609006182,2.0313243157759047,0.3687435195206239,234.375,3.170081379118526,3.8370536754886064,4.598391969361843,,,,,,0.7925800507267675,328.125,4.877345157461889,4.821137038668873,3.795263572701426,,,,,,,,,,,,,,,,,,,,
16,orbspa1,,,,,,,,,,,,,,,,,,,,,,,,,,,,,,,,,,,,,,,,,,,,,,,,,,,,,,,,,,,,,,,,,,,,,,,,,,,,,,,,,,,,,
17,orbspa1,,,,,,,,,,,,,,,,,,,,,,,,,,,,,,,,,,,,,,,,,,,,,,,,,,,,,,,,,,,,,,,,,,,,,,,,,,,,,,,,,,,,,
18,orbspa1,,,,,,,,,,,,,,,,,,,,,,,,,,,,,,,,,,,,,,,,,,,,,,,,,,,,,,,,,,,,,,,,,,,,,,,,,,,,,,,,,,,,,
19,orbspa1,,,,,,,,,,,,,,,,,,,,,,,,,,,,,,,,,,,,,,,,,,,,,,,,,,,,,,,,,,,,,,,,,,,,,,,,,,,,,,,,,,,,,
20,orbspa1,0.5910570835121993,625.0,21.88151317061193,2.4453290659451525,10.973930007346635,0.53451843406859,312.5,3.426806521393996,2.1483127865633946,1.7475673706905515,0.5915862225929218,1437.5,2.9785088040310965,2.4484972234501043,1.5925627017618758,,,,,,,,,,,,,,,,,,,,,,,,,,,,,,,,,,,,,,,,,,,,,,,,,,,0.28835262070156165,625.0,2.7740206905355738,7.025951539270949,2.6573691207889185,,,,,,,,,,,,,,,
21,orbspa1,0.6198294641710285,2906.25,22.6176795768433,2.6303984810907934,11.310411944596467,,,,,,0.40360244310366744,2953.125,1.3891962717437236,1.6767338974425456,2.7772053374798507,,,,,,,,,,,,,,,,,,,,,0.14943828784459112,,,,,,,,,,,,,,,,2906.25,2.512063138197062,22.33817926256296,1.4044020146008984,,,,,,,,,,,,,,,,,,,,,,,,,,,,,,
22,orbspa1,,,,,,,,,,,,,,,,,,,,,,,,,,,,,,,,,,,,,,,,,,,,,,,,,,,,,,,,,,,,,,,,,,,,,,,,,,,,,,,,,,,,,
23,orbspa1,,,,,,,,,,,,,,,,,,,,,,,,,,,,,,,,,,,,,,,,,,,,,,,,,,,,,,,,,,,,,,,,,,,,,,,,,,,,,,,,,,,,,
24,orbspa1,0.6239302313746939,1156.25,14.035445853750911,2.659081062685317,7.17315445983518,0.6271438263577631,406.25,7.02097934526057,2.681999308826036,3.860330833314468,0.5874440034450934,1343.75,4.53755669513913,2.4239133798820234,2.379136335303244,0.8607519923509026,0.6283433998471036,421.875,12.965317593228443,2.6906558354906345,6.621829226827336,0.6384796866257041,1171.875,7.173611174313482,2.7660962966821216,3.6085317332541225,0.5017798590662732,546.875,4.71298344638674,2.0071448699883447,4.157161745944089,1156.25,1.8233476730968157,7.18143129573518,1.2446921594060503,,0.6214470329617547,1343.75,10.804914148877282,2.6416382569231587,5.519847388622938,0.6271123342486584,406.25,7.7258759592355295,2.681772801428206,4.082506774153488,0.5782500091082221,1156.25,5.993306774238607,2.371072961698303,3.449280256116133,,,,,0.3113982986199356,421.875,1.0752334879475391,29.044366227845366,1.4995455182871127,,,,,,0.5193989032716322,1343.75,0.9038713569929175,6.242183008782391,1.154491890472388,,,,,,,,,,,,,,,
25,orbspa1,,,,,,,,,,,,,,,,,,,,,,,,,,,,,,,,,,,,,,,,,,,,,,,,,,,,,,,,,,,,,,,,,,,,,,,,,,,,,,,,,,,,,
26,orbspa1,0.6221473984464272,343.75,23.09399561089711,2.6465346431079624,11.548352312732838,0.6126750311256819,906.25,0.5898729081666676,2.5818113479910636,0.31682187995751143,0.5887561445284911,656.25,0.5532159048437507,2.4316472737409214,0.3267737381982399,,,,,,,,,,,,,,,,,,,,,,,,,,,,,,,,,,,,,,,,,,,,,,0.6597193692614924,343.75,5.814884114523806,44.08126306644505,2.9978607714469656,,,,,,,,,,,,,,,,,,,,
27,orbspa1,0.6206085749960122,390.625,23.14770434235843,2.6358002160683753,11.574210745246873,,,,,,,,,,,0.4189388277364333,,,,,,,,,,,,,,,,390.625,3.651971939278324,30.977805537891427,2.112771054612095,,,,,,,,,,,,,,,,,,,,,,,,,,,,,,,,,,,,,,,,,,,,,,,,,,
28,orbspa1,0.6226657883476892,281.25,23.077177922441354,2.650170509642088,11.539179165952179,0.5577027835097537,593.75,0.5169602754162074,2.2609231139532895,0.31285012646193594,0.500670041425411,406.25,0.43161428448620587,2.0026837621652973,0.3107383240879027,,,,,,,,,,,,,,,,,,,,,,,,,,,,,,,,,,,,,,,,,,,,,,0.651290362099257,281.25,4.984588460361763,31.544869439860584,2.548666309812994,,,,,,,,,,,,,,,,,,,,
29,orbspa1,0.5988880434823849,2640.625,23.657341205878403,2.4930695376967265,11.82913540382572,,,,,,,,,,,,0.5912046035522346,2562.5,23.71518191945018,2.4462115001526854,11.858247444952081,0.5536339160763386,2687.5,2.2410662097733973,2.2403135811972277,1.2887694518788886,,,,,,,,,,0.3183319071349192,,,,,,,,,,,,,,,,2562.5,0.7682937779455266,1.4669895957678705,6.094652200778156,,,,,,0.3452521139528282,2640.625,11.431435176976473,9.163832564963371,5.85056987211678,,,,,,,,,,,,,,,,,,,,
30,orbspa1,0.6198137557373699,1671.875,23.13221364967406,2.6302897989891676,11.56736046984503,0.49114391985467554,1484.375,0.9288355750641144,1.965192200738585,0.4977013714666608,0.49340766498580313,2109.375,0.8413822887859104,1.9739738067137864,0.48705322744767443,0.36322741594225394,,,,,,,,,,,,,,,,1671.875,2.329856274759795,73.80971036865145,2.1955193679383953,,,,,,,,,,,,,,,,,,,,,,,,,,,,,,,,,,,,,,,,,,,,,,,,,,
31,orbspa1,,,,,,,,,,,,,,,,,,,,,,,,,,,,,,,,,,,,,,,,,,,,,,,,,,,,,,,,,,,,,,,,,,,,,,,,,,,,,,,,,,,,,
32,orbspa1,0.6234183097461786,265.625,22.857691994644366,2.6554663327523595,11.429591087659917,,,,,,,,,,,0.6281406794587236,,,,,,,,,,,,,,,,265.625,2.152116445971294,29.58107916721964,1.265422999013242,,,,,,,,,,,,,,,,,,,,,,,,,,,,,,,,,,,,,,,,,,,,,,,,,,
33,orbspa1,0.5535832733369968,2406.25,24.80324420506327,2.2400594338726307,12.401808096477927,0.5278521554099507,3593.75,0.9390602387028217,2.117980652581963,0.4728480561828613,0.5663652257338632,281.25,0.5960897480020332,2.306088116877511,0.3008601840361727,,0.6224214571054556,312.5,23.0703228075887,2.648455583132261,11.535444667209758,,,,,,,,,,,,,,,0.5273727410475604,,,,,,,,,,,,,,,,312.5,3.5643946848384442,27.50581934020058,2.485002797702114,,,,,,0.78599601743641,2406.25,4.471379488815551,4.672810234748113,2.302416323677226,,,,,,,,,,,,,,,,,,,,
34,orbspa1,0.6084639350541354,515.625,22.963190245591388,2.5540431381161888,11.485539241671082,0.5591769153005203,390.625,1.9007504415231296,2.2684837403234575,1.0264236380515803,,,,,,0.1398064809650521,,,,,,,,,,,,,,,,515.625,1.548547813173853,23.250582057904857,1.5704068553350492,,,,,,,,,,,,,,,,,,,,,,,,,,,,,,,,,,,,,,,,,,,,,,,,,,
35,orbspa1,0.5749521222187877,2687.5,24.470828441650493,2.3526761390271815,12.23619143753722,,,,,,,,,,,0.5489889017502455,,,,,,,,,,,,,,,,2687.5,4.210218978759455,6.651721014498634,2.2552562606901976,,,,,,,,,,,,,,,,,,,,,,,,,,,,,,,,,,,,,,,,,,,,,,,,,,
36,orbspa1,0.6164551943249527,609.375,22.99969783826715,2.6072573144094022,11.500753966937575,0.5609477474947394,1171.875,1.0878155221339578,2.2776332299719115,0.5966280142777842,,,,,,0.4705909714943828,,,,,,,,,,,,,,,,609.375,3.87482744336232,60.44475684581278,2.3611366328942656,,,,,,,,,,,,,,,,,,,,,,,,,,,,,,,,,,,,,,,,,,,,,,,,,,
37,orbspa1,0.6190004952211912,609.375,23.160831565989735,2.6246753275455177,11.580865428962843,0.4683381660207422,671.875,0.9886150532060503,1.8808948397055971,0.6016940201816582,0.3833097615162131,734.375,0.7790653908237919,1.6215596382044737,0.56273926493582,,0.5796258961067241,3062.5,21.94391623134446,2.378833497921363,10.97322835062026,0.5493601203337406,687.5,4.899511017370431,2.21906680949008,2.4795304723744236,0.5448424467627551,500.0,4.07141764689133,2.197041426397604,2.377493803815046,,,,,,,,,,,,,,,,,,,,,,,,,0.537442159664311,3062.5,0.8307753570820782,2.1618917955736663,1.7249519976759065,0.7285847332488893,609.375,5.1937147500807965,77.3722136244352,2.646806180724368,,,,,,,,,,,,,,,,,,,,
38,orbspa1,,,,,,,,,,,,,,,,,,,,,,,,,,,,,,,,,,,,,,,,,,,,,,,,,,,,,,,,,,,,,,,,,,,,,,,,,,,,,,,,,,,,,
39,orbspa1,,,,,,,,,,,,,,,,,,,,,,,,,,,,,,,,,,,,,,,,,,,,,,,,,,,,,,,,,,,,,,,,,,,,,,,,,,,,,,,,,,,,,
40,orbspa1,,,,,,,,,,,,,,,,,,,,,,,,,,,,,,,,,,,,,,,,,,,,,,,,,,,,,,,,,,,,,,,,,,,,,,,,,,,,,,,,,,,,,
41,orbspa1,0.5881580320061883,78.125,21.913451799341335,2.4281158252794337,11.781473243820612,,,,,,0.4976390422902546,203.125,1.7584139001174264,1.9906005525568347,1.657542845832998,,,,,,,,,,,,,,,,,,,,,,,,,,,,,,,,,,,,,,,,,0.6313479815170633,78.125,2.017274573639052,5.425170349616765,1.436934632567486,,,,,,,,,,,,,,,,,,,,,,,,,
42,orbspa1,0.5731501056025792,171.875,24.063822978765078,2.342743932059978,12.040441907946457,,,,,,,,,,,,,,,,,,,,,,,,,,,,,,,,,,,,,,,,,,,,,,,,,,,0.8485577649700378,171.875,1.079211016001141,26.41271108557408,0.9377702682888661,,,,,,,,,,,,,,,,,,,,,,,,,
43,orbspa1,0.5930619011343047,2578.125,23.91941885344457,2.4573762023939594,11.962881056102717,0.4498822181988674,78.125,0.7356117949772132,1.8177925402191413,0.4732921475620764,,,,,,0.7355972165055302,0.5793816991823528,625.0,24.027134159866826,2.37745242671582,12.069382095713038,0.5669098201983811,875.0,2.292764363052508,2.308987935164126,1.222076980757615,0.5653476443993997,250.0,0.6738275552976802,2.3006892453584094,0.41657523652570727,625.0,3.6817684025804702,3.7821084437294346,2.907437137893476,,,,,,,0.5640686242457524,2609.375,1.5753174957379315,2.2939390363214898,0.8111384351435477,0.6308434320648229,3562.5,1.2637977381554473,2.708877714389189,0.695565882384501,,,,,,,,,,0.3036232286274053,2578.125,5.428954636644834,11.488033962177667,3.6113625534959883,,4125.0,2.269041006340036,8.267407743597289,2.011413183033632,,,,,,,,,,,,,,,
44,orbspa1,,,,,,,,,,,,,,,,,,,,,,,,,,,,,,,,,,,,,,,,,,,,,,,,,,,,,,,,,,,,,,,,,,,,,,,,,,,,,,,,,,,,,
45,orbspa1,,,,,,,,,,,,,,,,,,,,,,,,,,,,,,,,,,,,,,,,,,,,,,,,,,,,,,,,,,,,,,,,,,,,,,,,,,,,,,,,,,,,,
46,orbspa1,0.619371465350979,468.75,22.94230953883594,2.627233402041451,11.504395960421578,0.4839413874123495,109.375,1.0480753712518789,1.9377643849130681,0.5923033601919927,0.5707489252202703,1515.625,1.0151176329398877,2.3296388961009598,0.5557966526638503,,,,,,,,,,,,,,,,,,,,,,,,,,,,,,,,,,,,,,,,,,,,,,0.48422426580292577,468.75,5.224598930499527,44.593024593925286,2.8593293960617876,,,,,,,,,,,,,,,,,,,,
47,orbspa1,0.5727592489099752,281.25,24.479793005020742,2.340600697495937,12.252906702083008,0.5375443623493816,468.75,1.3316072245391706,2.162369573609766,0.703507483810858,0.5016041878723407,406.25,0.9983826601793122,2.006437405103757,0.7564481114462619,,0.6163724818357261,1125.0,22.388141646133278,2.6066951734463117,11.216050214541571,0.5877396955394383,250.0,2.8491089929669458,2.4256519222933424,1.5014252504068628,0.5710003473631927,390.625,1.8211203870317059,2.331004218426731,1.4589185239931033,,,,,0.6923179530626133,0.6166440598586973,375.0,22.9963714811,2.6085418152941777,11.535489557332035,0.6094953698653681,187.5,1.4627035683458565,2.560789099108085,0.944749724928936,0.5744302516434098,500.0,0.9307758433516473,2.349791083275232,0.7674408278620712,1125.0,2.292722657881442,39.001300594057746,1.9764099197797647,0.6120315974522126,375.0,1.8654550441604973,2.5775294932087327,5.726034723637149,0.7482941303007422,281.25,8.530084893963874,3.9728910620750177,4.8239180584056225,,,,,,,,,,,,,,,,,,,,
48,orbspa1,0.5618251193988999,1484.375,24.119517869790112,2.282193809531421,12.070224461703793,0.5031532865564556,1421.875,2.724877179474314,2.012693196799475,2.6688128364523296,0.3555810125337764,1375.0,0.7995818816163041,1.551785436881488,1.0266505952690226,0.4096823550112958,0.5773441505324474,2109.375,23.01305218854168,2.3659911515711087,11.510507862881788,0.5624440741040435,1046.875,3.9040955533391184,2.2854221387868563,1.9619712874443946,0.5344143501960015,3609.375,3.357266262448668,2.1478325210860305,1.6888009108515818,2109.375,3.2517733600905876,8.470016172556853,2.9338974333230055,0.4169824094371629,0.5618792960905092,1531.25,23.503464891309424,2.2824760187698985,11.753251422074475,0.2931165641091068,1484.375,1.5599926150193841,1.414660394099755,1.6724114032546535,0.5681563315909982,1343.75,0.9410843480797979,2.3156528002001266,0.6631020252644932,1531.25,2.850214263753526,1.7152141139251285,5.720483926337282,,,,,,0.7226711614301169,1484.375,7.120906104495747,7.211655341411699,4.314897960479772,0.1527833782271112,468.75,2.6589434583442353,22.426377754771295,2.378592367542711,0.5794983189293155,468.75,23.45455375629607,2.3781117769940714,11.795768635884638,0.5525339199960027,281.25,2.381914471747199,2.234806267306489,1.2639027017739421,0.5814129709364253,1468.75,1.9264302777576747,2.388989458744362,0.9836899263349147
49,orbspa1,0.5953811603188275,78.125,23.937950581925445,2.471461785585589,11.983389260015818,0.3898491691855772,203.125,0.1761010638095531,1.6389390122852259,0.18558023899678358,0.4935430216215646,250.0,0.1374668935705465,1.9745013746316253,0.11060246255019661,,0.5804048882416456,1093.75,23.213313394022276,2.3832498806037137,11.61996125591462,0.5575606239589771,78.125,2.7674626435793193,2.260196660044291,1.4107373981328484,,,,,,,,,,0.6242123120408467,,,,,,,,,,,,,,,,1093.75,1.2101937330634946,2.661077071020742,1.2986486588365143,,,,,,0.7563635567598813,78.125,16.428552739297857,4.104476270877253,8.7059543596996,,,,,,,,,,,,,,,,,,,,
50,orbspa1,0.5495149572940518,125.0,24.999355882476202,2.2198295286193215,12.502489899486061,0.519124572380282,250.0,1.9229463347128553,2.0795406514113086,0.9738747152573541,0.4927369855652256,375.0,1.2988679429821703,1.9713639109176242,0.7139275750709996,0.8261036814944855,0.5449521681466983,593.75,24.622935795306088,2.1975711782368847,12.313271670866763,,,,,,0.5457623419272881,1218.75,0.9243658685363025,2.201490744388977,0.4693905936850815,125.0,5.045848708465046,11.501106045189664,2.645930314350718,0.5273649189468055,0.5951681643556792,1921.875,23.5169279378963,2.4701614644718433,11.768242058604695,0.5453020398628625,2109.375,2.2731817944875226,2.199262120503903,1.159803119128333,,,,,,593.75,3.391520201692914,2.115797239958688,3.0188217589210313,0.7431981919374145,1921.875,2.7417899088374655,3.894053579857541,2.1570421906304382,,,,,,,,,,,,,,,,,,,,,,,,,
51,orbspa1,0.6183857485511821,109.375,23.21092287597943,2.6204472086759054,11.613081782526132,0.6318909618754843,671.875,0.4504783641356394,2.716586381836521,0.2393454674980244,0.6336269121635372,359.375,0.35960930877966585,2.729458121242704,0.2472677133260023,0.6652455455833036,0.6138607061110206,703.125,23.321710785003354,2.589739028961695,11.672142157282373,0.5739326741011739,390.625,0.9457536094630691,2.347046908350489,0.5111410607729663,0.5907524620950113,78.125,0.7949792015233157,2.4435088971314984,0.49876322938441653,703.125,1.2440146374523375,2.9872642075591855,4.197739369691106,,,,,,,,,,,,,,,,,,,,,,,,,,1.0,109.375,5.801082133642841,44.112876600342695,3.0074080191892043,,,,,,,,,,,,,,,,,,,,
52,orbspa1,0.6108746957876947,78.125,23.364735737115403,2.5698662851655723,11.702134208718242,,,,,,0.5760103203933256,3828.125,0.556704780960357,2.358547974393332,0.2887391878078122,0.4554885745946635,0.6073804519563702,656.25,23.417522132393053,2.5469949343655074,11.72417844813566,0.5448590867219757,3968.75,1.0543945906750756,2.1971217502680247,0.5328565072404662,,,,,,78.125,4.350247892126533,7.34603502033476,2.611202114282768,0.24876313290504581,,,,,,,,,,,0.5379877788487908,3750.0,1.0689956559857245,2.164444909072472,0.5642961805252218,656.25,2.4067476608607388,9.31796655170708,2.7660389698789056,0.11571482884072481,4062.5,2.2447869833952003,37.3182781712124,1.941191697202548,,,,,,0.6579099210422005,2046.875,1.5092070606302506,2.923206668391458,2.184022556481568,0.596059116134188,2046.875,23.082198311488,2.475609773464271,11.547692900659033,,,,,,,,,,
53,orbspa1,0.6151910736990054,2359.375,22.75167564654769,2.5986923162427047,11.381480869106152,,,,,,,,,,,,,,,,,,,,,,,,,,,,,,,0.5675132413318354,,,,,,,,,,,,,,,,2359.375,1.6632675513043929,6.936628555376927,1.2092777402207067,,,,,,,,,,,,,,,,,,,,,,,,,,,,,,
54,orbspa1,0.6075024608555865,3718.75,23.590936368132734,2.547786674484257,11.795808689502019,0.5431668254552967,2781.25,0.4719251497032766,2.1889828841713097,0.2392643562422872,,,,,,0.7713751715786406,0.6020681461215501,2625.0,23.409565862541157,2.5129930922932715,11.707507578754633,0.5846587437128189,3250.0,2.172243715587843,2.4076587260779263,1.1198134956601926,0.5165794436271837,2750.0,1.96958791097442,2.068592216067856,1.1145723896141968,2625.0,2.507445202753299,4.373978132230604,3.135230567090116,,0.6170558357270323,156.25,22.723282684574315,2.6113467531187826,11.370215683306807,0.6478625470569166,3718.75,2.598388964532741,2.8398001736033223,1.3032914749503715,0.5964638311141773,2906.25,2.2908660510085936,2.4780926149966547,1.1877036787136366,,,,,,,,,,0.5101468878649944,3718.75,9.002989063680525,6.124284863526981,4.5862531893343865,0.9163017059773412,156.25,1.6900334378794306,35.84302446102232,1.3483691201317993,,,,,,,,,,,,,,,
55,orbspa1,,,,,,,,,,,,,,,,,,,,,,,,,,,,,,,,,,,,,,,,,,,,,,,,,,,,,,,,,,,,,,,,,,,,,,,,,,,,,,,,,,,,,
56,orbspa1,0.5548356385569571,93.75,24.836356057648015,2.2463613141860774,12.425817534926187,0.5125235146855532,281.25,2.553344177466269,2.0513810001623973,1.3301774911262945,0.49390929695263797,468.75,0.8420418630408092,1.9759303895104665,0.5085055520872195,0.6487526340447871,0.568649225090964,171.875,23.74585693555829,2.318298837438931,11.881243613342198,0.5310555801446755,421.875,1.5783752107788747,2.1324488738100627,0.8335506446141079,0.5321235329419416,609.375,1.2267513561577505,2.1373163012191227,0.6388093737002483,93.75,5.689563933399514,2.846996438764778,3.51932105125592,0.6311492629784373,0.5737258319566483,265.625,24.31340548052499,2.345908044557607,12.172278942550399,0.4958947857874887,93.75,2.5978752706496713,1.9837128674857123,1.4017861078378482,0.5191630280861756,453.125,1.7207303297383745,2.079706966000984,0.9316047618582068,171.875,3.1309942714714376,2.711123768044798,3.4729638455016816,0.5635895625173923,265.625,2.58238492111419,2.2914209058985975,3.5167096779247338,,,,,,1.0,3796.875,2.008732110736186,3.8928938928729053,1.703618397408089,0.5738638084620951,3796.875,24.11676564171802,2.34666761438649,12.064167945263737,,4046.875,2.9448254831274037,2.303060060535188,1.4782361106899646,0.5749500118517956,3546.875,1.6122387802750808,2.3526644580244636,0.830948134082988
57,orbspa1,0.6173883863919268,78.125,23.157593274153726,2.6136164309543055,11.600409333760961,,,,,,,,,,,0.4366729941648698,0.6208740802750863,3250.0,22.509159935319655,2.637646090580091,11.264585856390822,0.5840798493154826,3437.5,2.9540010555848135,2.404307649807805,1.5664861017753198,0.575259016912913,3062.5,1.631072422210844,2.3543760546294266,1.0424472125955297,78.125,4.10259590614179,7.100671472460325,2.435049484434237,,,,,,,,,,,,,,,,,,,,,,,,,,,,,,,0.14137777618563174,3250.0,1.4433434620652483,27.951757285505266,1.442021923105883,,,,,,,,,,,,,,,
58,orbspa1,0.5929851631021594,2781.25,18.527890909596866,2.456912891976458,9.26635039507993,,,,,,,,,,,,,,,,,,,,,,,,,,,,,,,,,,,,,,,,,,,,,,,,,,,,,,,,,,,,,0.8751457501983098,2781.25,2.5050430117295455,8.009338901866215,1.401844206604131,,,,,,,,,,,,,,,
59,orbspa1,,,,,,,,,,,,,,,,,,,,,,,,,,,,,,,,,,,,,,,,,,,,,,,,,,,,,,,,,,,,,,,,,,,,,,,,,,,,,,,,,,,,,
60,orbspa1,,,,,,,,,,,,,,,,,,,,,,,,,,,,,,,,,,,,,,,,,,,,,,,,,,,,,,,,,,,,,,,,,,,,,,,,,,,,,,,,,,,,,
61,orbspa1,,,,,,,,,,,,,,,,,,,,,,,,,,,,,,,,,,,,,,,,,,,,,,,,,,,,,,,,,,,,,,,,,,,,,,,,,,,,,,,,,,,,,
62,orbspa1,,,,,,,,,,,,,,,,,,,,,,,,,,,,,,,,,,,,,,,,,,,,,,,,,,,,,,,,,,,,,,,,,,,,,,,,,,,,,,,,,,,,,
63,orbspa1,,,,,,,,,,,,,,,,,,,,,,,,,,,,,,,,,,,,,,,,,,,,,,,,,,,,,,,,,,,,,,,,,,,,,,,,,,,,,,,,,,,,,
64,orbspa1,,,,,,,,,,,,,,,,,,,,,,,,,,,,,,,,,,,,,,,,,,,,,,,,,,,,,,,,,,,,,,,,,,,,,,,,,,,,,,,,,,,,,
65,orbspa1,,,,,,,,,,,,,,,,,,,,,,,,,,,,,,,,,,,,,,,,,,,,,,,,,,,,,,,,,,,,,,,,,,,,,,,,,,,,,,,,,,,,,
66,orbspa1,0.5601660228755891,31.25,23.415690209048034,2.2735851526021174,11.790712128941665,,,,,,,,,,,0.6652891841069722,0.5197290684099141,484.375,23.33577989776484,2.082158078335471,11.670215835429547,,,,,,,,,,,31.25,5.460834912241881,2.9876536774945333,3.235130880621768,0.5002344815022011,,,,,,,,,,,,,,,,484.375,1.8831779649248968,2.000938366067775,1.1276918891248695,,,,,,,,,,,,,,,,,,,,,,,,,,,,,,
67,orbspa1,,,,,,,,,,,,,,,,,,,,,,,,,,,,,,,,,,,,,,,,,,,,,,,,,,,,,,,,,,,,,,,,,,,,,,,,,,,,,,,,,,,,,
68,orbspa1,0.5994272068235691,93.75,23.527672616392003,2.496425161754691,11.7735976171201,,,,,,,,,,,0.4577574252105806,0.6226276065934164,1453.125,21.42848963075809,2.64990237089917,10.735549533134913,0.5573599104546141,1203.125,2.4372751097062575,2.2591717822645734,1.4184880494297756,,,,,,93.75,3.1397840907504664,9.220965362120001,1.801154108974536,,,,,,,,,,,,,,,,,,,,,,,,,,,,,,,0.23621305584632113,1453.125,1.643118891136393,26.18531274079473,1.3726798385094294,,,,,,,,,,,,,,,
69,orbspa1,0.5772321485940985,109.375,24.193045597772368,2.365364340440104,12.119904590717358,0.5362797369624772,234.375,1.4273619342918555,2.1564725109264486,1.1140527322305123,0.05654750739094694,171.875,0.9745484191173996,1.0599367830748623,1.6534659636749538,0.12776099576220679,0.6186593785171619,1484.375,23.026805552792588,2.6223275037196743,11.520490044527936,0.5372144664855931,1671.875,1.1691299769954406,2.160828132214874,0.6920544711292057,0.5228795318850878,1359.375,0.9991764537804471,2.0959067297007152,0.8485600176476812,1484.375,2.9222965715786247,41.27309123427544,2.836179683060412,,0.6184718052060793,437.5,22.919937402972717,2.6210382709465065,11.467577090033958,0.5444033605481504,2500.0,1.5469548733287721,2.194924003836263,0.7901251205094567,0.6247545975648561,1437.5,1.35283267364278,2.6649227239308715,0.708675203708304,,,,,0.30853267781873284,437.5,1.7665802817168639,10.123399581513354,2.4873832343111655,0.7078452796187065,109.375,4.5009256813401635,3.42284389139731,2.387776048394194,,,,,,,,,,,,,,,,,,,,
70,orbspa1,0.5546873582070293,500.0,22.75082106619543,2.245613320056851,11.376499791496324,0.5589511860558725,125.0,0.9238530845262402,2.2673227279706074,0.4646876831283711,0.546971147524617,3312.5,0.699026644099353,2.207364927279855,0.3510026897241119,0.7661377608395911,0.6207842176610778,109.375,22.94136804996082,2.637021048628865,11.474490660638713,0.5536357770313727,484.375,1.0782530932180823,2.240322921378681,0.55834914176717,,,,,,109.375,6.145329878826277,4.2760216595467035,4.0111580037196415,,,,,,,,,,,,,,,,,,,,,,,,,,0.5866886596497481,500.0,7.35694244562107,2.4194835766000793,3.8461142687149645,,,,,,,,,,,,,,,,,,,,
71,orbspa1,0.6004043849860148,109.375,23.530419534494847,2.502529963861094,11.767317400709384,0.5861324391844411,421.875,0.5336974880321593,2.4162318931916786,0.33180640081616647,0.5547701717856218,1171.875,0.4450626513145305,2.2460310083234134,0.23600556583278887,0.8816583239381148,0.6194991481865693,421.875,23.03471096306483,2.6281150100823574,11.52189537729972,0.611985223947247,109.375,0.5735025250274042,2.577221440309386,0.33678256954896146,0.46710617254708187,2359.375,0.4257320798559793,1.8765464122182038,0.2266006272311205,421.875,3.5368362129921853,8.45010847638379,5.045033584502985,0.6478978542499412,0.5926287451381762,2484.375,23.765051414942967,2.454763285492959,11.892719747669368,0.5097204766240219,484.375,1.1737589303308194,2.039652794622498,0.6023423346677041,0.5901769250017024,1296.875,0.8732276740715195,2.440077343141681,0.4523935514556259,2484.375,2.7133291570498503,5.680169871556842,2.2300060656509593,0.5585009119315909,1218.75,1.4472563027568868,40.77018613730624,1.7879125527531938,0.6179790270801178,109.375,6.926772957354879,5.2353146601179965,3.564244366921431,,,,,,0.6249304469914543,1218.75,22.703614216216213,2.666172159213403,11.366185670706246,0.5433219711504715,468.75,2.1894051184907886,2.189726539985333,1.1092868835553538,0.45566917760943804,406.25,1.4154000537708058,1.8371180886069531,0.8942889045844634
72,orbspa1,0.6146307554473329,125.0,23.209166099811604,2.594913875809655,11.666552124593355,0.2469933386397799,187.5,0.7072609177778119,1.3280095001996592,1.0875568840098029,0.5236110110154895,375.0,0.5150037804154491,2.0991249233775093,0.29170157041999184,,0.6237122391084178,1468.75,22.713050550343038,2.6575405950769806,11.36224692057055,0.6040004607822586,218.75,3.0168716559777278,2.5252554636184747,1.5334222468487566,,,,,,,,,,,,,,,,,,,,,,,,,,,,,,,,,,,0.6657953963795341,125.0,5.4437446697893845,5.984358020008809,2.92527727708324,0.3931364303984537,1468.75,1.3451439976124784,56.02577202372467,1.633674455281382,,,,,,,,,,,,,,,
73,orbspa1,,,,,,,,,,,,,,,,0.5999288939502064,0.5570921750166207,515.625,22.43781644482635,2.257806124869269,11.227498855341535,,,,,,,,,,,515.625,3.410342125409224,2.499555666175848,2.0710176021911586,0.9144778152625784,0.6206058001157717,3203.125,22.556057428295365,2.635780937887688,11.285293784046912,0.6232785620827409,3453.125,2.25634663632449,2.6544812674547984,1.3131153881202018,,,,,,3203.125,2.6596113615298638,11.692872475958097,2.298486329686395,0.5506180645481029,1703.125,2.3078948400154187,6.675835772043683,1.9786814445299943,0.0996603426711925,4171.875,5.345574756320877,38.87421787444143,2.8024827448073664,,,,,,0.5874130989741025,1703.125,23.4342114425687,2.4237318187114028,11.728169715155103,0.5698625425032938,3265.625,2.2190117405819776,2.324838217577593,1.1376981553516894,,,,,
74,orbspa1,0.586122375207478,125.0,23.85045267783735,2.4161731393459664,11.93581460740227,0.5383971787646735,2187.5,1.3376837943583346,2.1663645757706433,0.7002714261969331,,,,,,,0.6173385608383457,1390.625,22.837990076049163,2.613276117371086,11.442259406770466,0.5765785673321812,3265.625,1.5085933722614044,2.361713231423778,0.798371431515687,0.7515870417802321,125.0,1.4419335045905741,4.025554895229386,0.7483293584228036,,,,,0.5267598214097889,0.6019758180014436,234.375,20.60133853785501,2.512410163067999,10.323846828612295,0.5707475957073276,109.375,7.1085348923178175,2.32963168056755,4.368581806879632,0.6045038915513561,1046.875,3.9531297413507605,2.5284698853866274,2.0070888877791235,1390.625,2.513599465924422,61.27966582717342,2.341504152076346,0.5829173867760089,234.375,1.3609847636866108,4.795213074312247,2.470977490833529,0.7780315546314684,125.0,5.9843147913261685,4.505144856692185,3.1797861502847544,,,,,,,,,,,,,,,,,,,,
75,orbspa1,,,,,,,,,,,,,,,,,,,,,,,,,,,,,,,,,,,,,,,,,,,,,,,,,,,,,,,,,,,,,,,,,,,,,,,,,,,,,,,,,,,,,
76,orbspa1,0.623326387685918,2656.25,22.85684548441301,2.654818302393238,11.43329361680066,0.6019813324536702,2531.25,1.9149166622652458,2.5124449719022266,1.1298232346417105,0.5421341473378691,1031.25,1.007824998832941,2.184045816445547,0.5173815105650239,0.25557847354302865,,,,,,,,,,,,,,,,2656.25,3.1502717725039937,13.433249368263688,2.08327455058215,,,,,,,,,,,,,,,,,,,,,,,,,,,,,,,,,,,,,,,,,,,,,,,,,,
77,orbspa1,0.6149949571477498,3906.25,22.941778952984535,2.597368576244236,11.472126125583486,0.5177457755215644,3343.75,1.3593705274753929,2.0735951065675238,0.8652296398885733,0.20436599803616917,3843.75,1.2914530197044767,1.2568593065803384,1.8910842376298076,0.7249609623704905,0.5677721583129255,3515.625,22.663701177864965,2.313594598850443,11.336449327927873,0.5266874220305634,3390.625,5.835658838505579,2.112768699894076,3.55945297050603,0.4447190357544941,3640.625,4.5742389831068255,1.800890115797074,2.8600103115822826,3515.625,3.516722455960774,3.6358475095707945,3.962917656580772,0.6074045970249439,0.5887505519929366,3359.375,23.269943768685696,2.4316142060397965,11.636718897067398,0.5521259847472166,3500.0,2.5268697069321484,2.2327707478979164,1.448332245297902,0.5437418541800952,3859.375,1.5274964268017472,2.1917416908863743,0.7886548832106454,3359.375,3.072003362193826,5.094303154963512,4.160574429094985,,,,,,1.0,3906.25,5.6166031382611905,11.871264564773213,3.0850568080561693,0.7360824513784365,3703.125,2.4012808382678847,7.578124343932274,4.18613171532156,0.5947989128914237,3703.125,22.577392632918023,2.4679104568444643,11.29088190642082,0.5009664602657007,3828.125,2.080500934926496,2.0038733278978214,1.556571311604861,0.504735035949742,3953.125,1.1151086207302343,2.0191212231570717,0.7178050734390548
78,orbspa1,0.6256740986139744,2718.75,13.244015717513337,2.671468889268084,6.631172483106359,,,,,,,,,,,0.3411542576509531,0.6185061639383242,625.0,17.55782997275666,2.6212743312537583,8.835314943854963,,,,,,,,,,,2718.75,1.7670833401501072,10.624641778881681,2.1141141055450356,0.42861596543410185,,,,,,,,,,,,,,,,625.0,1.4571692967657761,57.75450135751751,2.1829348656586,,,,,,,,,,,,,,,,,,,,,,,,,,,,,,
79,orbspa1,0.6008036307733415,125.0,23.22886656956146,2.5050328036230534,11.870057953701668,0.6120582758507023,812.5,1.2784889407313484,2.577706747560761,0.6604815363460098,,,,,,0.628386420168159,0.6173811211365068,718.75,22.963942405679315,2.613566803003387,11.524473579458908,,,,,,,,,,,125.0,3.976484302428702,8.072901968107656,3.2959293198346193,0.675496071681666,,,,,,,,,,,0.5696490251981217,1109.375,2.248752490639637,2.323684756286127,1.1596421805770536,718.75,2.2864416298863155,67.79578945009966,2.8985856740418,0.0347185995228817,4171.875,1.8716552961155992,12.431608020281601,2.0776551236487797,,,,,,,,,,,,,,,,,,,,,,,,,
80,orbspa1,,,,,,,,,,,,,,,,,,,,,,,,,,,,,,,,,,,,,,,,,,,,,,,,,,,,,,,,,,,,,,,,,,,,,,,,,,,,,,,,,,,,,
81,orbspa1,0.5529017453296381,62.5,23.612529809097737,2.2366448304238706,11.991138591165875,,,,,,0.5521789251371304,1250.0,0.17415803737797697,2.233034700982344,0.08813800097777413,,0.567878980313286,156.25,23.884051020569558,2.314166528453061,12.128316781223091,,,,,,0.550892265431397,406.25,1.2169910690569925,2.226637225387723,0.8358050733488503,,,,,0.33169895145446116,0.6138980435531578,593.75,22.704666672559522,2.589989466001782,11.373406467592842,0.5953762265862457,31.25,3.0365836916656144,2.471431650105824,1.5413488077259496,0.5342016674068988,718.75,1.7929804297646268,2.146851824120958,1.0881935106856395,156.25,0.8414151211352738,1.4963316340388157,2.67013283395656,,,,,,0.5917522213166782,62.5,18.699154852259667,2.449492813470275,10.106403393634025,0.19224525382123858,593.75,0.5884113075521953,19.807992556764372,1.7591068766834197,,,,,,,,,,,,,,,
82,orbspa1,,,,,,,,,,,,,,,,,,,,,,,,,,,,,,,,,,,,,,,,,,,,,,,,,,,,,,,,,,,,,,,,,,,,,,,,,,,,,,,,,,,,,
83,orbspa1,0.5335175573869357,31.25,18.658760082949392,2.1437034037087552,13.849182311439272,0.3840113365334742,156.25,0.23372614633049157,1.6234064996787758,0.22058419616692582,,,,,,,,,,,,,,,,,,,,,,,,,,,,,,,,,,,,,,,,,,,,,,,,,,,0.5359946301199632,31.25,5.759335167679859,2.155147472234079,14.110690965044594,,,,,,,,,,,,,,,,,,,,
84,orbspa1,,,,,,,,,,,,,,,,,,,,,,,,,,,,,,,,,,,,,,,,,,,,,,,,,,,,,,,,,,,,,,,,,,,,,,,,,,,,,,,,,,,,,
85,orbspa1,0.6083889843843995,2875.0,23.13408720050982,2.553554318251315,11.568315097848307,,,,,,,,,,,0.5393252003676825,,,,,,,,,,,,,,,,2875.0,3.786792972342668,6.512186041855159,2.1705878755745664,,,,,,,,,,,,,,,,,,,,,,,,,,,,,,,,,,,,,,,,,,,,,,,,,,
86,orbspa1,,,,,,,,,,,,,,,,,,,,,,,,,,,,,,,,,,,,,,,,,,,,,,,,,,,,,,,,,,,,,,,,,,,,,,,,,,,,,,,,,,,,,
87,orbspa1,0.5842929686319489,3953.125,23.66131822063301,2.4055402592279904,11.832264129494911,,4015.625,2.008167890628958,1.5929317965274663,2.174086364085608,0.5630984204632661,3265.625,1.9271953833083302,2.2888450095793758,1.031918007509883,0.6652525898550748,0.6113435899918891,2906.25,22.556312588274142,2.572966698218437,11.280385751371837,0.5265026181924146,3109.375,2.025250363054604,2.111944096042265,1.2403450844900825,0.5646282424881299,2781.25,1.9814356026588125,2.2968876201684623,1.4666005836933385,2906.25,4.587570780277996,5.974654140368472,3.837187721165071,0.6236360947482559,0.572119082369509,3218.75,22.622357123559116,2.3370988487586146,11.314260721216657,0.5033961511048993,3343.75,4.328038627277784,2.0136775061750143,2.718159527214325,0.41708959825076886,3265.625,1.9225657292243021,1.7155295170563818,2.179382415978416,3218.75,3.758459116791914,2.657002932656667,4.06197966987067,0.7269342886336836,2562.5,3.4379998019710527,3.662122186620877,3.371510771265383,1.0,3953.125,6.2185609812140115,9.065074883557429,3.3291427358746963,,,,,,0.5793760181189176,2562.5,22.953763917634905,2.3774203161880507,11.477931137311797,0.5057655587408145,3937.5,3.7075192233306087,2.0233312705853734,1.865760742265028,0.311056798633784,2625.0,3.446921481947168,1.4514984660810057,3.994855738605695
88,orbspa1,0.5978713807326557,2968.75,23.659768785020677,2.4867665520100104,11.831431050038857,0.385904752608772,2906.25,1.458247274681187,1.6284118860195633,1.784116534835111,0.1848496665811642,3031.25,1.2862912334035976,1.226767577712792,1.0720093362020544,1.0,,15.625,13.714211866681417,1.5963464050236986,17.032234048707775,0.6737514359005164,2953.125,0.12303959341859205,3.0651475900291416,0.062354782041213336,0.5125000583451049,2703.125,0.11003979609658841,2.0512822967841657,0.058557155341162063,15.625,3.701894518335747,2.16869706854967,9.976055858286735,0.41322330090476467,0.5751442707479592,3218.75,24.32895462795204,2.353740178484827,12.164653734347189,0.5178914651182924,2968.75,1.8280534676677385,2.0742217315139726,1.0216532047791262,0.24350619906821225,3093.75,0.6302525911715925,1.3218878975191615,0.7476185044839792,3218.75,2.1473299664608714,1.704225818001845,4.245863727049458,0.6229031712190625,2781.25,1.95333905217224,5.303677589826236,3.0222010657225153,0.1862527602549906,2968.75,5.845983252850866,17.204359432772947,3.5791476724285527,,,,,,0.5872612000532966,2781.25,23.76401523337273,2.4228398205575274,11.88393267092054,0.5368245822660177,2906.25,1.7118066985783447,2.1590092256889477,1.3412962463784779,0.6272546649826358,2968.75,1.390763371529641,2.6827968214636826,0.7076513839229075
89,orbspa1,0.5377038180195305,31.25,20.492928570409187,2.163115420326458,13.606336196568188,,,,,,,,,,,,,,,,,,,,,,,,,,,,,,,,,,,,,,,,,,,,,,,,,,,,,,,,0.562569953922041,31.25,9.497671735702548,2.2860798177127952,14.27582545954024,,,,,,,,,,,,,,,,,,,,
90,orbspa1,0.5381702861039999,31.25,18.716917281122356,2.1653002609208274,13.768865077431101,,,,,,,,,,,0.5818361250419203,,,,,,,,,,,,,,,,31.25,3.6788137901283307,2.391406957619781,8.009156368258356,,,,,,,,,,,,,,,,,,,,,,,,,,,,,,,,,,,,,,,,,,,,,,,,,,
91,orbspa1,,,,,,,,,,,,,,,,,,,,,,,,,,,,,,,,,,,,,,,,,,,,,,,,,,,,,,,,,,,,,,,,,,,,,,,,,,,,,,,,,,,,,
92,orbspa1,0.5446982655347561,31.25,21.694707041448407,2.1963456852948497,13.08462333130249,,,,,,,,,,,0.5642873365150776,0.5651542560145109,3359.375,22.350710366970947,2.2996660628081713,11.180781377193805,,,,,,0.3377041123028479,3296.875,2.2175905301263183,1.509899153197324,2.733887065386548,31.25,1.9984761556292205,2.2950905121778824,2.9595514930352627,0.6507295025048123,0.6194508809238184,2250.0,20.624892701956927,2.6277816709380204,10.323399653642875,,,,,,,,,,,3359.375,1.707978577175002,2.8631104177752036,1.222393718303723,,,,,,,,,,,0.37513544533826104,2250.0,0.953721628559961,8.001734076125786,0.8546094913454926,,,,,,,,,,,,,,,
93,orbspa1,,,,,,,,,,,,,,,,,,,,,,,,,,,,,,,,,,,,,,,,,,,,,,,,,,,,,,,,,,,,,,,,,,,,,,,,,,,,,,,,,,,,,
94,orbspa1,0.5848490868189729,46.875,24.022763085156427,2.4087626167979757,12.180947771910677,0.513933616150983,296.875,0.32918721605111934,2.0573321530308135,0.21242986340077913,0.5183446117299366,171.875,0.30938455065877507,2.0761731818087785,0.21506973068564803,,0.6133032108789396,218.75,21.408217972677765,2.5860054392304175,10.867539654961659,0.5403326267540897,343.75,4.0246550256201585,2.1754861410732005,3.4165815914892286,0.5971815646456874,593.75,2.3912404073686564,2.482508029009189,1.3346929758844925,,,,,,,,,,,,,,,,,,,,,,,,,0.41049740211374874,218.75,1.0518959108347508,10.178072194276815,4.097204911207305,0.7190505573863375,46.875,13.823084735194454,3.559359259434852,7.856950701975399,,,,,,,,,,,,,,,,,,,,
95,orbspa1,,,,,,,,,,,,,,,,,,,,,,,,,,,,,,,,,,,,,,,,,,,,,,,,,,,,,,,,,,,,,,,,,,,,,,,,,,,,,,,,,,,,,
96,orbspa1,,,,,,,,,,,,,,,,,,,,,,,,,,,,,,,,,,,,,,,,,,,,,,,,,,,,,,,,,,,,,,,,,,,,,,,,,,,,,,,,,,,,,
97,orbspa1,,,,,,,,,,,,,,,,,,,,,,,,,,,,,,,,,,,,,,,,,,,,,,,,,,,,,,,,,,,,,,,,,,,,,,,,,,,,,,,,,,,,,
98,orbspa1,0.6183054121047306,312.5,21.345163771336285,2.6198956750059637,10.72253297456057,,,,,,,,,,,0.26154289041393275,0.6046352098539634,171.875,20.68338925497459,2.5293097031494085,10.496208117905761,,,,,,0.5705647917473178,296.875,3.3090880249209436,2.3286399922094745,2.4518499456241964,312.5,2.4079448464307904,16.25009745891193,2.326916404746119,0.6823794084665331,,,,,,,,,,,,,,,,171.875,0.9246018446551112,3.148410482998022,2.7998277709487374,,,,,,,,,,,,,,,,,,,,,,,,,,,,,,
99,orbspa1,,,,,,,,,,,,,,,,,,,,,,,,,,,,,,,,,,,,,,,,,,,,,,,,,,,,,,,,,,,,,,,,,,,,,,,,,,,,,,,,,,,,,
100,orbspa1,,,,,,,,,,,,,,,,,,,,,,,,,,,,,,,,,,,,,,,,,,,,,,,,,,,,,,,,,,,,,,,,,,,,,,,,,,,,,,,,,,,,,
101,orbspa1,,,,,,,,,,,,,,,,,,,,,,,,,,,,,,,,,,,,,,,,,,,,,,,,,,,,,,,,,,,,,,,,,,,,,,,,,,,,,,,,,,,,,
102,orbspa1,0.6203462195159898,1781.25,15.971604583616996,2.6339787759392976,8.013589106304725,0.6159698175027128,1156.25,8.81906681358882,2.6039619945941723,4.502789103626719,0.5731840286853582,1656.25,6.568269202374517,2.342930131972068,4.364594144476483,0.377429963201973,0.6221958300452275,1171.875,13.755909332535046,2.646873908564089,6.90045975083934,0.6050271418978486,1796.875,11.235700155720995,2.5318195402210932,5.925203841012181,0.5928023456008261,1671.875,6.463257148977811,2.4558098240411397,4.036942083114784,1171.875,4.37410546006834,9.63746991560808,3.1582172834822093,0.36932298610632575,0.2424776505318219,1750.0,14.039409110475885,2.640186129695195,7.032365337465063,0.6109703332445005,1375.0,9.451300611517969,2.5704980505471013,4.947074401944802,0.5774826615215432,1125.0,6.805133592660224,2.366766778379173,4.241310839598942,1375.0,2.6493235072434933,9.513585984301528,2.4742558006739626,,,,,,0.31331810054638,1781.25,6.438159383627662,11.650226992098453,3.382854135697711,,,,,,,,,,,,,,,,,,,,
103,orbspa1,1.0,3984.375,23.124170881447597,2.6058661183697325,11.562088044245954,,,,,,,,,,,,,,,,,,,,,,,,,,,,,,,,,,,,,,,,,,,,,,,,,,,,,,,,,,,,,1.0,3984.375,0.6891493351974061,6.224640024824566,1.6739738737749148,,,,,,,,,,,,,,,
104,orbspa1,0.6142501433796421,3187.5,23.2761696145084,2.5923535235015436,11.639299252790932,0.5576450317616544,3000.0,1.1012533386485728,2.2606279386494634,0.6123243299485773,0.5467129027309998,3750.0,1.0583009664789182,2.2061073567389826,0.5871029390473399,,0.6024438107278438,3703.125,23.413999303009412,2.5153677064638202,11.710646554470554,0.5268950687276104,3015.625,1.3882994210210304,2.1136959982863743,0.7689375583492268,,,,,,,,,,0.7334110839309788,0.5897263887503106,3890.625,23.8658031512758,2.4373978061957473,11.937326919044573,0.543798718131637,3390.625,1.6239508164778296,2.1920148840979152,0.9153020077774672,0.5939487411208527,2953.125,1.3779072682190843,2.462743257490132,0.7486903649112349,3703.125,1.5903206024224508,7.502187373319714,3.4485497127751326,0.5044831183765551,3890.625,1.341300345545862,2.018094715004935,3.2825354162516787,0.27447919803157683,3187.5,5.155130023557801,67.53769136192545,2.594799112275375,0.882418380448384,1109.375,1.1501948541639302,8.50473061872583,2.085928760168529,0.6168282198942815,1109.375,22.602478848284257,2.6097955327610407,11.30254636963145,0.5675649632074025,3609.375,2.1291443124439,2.3124860728609633,1.0836712223491676,0.4058263600324735,3187.5,1.6691082471707783,1.6830097007579354,0.9224953574855838
105,orbspa1,0.6017076647929119,1484.375,23.603775425064033,2.5107186646714155,11.801960268796433,,,,,,0.5636252169850675,671.875,1.1558799896521577,2.29160812889085,0.6097004863736779,0.1289835087870933,,,,,,,,,,,,,,,,1484.375,5.130296995579034,24.109761654176154,3.085114255776748,,,,,,,,,,,,,,,,,,,,,,,,,,,,,,,,,,,,,,,,,,,,,,,,,,
106,orbspa1,,,,,,,,,,,,,,,,,,,,,,,,,,,,,,,,,,,,,,,,,,,,,,,,,,,,,,,,,,,,,,,,,,,,,,,,,,,,,,,,,,,,,
107,orbspa1,,,,,,,,,,,,,,,,,,,,,,,,,,,,,,,,,,,,,,,,,,,,,,,,,,,,,,,,,,,,,,,,,,,,,,,,,,,,,,,,,,,,,
108,orbspa1,,,,,,,,,,,,,,,,,,,,,,,,,,,,,,,,,,,,,,,,,,,,,,,,,,,,,,,,,,,,,,,,,,,,,,,,,,,,,,,,,,,,,
109,orbspa1,,,,,,,,,,,,,,,,,,,,,,,,,,,,,,,,,,,,,,,,,,,,,,,,,,,,,,,,,,,,,,,,,,,,,,,,,,,,,,,,,,,,,
110,orbspa1,0.526291676869457,125.0,24.022151684746934,2.111003651764893,12.40600238175845,0.4442535965728003,62.5,0.5424520493354503,1.7993818652413385,0.6775585793074247,,,,,,,0.5599523058203579,265.625,19.721567098103396,2.27248094519447,9.948111484012225,0.39212781662122753,125.0,1.6422942415250996,1.645082679127773,1.1765020243425968,0.5352224111668721,78.125,0.9961951612451354,2.151566736491325,0.9816087152906988,,,,,0.5034106264188958,0.5275834221240949,468.75,21.52615235709848,2.116775843253073,10.809913936440113,0.5015855182551399,31.25,11.833045486519177,2.0063622479410683,6.4561844176171155,,,,,,265.625,1.5961128555051378,2.013736203794698,2.473085648883889,0.4108716442503312,468.75,1.1520395001413348,1.6974229643512828,1.2152361136188272,0.4132135552624745,125.0,5.832243340637157,1.7041975133684426,6.276781095864651,,,,,,,,,,,,,,,,,,,,
111,orbspa1,,,,,,,,,,,,,,,,,,,,,,,,,,,,,,,,,,,,,,,,,,,,,,,,,,,,,,,,,,,,,,,,,,,,,,,,,,,,,,,,,,,,,
112,orbspa1,0.5902109695207767,109.375,22.753771792308967,2.440280060280191,11.520468532574704,,,,,,,,,,,,,,,,,,,,,,,,,,,,,,,,,,,,,,,,,,,,,,,,,,,,,,,,0.5634384917010701,109.375,6.138630138294092,6.871883899452236,4.131601697729139,,,,,,,,,,,,,,,,,,,,
113,orbspa1,,,,,,,,,,,,,,,,,,,,,,,,,,,,,,,,,,,,,,,,,,,,,,,,,,,,,,,,,,,,,,,,,,,,,,,,,,,,,,,,,,,,,
114,orbspa1,0.5736038177366786,1875.0,24.049859100179965,2.3452367577307456,12.030798772167863,0.5482514257750828,1250.0,0.3981952232502727,2.213620710847266,0.20577092797036634,,,,,,,,,,,,,,,,,,,,,,,,,,0.5340504541848021,,,,,,,,,,,,,,,,1875.0,3.3338535865858825,6.438465338025765,1.8112245847030106,,,,,,,,,,,,,,,,,,,,,,,,,,,,,,
115,orbspa1,0.5774947835506701,46.875,23.73785255804181,2.366834682903679,11.983367584313115,,,,,,,,,,,0.628619079221639,,,,,,,,,,,,,,,,46.875,3.2011762911843458,2.6926531333492947,3.12763659003729,,,,,,,,,,,,,,,,,,,,,,,,,,,,,,,,,,,,,,,,,,,,,,,,,,
116,orbspa1,,,,,,,,,,,,,,,,,,,,,,,,,,,,,,,,,,,,,,,,,,,,,,,,,,,,,,,,,,,,,,,,,,,,,,,,,,,,,,,,,,,,,
117,orbspa1,,,,,,,,,,,,,,,,,,,,,,,,,,,,,,,,,,,,,,,,,,,,,,,,,,,,,,,,,,,,,,,,,,,,,,,,,,,,,,,,,,,,,
118,orbspa1,0.6202277870139166,796.875,22.872031577538735,2.6331573659304155,11.440061580921043,0.6390831381178276,109.375,1.7332989366160876,2.7707211981868207,0.9997282887230262,0.5845784634947507,359.375,1.1335351734441241,2.407193445993535,0.7820973945197407,,0.6215328831626719,109.375,16.682470981363945,2.6422374772121024,8.400705945187882,0.582487333539789,296.875,6.445297533266112,2.395136915194165,4.390411614214568,0.3869115020991315,171.875,5.766742267496478,1.6310858928586391,7.499335093521971,,,,,,,,,,,,,,,,,,,,,,,,,0.6407262092720172,109.375,1.5763106316900066,5.5667851416254885,2.4919727267951757,0.8684401171352105,796.875,3.8361405608072094,144.42092518071962,1.9778643132625968,,,,,,,,,,,,,,,,,,,,
119,orbspa1,0.6207064032694369,609.375,22.533723943224697,2.636480047698683,11.290052519380053,,,,,,0.5569809854122584,734.375,1.8631566909476658,2.257239457160921,1.0077598695014494,,,,,,,,,,,,,,,,,,,,,0.7758199122477774,,,,,,,,,,,,,,,,609.375,2.4707990276905756,138.2816837607052,1.584024900582285,,,,,,,,,,,,,,,,,,,,,,,,,,,,,,
120,orbspa1,,,,,,,,,,,,,,,,,,,,,,,,,,,,,,,,,,,,,,,,,,,,,,,,,,,,,,,,,,,,,,,,,,,,,,,,,,,,,,,,,,,,,
121,orbspa1,,,,,,,,,,,,,,,,,,,,,,,,,,,,,,,,,,,,,,,,,,,,,,,,,,,,,,,,,,,,,,,,,,,,,,,,,,,,,,,,,,,,,
122,orbspa1,,,,,,,,,,,,,,,,,,,,,,,,,,,,,,,,,,,,,,,,,,,,,,,,,,,,,,,,,,,,,,,,,,,,,,,,,,,,,,,,,,,,,
123,orbspa1,,,,,,,,,,,,,,,,,,,,,,,,,,,,,,,,,,,,,,,,,,,,,,,,,,,,,,,,,,,,,,,,,,,,,,,,,,,,,,,,,,,,,
124,orbspa1,0.611563868249608,187.5,22.11896411975954,2.5744258019812563,11.064138221409447,0.5883506826207539,312.5,2.7483040155580563,2.4292521760183448,1.6537312018441397,0.19905676614102896,125.0,2.2466951358811613,1.2485279327249783,3.826466329497131,,,,,,,,,,,,,,,,,,,,,,,,,,,,,,,,,,,,,,,,,,,,,,0.737923612803832,187.5,8.16220219037375,19.078407076244638,4.404649614385288,,,,,,,,,,,,,,,,,,,,
125,orbspa1,0.5844048802296473,500.0,23.147697847020748,2.4061880239416062,11.574577120027081,,,,,,,,,,,0.6715577572180849,,,,,,,,,,,,,,,,500.0,2.397994651983415,3.0446753484873668,1.334560534344987,,,,,,,,,,,,,,,,,,,,,,,,,,,,,,,,,,,,,,,,,,,,,,,,,,
126,orbspa1,0.6176779935275093,609.375,22.049268712295774,2.6155962332028437,11.038844777962543,,,,,,,,,,,,,,,,,,,,,,,,,,,,,,,,,,,,,,,,,,,,,,,,,,,0.7518086844922391,609.375,1.7530645181856748,124.90364514398425,1.3411170423239938,,,,,,,,,,,,,,,,,,,,,,,,,
127,orbspa1,0.5357741759731842,296.875,15.005969653732588,2.154124023790274,7.760726551746377,0.5836179192390463,46.875,13.218137931323323,2.401640335175959,7.179245357299035,0.5784269083115714,171.875,11.430378628159337,2.3720679040375483,6.067577559045991,,0.5980853004555882,46.875,15.261972710966647,2.4880901373688107,8.092899941645001,0.5836613250035989,171.875,12.368324373091149,2.401890720357997,7.878675785437169,0.5807133063300645,296.875,7.524633323474857,2.385002946902972,4.016477184651021,,,,,0.7935079467498454,0.5673166441255284,62.5,19.921128197392417,2.311158925859205,10.039387784471435,0.5506735383690547,187.5,10.632228497803972,2.2255533234571683,6.242913292542978,0.4311676891639241,125.0,4.455679417308929,1.7579873381844102,4.0477173589728235,171.875,3.249685054911243,4.842801377874579,5.771317516059035,0.13437178562915075,62.5,2.878978916127714,1.1552303672620168,10.047922698925227,0.4675090743724388,296.875,3.934003677299597,1.8779662748646118,4.293834839547336,,,,,,,,,,,,,,,,,,,,
128,orbspa1,0.5370178807488106,296.875,23.877831203602465,2.1599106281196434,12.10029010849849,0.5479340651163647,171.875,3.5090710714644215,2.212066698317816,2.050020376670701,0.598393150351899,921.875,2.180686997859105,2.489997371499584,1.1030092532673066,0.4592374395578245,0.6311457729495085,906.25,11.62338804114921,2.7110981159045053,5.854059065034048,0.6094744306969972,281.25,8.754664443148814,2.5606517949254055,4.70738038143837,0.5322945719175203,156.25,5.141567889386758,2.138097913680083,4.233830577299671,296.875,2.242357915660161,1.8492404488622718,2.4584798253780744,,0.606130633170076,484.375,20.185785004122465,2.538912858465096,10.22861657062824,0.5967159426944683,296.875,4.895248186860953,2.4796417856964545,2.6896406923747116,,,,,,,,,,0.6262804285839302,906.25,0.450655137816775,5.351606265686733,0.7985114715937898,,,,,,0.5840836330188,484.375,0.33270622135490846,2.404329522442673,0.8699620450710253,,,,,,,,,,,,,,,
129,orbspa1,0.6051582172864021,78.125,23.21525577858641,2.5326600268274015,11.823690320342397,0.5663678575224551,265.625,0.32731658630796445,2.3061021129257817,0.20945635882200675,0.40092491582844136,328.125,0.19459812920075814,1.6692398439218472,0.18560299186865037,,0.60524065232901,296.875,11.80403191180814,2.5331889058481387,6.811326989383665,0.5150007749100047,46.875,9.172706533446343,2.061858964443587,7.359832505156514,0.538859453362736,171.875,8.0091703227071,2.168536267938734,7.232629792991149,,,,,0.7220425528056549,0.5057760991611131,78.125,18.614258091331752,2.023374422610112,11.63201815915214,0.6021277175290534,2890.625,6.581128855316562,2.513369350057758,3.2951869981623334,0.40668780135431526,140.625,3.9162433787381543,1.6854532947116798,2.8651095478165662,296.875,0.3225897050340738,3.5976729894947184,1.0626545386903588,0.2202583753817562,2890.625,0.17348248545283612,15.389713234656568,0.2077956591349233,0.3990801009843532,78.125,1.3336494547339495,1.66411530328431,10.05959525946269,,,,,,,,,,,,,,,,,,,,
130,orbspa1,,,,,,,,,,,,,,,,,,,,,,,,,,,,,,,,,,,,,,,,,,,,,,,,,,,,,,,,,,,,,,,,,,,,,,,,,,,,,,,,,,,,,
131,orbspa1,,,,,,,,,,,,,,,,,,,,,,,,,,,,,,,,,,,,,,,,,,,,,,,,,,,,,,,,,,,,,,,,,,,,,,,,,,,,,,,,,,,,,
132,orbspa1,0.18489443145957274,4015.625,23.66730105107057,2.4536699014108194,11.834134317239931,,,,,,,,,,,,,,,,,,,,,,,,,,,,,,,0.5724626687873521,,,,,,,,,,,,,,,,4015.625,2.3976640102682225,9.355908146440868,2.3979166445920828,,,,,,,,,,,,,,,,,,,,,,,,,,,,,,
133,orbspa1,0.5868373634455649,343.75,23.530484387672114,2.4203543871718125,11.766748610504868,,,,,,,,,,,0.4037989635143171,,,,,,,,,,,,,,,,343.75,3.3854142367610773,6.709146336910226,2.1720051037267067,,,,,,,,,,,,,,,,,,,,,,,,,,,,,,,,,,,,,,,,,,,,,,,,,,
134,orbspa1,0.6227273009540143,93.75,17.79777059044093,2.6506026079509937,8.907115297125918,,,,,,,,,,,,,,,,,,,,,,,,,,,,,,,,,,,,,,,,,,,,,,,,,,,0.9795595951659284,93.75,1.5043624035554555,48.922710098829455,0.9625564374664916,,,,,,,,,,,,,,,,,,,,,,,,,
135,orbspa1,0.6098041766687621,46.875,19.68610042425746,2.5628157458546097,10.877372321305206,0.5138831396872958,109.375,5.298032718243413,2.057118527748102,5.340124444361628,0.5795030515850925,171.875,3.8017247307327438,2.378138542430735,2.6173111830762537,0.7324080994883848,0.5858677947368527,906.25,23.97698105266971,2.4146878395139098,12.0031743289116,0.5917736840886794,93.75,2.2849763568897026,2.4496215971956863,1.2663467510191204,,,,,,46.875,3.409479587290625,7.47406777326277,3.092677331462004,,,,,,,,,,,,,,,,,,,,,0.5483205050392382,906.25,1.9391964328464493,6.641877777207078,1.902813448845,,,,,,,,,,,,,,,,,,,,,,,,,
136,orbspa1,,,,,,,,,,,,,,,,,,,,,,,,,,,,,,,,,,,,,,,,,,,,,,,,,,,,,,,,,,,,,,,,,,,,,,,,,,,,,,,,,,,,,
137,orbspa1,,,,,,,,,,,,,,,,,,,,,,,,,,,,,,,,,,,,,,,,,,,,,,,,,,,,,,,,,,,,,,,,,,,,,,,,,,,,,,,,,,,,,
138,orbspa1,0.5499402632765897,31.25,24.0558234680225,2.2219272652122672,12.100770629413878,0.507853520039725,656.25,0.9149239398753957,2.0319153762528543,0.4637192341769649,0.5193208737722925,968.75,0.8727634885350263,2.0803899013627642,0.4578169952502273,0.43092469983348247,0.6195612165596142,687.5,22.82709288855043,2.628543785564645,11.457818161403276,0.5502513705169104,937.5,2.008465784913044,2.2234642519074086,1.0857364756076868,0.5288629113750536,62.5,1.399031571867715,2.122524471419953,0.800981298958055,687.5,2.9028371505645927,59.74604764967173,2.8287574232095936,0.5686049566315605,0.6120347286148338,375.0,22.80497350419347,2.5775502957511236,11.489338007332062,0.5963671217945961,812.5,1.6671444486104303,2.4774988708702566,1.0046305267911335,0.5089048953535626,1062.5,1.623289575558438,2.0362654616969706,0.8813680008840137,375.0,0.5892216830071475,4.6361218811961855,3.2510319976753568,,,,,,0.5855287861288923,31.25,9.071466755970608,2.412712792910583,6.266179023829613,0.5273121421776049,812.5,0.3122839157529209,2.115561005960373,3.8396296500132214,0.6158708412212682,812.5,22.865826112382138,2.6032910471553805,11.5252067836655,0.5748953065525573,1062.5,1.3490170343678534,2.3523617015149085,0.7516612062109087,0.5742738094882358,375.0,1.3141779448300275,2.3489276024993977,0.7944810019232795
