,peak0_accuracy,peak0_freqency,peak0_prominence,peak0_width,peak0_width_height,peak1_accuracy,peak1_freqency,peak1_prominence,peak1_width,peak1_width_height,peak4_accuracy,peak4_freqency,peak4_prominence,peak4_width,peak4_width_height,primary_label,peak3_accuracy,peak3_freqency,peak3_prominence,peak3_width,peak3_width_height,peak2_accuracy,peak2_freqency,peak2_prominence,peak2_width,peak2_width_height
0,0.4295940118299432,62.5,7.587870921130254,5.259411826345697,6.238173435143472,0.08106958339642001,4031.25,3.7278087085408633,25.029098595962612,2.002836770680939,0.6282183163613806,3328.125,0.8280214461087809,2.6897505821508503,1.332743481311652,ovenbi1,,,,,,,,,,
1,0.4456844707826795,93.75,6.040766082229145,1.8040266730610532,5.672833645671363,0.9862568470792796,3968.75,3.627785965036448,72.7635067272156,1.9112109629211569,0.7644712008839245,3734.375,1.129487340538554,8.49153057930016,2.631218005840022,ovenbi1,,,,,,,,,,
2,,,,,,0.6834640179016427,1468.75,3.151253748125096,6.318397001003633,1.7913358792603418,1.0,3921.875,2.210439429535775,4.6296825466733935,2.933539306604067,ovenbi1,0.4728806851564112,718.75,2.54806329528814,3.7942073903959614,1.8718500277575931,,,,,
3,0.6207726468862531,78.125,13.400673022283769,5.273881178608213,8.079654960105,0.8399962881661283,1078.125,0.8538218828737941,6.249855009853008,0.9395841466785188,0.21006703402671645,3234.375,0.196558306098132,17.723022842514837,0.25925170836599165,ovenbi1,0.5279056653515142,515.625,0.1989980628168273,2.1182207169348573,1.257316364028445,0.32741538503264644,687.5,0.20495729338997992,1.4868017759349712,0.8428020458701219
4,1.0,93.75,6.9544061262657975,17.16745644953879,4.315124078102458,,,,,,,,,,,ovenbi1,,,,,,,4093.75,1.1561922511142866,6.753269295950132,2.3811609261010536
5,,,,,,,,,,,,,,,,ovenbi1,,,,,,,,,,
6,0.1863965613734363,3390.625,6.302172493545536,18.43650025044309,3.5529226189597733,,,,,,,,,,,ovenbi1,,,,,,0.6964248743086413,3234.375,3.034647777926419,3.2940775293186846,3.98658900691685
7,,,,,,1.0,3500.0,2.810998008637624,4.618909697121693,3.3171175528687455,,,,,,ovenbi1,,,,,,1.0,3734.375,1.7708326685200793,4.244799565614528,3.2962444635350447
8,0.6266070796099773,4484.375,4.1202652128855375,104.44761501975736,2.0632044515000243,,,,,,0.4549424666968554,4015.625,0.9389638651992818,5.504006121738144,2.9805419349602875,ovenbi1,,,,,,,,,,
9,,,,,,,,,,,,,,,,ovenbi1,0.7404833871110406,2468.75,1.2775326413660086,3.8533178622667776,0.9281903561390524,,,,,
10,0.7204379494054682,3921.875,6.3427138835527215,7.154046823403577,3.1926727822908503,0.6034803550492951,3359.375,2.589518967431597,5.043886287774313,3.147971332079993,,,,,,ovenbi1,,,,,,,,,,
11,,,,,,,,,,,,,,,,ovenbi1,,,,,,,,,,
12,,,,,,,,,,,,,,,,ovenbi1,,,,,,,,,,
13,0.7043794761441571,3421.875,3.963884376042449,115.01231225941488,2.070421953450401,,,,,,,,,,,ovenbi1,0.5158723648075185,3781.25,0.9298424320267556,6.196712977988228,3.125757803271447,,,,,
14,0.09542944789317752,3937.5,5.869590945195101,37.586896810659034,3.4619427351163177,0.695986625300508,3046.875,2.6766204039794093,3.2893289678076485,4.1409660199899045,,,,,,ovenbi1,1.0,2812.5,1.6020041956567357,4.107298825900415,3.7033211804900494,0.7122517449794938,312.5,1.9962131830474368,3.4752599974193963,2.587056896512313
15,0.9325399443017304,4000.0,3.636224464159997,44.470760792404,1.9352931751979905,0.5233439484399437,31.25,3.4124768022449503,2.097948818077693,6.962998156086277,0.8750518688667476,3546.875,1.0390994241345286,8.003320985517888,2.7841484454856342,ovenbi1,0.4210285941323324,312.5,1.1194164160612752,5.1816030456704345,2.046470416033165,0.4585890020049331,93.75,1.6216832646607695,1.847025649096828,6.586666765203832
16,0.6231607259451599,46.875,6.443497724495647,2.653651221752628,5.947755862594257,,,,,,0.5003316438723382,3843.75,1.8723694628385457,2.0013274559746317,2.6296656818938,ovenbi1,,,,,,,,,,
17,0.910498508029446,4125.0,3.6579451801394014,122.90297913267203,1.8853122497765784,,,,,,,,,,,ovenbi1,0.5307514712926504,2562.5,1.5638717025119782,6.393200652677963,1.7387181015488902,,,,,
18,0.8306290835742346,4015.625,3.1635544164617313,23.61680555559363,1.6327652966655062,,,,,,0.4700726184097446,3781.25,1.251370936200218,7.54820403504425,2.0562920299791005,ovenbi1,,,,,,,,,,
19,0.9153364155603968,3812.5,0.7679569674500013,106.30308248312308,0.5005086133550188,0.3111290233176129,93.75,0.273919891684554,1.4516506484509115,5.449780148036221,0.6104851397510428,3328.125,0.1250634460609833,2.5672961472146483,0.7779036562495358,ovenbi1,0.6141633692254336,296.875,0.14990320959035164,2.5917705065807297,1.244439059971194,,,,,
20,0.8041570851597336,4187.5,4.662093888170623,76.59199727615533,2.407460101812466,,,,,,,,,,,ovenbi1,0.9335224601327919,3687.5,0.5801750631456309,15.042674593517575,2.571790716764757,,,,,
21,,,,,,,,,,,,,,,,ovenbi1,,,,,,,,,,
22,,,,,,,,,,,0.09732264116326604,2265.625,0.9494609373260988,35.45009707703082,1.9655578103692952,ovenbi1,,,,,,,,,,
23,,,,,,,,,,,,,,,,ovenbi1,,,,,,,,,,
24,,,,,,,,,,,,,,,,ovenbi1,,,,,,,,,,
25,,,,,,,,,,,,,,,,ovenbi1,,,,,,,,,,
26,0.03961211935921916,4859.375,5.053936675603016,77.05220098219735,2.6368633983664433,,,,,,,,,,,ovenbi1,,,,,,0.4329794450476681,3156.25,1.007796393129756,7.054417983729478,2.0235448830279363
27,0.7980880531383081,3078.125,5.938451116480858,4.9526539441719715,3.0997441414761866,,,,,,,,,,,ovenbi1,,,,,,0.6802067312318539,3453.125,2.490130445903458,3.1270201647834317,1.947143306832768
28,,,,,,,,,,,,,,,,ovenbi1,,,,,,,,,,
29,,,,,,,,,,,,,,,,ovenbi1,,,,,,,,,,
30,0.9470363077424612,4015.625,4.888318170205618,75.52343557450232,2.4751106352402106,,,,,,,,,,,ovenbi1,,,,,,0.6695725142597184,3453.125,0.9713191197663712,6.052765239911111,2.221993380019099
31,0.9277413014589232,3421.875,3.93027545353585,13.839164283197448,2.0037445318936467,,4171.875,2.0094945371686057,11.465751125662795,2.623406328592037,0.4484865543093232,3750.0,1.00859693535809,5.439577264055657,2.4557748985440586,ovenbi1,,,,,,,,,,
32,,,,,,,,,,,,,,,,ovenbi1,,,,,,,,,,
33,0.5846250711751977,4062.5,4.5967789819077565,16.852244837705342,2.36432151746035,,,,,,,,,,,ovenbi1,,,,,,,,,,
34,,,,,,,,,,,,,,,,ovenbi1,,,,,,,,,,
35,,,,,,0.7986508995490826,3046.875,2.816097716653518,4.966498473350613,3.0276366748162795,0.5143741440633022,3250.0,1.6490630130463997,6.177595289306537,2.688174068884225,ovenbi1,0.5875566302880358,3140.625,1.8212205844775344,2.424575283385849,3.061391631282418,0.5531559844075462,3609.375,1.900682984872676,2.23791740541526,2.6578952438213728
36,,,,,,,,,,,,,,,,ovenbi1,,,,,,,,,,
37,,,,,,,,,,,,,,,,ovenbi1,,,,,,,,,,
38,0.41349820911172863,296.875,1.7558854292490478,1.7050246316988655,1.9439206042502288,0.3062214319622916,453.125,0.16241277512004448,1.441382086547314,0.9342910293378306,1.0,890.625,0.10046802939052736,8.406281952526292,0.3873505460842504,ovenbi1,0.6193334051837742,1156.25,0.1102711369503262,5.253941447017539,0.37154017855751537,0.6840696304688088,562.5,0.11615120644100395,3.165254424523667,0.6028006383237542
39,0.6338216866903965,218.75,0.6663987536288448,2.7309099519350855,1.214089763634296,0.2658067943696151,4046.875,0.13274488431956993,6.810196500942767,0.10297741528152038,,,,,,ovenbi1,0.6085829234071897,1296.875,0.11594440610087575,2.5548195513204353,0.15803461842209027,0.29906820120340594,265.625,0.11838567335445573,1.4266723263473935,1.1821759995245045
40,,,,,,,,,,,,,,,,ovenbi1,0.35998607393823034,62.5,0.5082927488682965,3.1249320031310917,1.5881085274252262,,,,,
41,0.6947891750366517,3812.5,5.054718925181907,16.382118820983607,2.716338625497272,0.5347408830233233,484.375,2.7838529298273924,51.584158427578146,1.9624888327158043,0.5184285518968548,3078.125,2.189746926126028,6.2296052056588,2.695657217416556,ovenbi1,,4062.5,2.311579710245756,3.5626994628964326,3.5453861584317448,,,,,
42,,,,,,0.003193035589436621,4218.75,2.035617594196125,15.048048955867669,3.1910153798728085,0.795628415967385,3875.0,1.2561917597554269,9.786096288615283,3.054546355700567,ovenbi1,0.3008729524103413,3312.5,1.6200011032803658,17.164262263020333,2.490344503501829,1.0,3671.875,1.6860210190040856,4.092681225111079,2.8476391808271497
43,0.9396427116795724,3890.625,5.524282729637613,16.568007407674685,2.77927583746018,,,,,,,,,,,ovenbi1,,,,,,,,,,
44,,15.625,4.388225803147579,1.724323978373344,16.049935910311557,0.4705415586779763,500.0,0.9583057440766101,1.8887223660143453,0.856477940473606,,,,,,ovenbi1,,,,,,0.17865409507145236,3875.0,0.3784517570653952,17.04519364617508,0.2644118315767441
45,0.06696925005917552,4453.125,4.540054281269678,60.019458097765465,2.5910390628205726,0.7905257778015862,109.375,2.053490006611124,9.547714172226886,1.4321150263381903,,,,,,ovenbi1,,,,,,,,,,
46,0.05263873722721446,4890.625,3.9277601521320915,90.77846369640531,1.990509131542994,0.1551041633227792,4046.875,2.0649993886037654,18.93724564074583,2.711353032545436,,,,,,ovenbi1,,,,,,,,,,
47,0.9693049568376224,4000.0,3.8887702058198506,97.73565015464905,1.9598649424708647,,,,,,,,,,,ovenbi1,,,,,,0.5150464192478688,3562.5,1.052897663206794,6.186159086292747,3.0622198867795785
48,,,,,,,,,,,,,,,,ovenbi1,,,,,,0.07875481829184837,4015.625,1.2815013047883002,40.16303231176249,1.4066945499867418
49,,,,,,0.19043793951858667,3921.875,2.1918447304072326,20.999007772042575,3.121148906477213,0.6479919274033464,3203.125,0.7496948126997109,2.840843940377028,2.5509123804278655,ovenbi1,0.6929398215173179,2890.625,0.9455246562898684,3.256690610099412,2.616670603813359,0.7683916529985447,2718.75,1.2284945380807946,4.317633681802136,2.75373328444493
50,0.76731437655154,3843.75,5.975798716270839,17.1905764555583,3.0272466006519947,0.6911225336303839,3625.0,1.9270004760587416,3.237529793783523,3.5073408314750134,0.6517087864688373,3546.875,1.084695441338496,5.742321144776895,3.4427749063884834,ovenbi1,0.6028903724008092,3328.125,1.157014580423403,2.518196312805884,3.01229740117297,,,,,
51,0.8978666050406766,3859.375,6.439661247807863,19.58223361513185,3.30780716615267,,,,,,0.6103162440099781,2796.875,1.1948421403953864,5.132366872513956,2.1461007755829966,ovenbi1,,,,,,0.5245344135554211,3500.0,1.2586769088054557,6.309604912593785,2.4840991881572734
52,0.0578311586254735,4203.125,4.746152187988182,62.62147229781568,2.3907034742474167,0.7961234172455275,3156.25,2.2947570670359716,9.809856399293238,3.042646767637176,0.3837005688029518,3062.5,0.8001687944212996,1.6225879002641364,3.7869443723462792,ovenbi1,0.4253915726141355,3718.75,0.8199961955683239,1.74031558247313,2.8777316354930047,,,,,
53,0.20211589161978616,3078.125,5.428009542819287,15.039778175756908,2.7395309845007185,,,,,,,,,,,ovenbi1,,,,,,0.5838747854860844,3343.75,2.2758944485640504,2.403122822461313,3.4250493799063038
54,,,,,,,,,,,0.34691002916710023,3359.375,1.0307061568439513,9.187095603915141,1.1594768889339628,ovenbi1,,,,,,,,,,
55,,,,,,,,,,,0.6068371881502512,3093.75,1.1202214255740677,2.5434755522660173,1.6922157723099986,ovenbi1,0.3503892358580434,3546.875,1.8973680460208504,10.775683511411646,1.6477526471859552,0.5572444297311676,3765.625,1.9870439877821469,6.775747616632942,2.824638685690427
56,,,,,,0.4328868439864279,4187.5,3.3494600971599096,26.449747887070746,2.3479428830203752,0.5209345876205969,2203.125,1.1198411839520288,2.0873976166078023,0.7460058049745655,ovenbi1,0.35961485725200537,3125.0,2.1067955691879154,10.930921929203237,2.300445088544608,,,,,
57,0.12204087147633835,4140.625,5.922866615710863,29.61413482165221,2.9679255899809545,,,,,,0.7467813444358459,3968.75,1.5951309062887495,3.949156106891365,4.126704458913241,ovenbi1,0.5441392760023704,3031.25,1.8928412762993496,6.580957389116065,2.8978864427278745,,,,,
58,,,,,,,,,,,0.6407213216747797,3937.5,0.2498968133600549,2.7833547057718704,0.8778245314709409,ovenbi1,,,,,,,,,,
59,0.8646293282821605,4109.375,4.381552696135364,73.8712445842298,2.200941520079176,,,,,,1.0,3609.375,1.1888443122150032,4.14829054251004,3.506487834520608,ovenbi1,,,,,,0.7533038126651705,3406.25,1.9021937638735344,8.107137858946688,3.1565094036904
60,0.8669232664833493,3875.0,5.717134156903772,15.028923141923654,3.0790532145110774,0.3343183955146433,2890.625,3.9469183759916766,9.013318018061568,3.3894754338519597,0.7474261941456537,3093.75,1.7896152179672749,3.959238752480445,3.6204606686950935,ovenbi1,0.38821407505175104,343.75,1.8354832745616387,9.807352139569963,1.2788277599103128,,,,,
61,0.7737640062306894,156.25,9.737920817895333,4.420163137346241,5.012433197633504,,,,,,,,,,,ovenbi1,,,,,,0.3732457095870739,515.625,2.581234828365324,1.595521586842537,3.3634630552724043
62,0.6152709249789132,203.125,16.714700697279792,2.599231679969055,8.563402147862801,,,,,,0.2767737883566933,640.625,1.13962651405378,1.3826932485312042,2.0654335908120425,ovenbi1,0.2661936280387902,265.625,2.04327764117985,1.3627573133868367,4.139453803705093,0.5792282548232032,62.5,2.22972776044071,2.376585432512412,3.3087270262082957
63,,,,,,0.7954750249018949,3750.0,2.3327819051848597,4.889378421976716,2.6970783337073763,0.4635154791320116,109.375,2.056997329245066,1.8639866782774668,2.307809091234771,ovenbi1,,,,,,,,,,
64,,,,,,0.9534995149170572,3171.875,1.8743495102399952,21.50515200467908,1.6307629060916615,,,,,,ovenbi1,,,,,,,,,,
65,0.6103711596914076,31.25,4.760016162550746,2.566545123322965,5.401121154966797,0.3884168627247866,687.5,3.9799465649443264,8.175503370280126,3.341239460897743,,,,,,ovenbi1,,,,,,,,,,
66,,,,,,0.7227915915432355,156.25,3.6810776571228088,7.214788364949381,2.149166733369292,,,,,,ovenbi1,0.6467951729943953,3921.875,2.1950666537282078,2.8312183853142296,2.633918248963572,,,,,
67,0.28897376254431595,3781.25,7.738454730418678,11.251342888030361,3.9808602564818485,,,,,,,,,,,ovenbi1,0.4045019400674166,3656.25,1.5777659645041044,1.6792665959536637,3.9795186072616295,,,,,
68,0.06058638889292733,4640.625,4.806504291600035,74.51456863341268,2.6156573280145805,0.7623484999261839,2531.25,3.7573516185807767,4.207842154118083,2.547139942926433,0.6772742764935259,218.75,1.600370003191942,24.788851390829755,1.5253749374004917,ovenbi1,,,,,,,,,,
69,,,,,,,,,,,,,,,,ovenbi1,0.6153021848588434,3859.375,1.0683863971500152,5.198885778090896,2.126929475316397,0.3879061165078285,3343.75,1.8153953126073423,8.168681528842539,1.6612737669072026
70,,,,,,0.4986558481311813,3328.125,2.217335904849195,7.978551230905026,1.7981735703489623,,,,,,ovenbi1,,,,,,,,,,
71,0.1306091105586996,3921.875,5.079328814303683,18.403689519086328,2.5902371246697284,,,,,,,,,,,ovenbi1,,,,,,,,,,
72,0.030558337462318064,4687.5,4.702319704410618,106.24672322249863,2.3826206485753922,,,,,,,4093.75,1.0414058763422012,5.55019696055109,3.670919508117368,ovenbi1,,,,,,0.6101969341364311,3828.125,1.7516487394964813,5.1307959714714,3.599628132580356
73,,,,,,,,,,,,,,,,ovenbi1,,,,,,,,,,
74,0.6603017378621321,4515.625,4.081507342746083,105.97640321571402,2.1514074007397843,0.51347834196768,3359.375,1.5157906604334055,12.33244173397398,2.040926294238236,,,,,,ovenbi1,,,,,,0.7595847039438376,140.625,1.3640111790794434,12.478407360982482,1.0125726061202314
75,0.8754940844085748,3156.25,4.533087490255023,8.03174688728501,2.9784724753459075,0.7333538861390271,2890.625,2.7703985943361764,3.750289046107724,2.258119604918972,0.5883425120193548,2625.0,2.3323127486900104,2.4292039600820203,1.8929912241541749,ovenbi1,0.6705580703059975,2421.875,2.5065710964156653,3.0354363238730286,1.9884772348550344,0.7526317757707541,2234.375,2.707024787657205,4.0425564080262015,2.1038738906268306
76,0.12571209784555734,4031.25,4.317052155761977,30.882275659386238,2.367435875629671,,,,,,,,,,,ovenbi1,0.5970613098254569,187.5,1.9423237359195265,2.4817671382383875,1.3949803317222351,,,,,
77,,,,,,,,,,,,,,,,ovenbi1,0.4742444114808221,3578.125,1.6052538141241006,7.608097921062977,2.5805320854656992,0.6453379485938964,3859.375,1.948609399282679,2.8195855633140643,2.5894975346649995
78,0.06484584238533743,4562.5,4.832188575624388,40.63501155459568,2.4232816085577342,0.7887620320818981,3718.75,2.6722912337156908,4.733997443052972,2.697819019503046,0.8098081271421776,3390.625,1.4729888941392144,15.773544657413652,2.3669368492289227,ovenbi1,,,,,,,,,,
79,,,,,,,,,,,,,,,,ovenbi1,,,,,,,,,,
80,,,,,,,,,,,,,,,,ovenbi1,,,,,,,,,,
81,0.6629583364618878,93.75,11.454327357616249,5.933984478372487,6.205978754325724,,,,,,,,,,,ovenbi1,,,,,,,,,,
82,0.7654236606891621,78.125,16.89610754347654,4.263004542307638,8.666722239601548,,,,,,,4062.5,0.16137137642148822,3.1797673784501512,0.2079323735578591,ovenbi1,0.7080943835205584,3703.125,0.22005105430416064,3.4257648484486367,0.2114749085836867,,,,,
83,0.6096664409532779,78.125,11.326257323106802,5.123822827031392,8.34781323083197,,,,,,0.15527998602101525,4125.0,0.5859081080153097,11.83824206188251,0.6360185705119176,ovenbi1,,,,,,,,,,
84,,4656.25,0.4080492809423061,42.38540920481438,0.2902795320503869,0.521278343505659,3453.125,0.21259316954320195,2.0888965151962395,0.2328705101343553,,,,,,ovenbi1,,,,,,0.5665818440506478,875.0,0.15021893156041438,2.3072406780228576,0.228773264681164
85,,15.625,5.00321516397597,1.848235682218728,12.538546697433151,0.04488635108575678,4812.5,1.8720364121058133,56.53777439091807,1.0668359560618823,,,,,,ovenbi1,0.5471826950479044,234.375,0.6298106982930425,2.2083961656584474,1.4061461054035802,,,,,
86,0.5512306340110035,31.25,7.15489130879403,2.2283160923789955,11.652059744768753,0.6054976243169168,296.875,3.5752423028323035,2.5348389810542815,3.677616896315153,,,,,,ovenbi1,0.2682882397099594,234.375,1.8209075335110092,1.3666583677753297,2.8312599633393054,0.2147405322562904,156.25,3.0464470854223933,1.2734644293730142,4.394475807247678
87,0.06403930321165141,4390.625,4.90661172678127,34.18946982475296,2.4756470263486983,0.2883219910876316,3796.875,1.6386855621008327,11.241038643622147,3.2101989353794647,,,,,,ovenbi1,0.44884351861802096,2968.75,1.1515849196458503,1.8143667611284968,1.872574732360949,,,,,
88,0.5809683086214761,31.25,10.177350708759716,2.3864543436087517,14.034401510820114,0.5390230502647395,234.375,1.8899009684985328,2.1693058635020708,1.5603552668350136,,,,,,ovenbi1,0.6555281267355342,703.125,0.2800175273424407,2.902994635014096,0.20158359978528828,0.6558099876352634,468.75,0.9243131077615151,2.905371928515766,0.5922077018221621
89,0.10953375589500937,1750.0,4.380745168995613,30.32119429427418,2.231807714293057,,,,,,0.6554861342930309,2906.25,1.2914783515788382,5.805281583938125,2.2588488830555717,ovenbi1,0.7664808715318346,3421.875,1.6888191614916883,4.282304437155887,2.5608600190093727,0.3388156154434008,3859.375,2.434132897136619,9.074624477139906,2.541785966536737
90,,,,,,,,,,,,,,,,ovenbi1,,,,,,,,,,
91,0.6196836241456091,93.75,4.171960986197722,5.258779602921242,2.3128708488530942,,,,,,,,,,,ovenbi1,,,,,,0.7737322261024291,3625.0,1.9704265894483737,4.41954230942622,2.6387924018655107
92,0.7583294739157763,4093.75,5.201588525687412,57.93010933869906,2.723207776992225,0.5874203987015061,3890.625,2.5161972510419885,9.695098806172126,3.999376302766831,,,,,,ovenbi1,0.4838692932106338,3140.625,1.4669617692643255,7.7499748559474995,2.4050499145777846,0.4972560010905085,531.25,2.312020348433188,53.70526561941278,2.1531444378928883
93,0.13208320294639508,3953.125,5.726928247524251,26.500236057281256,2.8652046298396088,,,,,,,,,,,ovenbi1,,,,,,,,,,
94,0.037807820410736485,4734.375,4.492275577253066,92.49711428541431,2.270995428158231,,4218.75,1.0176562825105946,14.493713182486148,3.442116447855419,1.0,3609.375,0.632420162742958,3.5800833616733883,2.741882451816408,ovenbi1,,,,,,,,,,
95,0.5625033178038266,187.5,5.835205583709494,9.142926478711905,3.0635969319530134,0.07229945164084994,4375.0,4.649214562908883,35.5718233198935,3.4262238593484104,0.5774861501676173,3703.125,0.8172875663554855,2.3667863204879893,2.9890306213156097,ovenbi1,,,,,,,,,,
96,,,,,,,,,,,,,,,,ovenbi1,,,,,,,,,,
97,0.6227357511184035,46.875,13.466847231012624,2.6506619775515694,7.451628577829517,0.059892725376600724,4265.625,4.191824911759442,38.29350221167192,2.296626168813335,1.0,3984.375,0.9721952604174242,2.8539437623007298,3.4151388255842487,ovenbi1,0.6316012150043677,3625.0,1.067522171362682,5.42889955520269,2.056526692782141,,,,,
98,,,,,,0.7741865457875228,3718.75,2.327003849078324,4.4284340961325475,3.3442531827308337,,,,,,ovenbi1,,,,,,,,,,
99,0.10314686969568354,4171.875,3.948008115176958,13.380117205955687,2.8821215670607394,0.55597228876865,1625.0,2.5479177092396714,6.756335075755942,2.6527273596155463,0.38058442134325576,3328.125,1.5964624368886646,17.758675078619174,1.9976471227140935,ovenbi1,,,,,,1.0,3671.875,1.7514021524217531,7.780580205819233,2.429280407792488
100,,,,,,,,,,,0.3672214489505117,3265.625,0.6903689660375488,9.481990168675537,1.344095607403742,ovenbi1,,,,,,,,,,
101,0.0861533877592533,4203.125,6.987892044343607,38.29964408816946,3.495266456455421,,,,,,,,,,,ovenbi1,,,,,,0.5767738678883823,3703.125,1.4131468232453863,2.3628030599402337,3.3951677082622744
102,0.2293176134527201,3406.25,5.410825037762974,32.43878468794654,2.7069500216071805,,,,,,0.16898136930399246,4046.875,1.4014297068219754,6.0167122797383294,2.969797312810792,ovenbi1,,,,,,0.11760226368762085,546.875,2.269052864545864,28.331894984768763,1.6956702243922472
103,0.06835871825965467,4328.125,6.668332328133558,24.68761362424283,3.334979219596111,0.1826422042802716,656.25,1.9291148864548275,26.91599702750469,1.580774549100071,,,,,,ovenbi1,,,,,,,,,,
104,0.954484512331472,3890.625,4.601215013713087,87.88217384663633,2.3131181431232632,,,,,,0.5319663883136987,4000.0,1.1883298636881574,6.409796059712789,3.087048757425043,ovenbi1,,,,,,0.6242587399047901,3468.75,1.74259074440694,5.3228117654505525,3.4395913044721533
105,0.09998077834525444,3968.75,5.4347835918073235,21.1106602424193,2.8038080472193245,0.6923117814213173,968.75,2.1378142113043235,9.750129575510002,1.3136460572337767,0.7222660422727551,3843.75,1.7433731765081326,3.6005679974577447,3.522891419133176,ovenbi1,0.6648026880987319,3484.375,1.8200898831894472,5.9666349609304055,3.1973775225469185,0.5626367125941902,31.25,2.0331638060691968,2.2864287625315587,2.7333261411023013
106,0.4911066746293894,453.125,4.653234576164414,43.23106416060401,2.4321739053710725,,,,,,,,,,,ovenbi1,,,,,,,,,,
107,,,,,,0.6441868069501003,3468.75,1.912138962790728,11.241854091225433,3.0378699163525646,,,,,,ovenbi1,0.7982146688574158,1984.375,1.156837349028309,4.955761622203283,1.247900223175563,1.0,3671.875,1.2357656611564105,4.709970312436639,3.3059226464450178
108,0.024558025730275882,5765.625,3.824931688566919,145.57503546667647,1.988282421838002,0.41529835830430173,375.0,2.407523114911833,29.07465754790453,1.6154207410533,,,,,,ovenbi1,,,,,,,,,,
109,0.4820312837934629,93.75,7.828896808525061,9.653092635822967,6.180944310332537,0.025154354827512267,5078.125,1.975242107205319,130.2770347581835,1.3115079055402503,,,,,,ovenbi1,0.7960036060219724,2718.75,0.6575065483291421,4.9020474357390365,0.6952412314969301,,,,,
110,0.4766339200901232,78.125,4.800310934798014,7.6428338662849455,3.983528271854345,,,,,,0.3604700845572095,140.625,1.1553167527740236,1.563648510965482,4.948930678092752,ovenbi1,,,,,,1.0,2765.625,1.3289632871184875,4.628745455545356,2.2474651920200848
111,,,,,,,,,,,,,,,,ovenbi1,0.5635943893488269,2703.125,2.4789604251866844,2.291446249987189,2.16147982124206,,,,,
112,0.39192672590475786,31.25,5.366331073902675,14.800847831030204,4.6064255652347175,0.15260436432276034,4171.875,2.719021462936224,15.341122201568085,2.1126409515399067,0.6074076725617388,218.75,1.2404191280557804,2.547171531662853,5.335454041760189,ovenbi1,,,,,,0.14327959857959482,125.0,1.4742501610226668,1.1672419593861,5.844635054034871
113,0.3489721254519781,437.5,11.02061683388815,10.752227782657958,5.545121059984009,0.1432480498740183,390.625,2.6652891549499227,1.167198977315376,9.654426367229584,0.6057381894226448,890.625,0.7743250245135903,2.5363856533190585,1.016857391089335,ovenbi1,0.3909417616593252,296.875,0.93328806056412,1.6418791127830588,5.767014250245813,0.6169218621913479,968.75,1.5513468333726481,2.6104334894190733,1.3311587891240702
114,0.6652480088832229,453.125,2.1985068942803307,65.72029617092069,3.2685775580399827,,,,,,,,,,,ovenbi1,,,,,,,,,,
115,0.7543565945457378,3890.625,6.405701500122047,4.070941770859776,3.2823841903207582,1.0,3562.5,2.8508796591410794,4.50070228089217,2.583247209093104,0.5858573182598964,3953.125,2.8037339176869835,2.414626755683088,2.976479445805545,ovenbi1,0.6702958732834925,3765.625,2.841444400745793,3.0330223948329262,3.1523001333007667,,,,,
116,,,,,,0.3626718127872857,250.0,0.8653205452161874,9.414301956799287,0.7924862997411963,,,,,,ovenbi1,,,,,,,,,,
117,0.17491602024064767,484.375,4.635839813383007,18.17996757660349,2.932899527383062,0.1741338564273931,4734.375,3.0150721902090885,64.17504872003565,1.762580461571153,0.28919603053984433,812.5,1.3787150696177657,14.068576470661585,1.4411643143665382,ovenbi1,0.28683707110586754,1625.0,1.603360554633945,12.619837116261593,1.1737153652502628,1.0,250.0,2.1243489959731483,4.219006122832353,3.2307654259509557
118,,,,,,,,,,,,,,,,ovenbi1,,,,,,,,,,
119,0.6309720489534079,31.25,6.552268123967743,2.709821836432502,8.443223216721373,,,,,,0.6367992955705346,640.625,0.7798631788337481,2.753298624711789,1.1091468515922505,ovenbi1,0.9032891095083542,937.5,1.57065430736128,10.34009711746355,1.4917030347345204,,,,,
120,0.6254231746535661,312.5,6.691361086299335,34.70583100803613,3.382970799483528,,,,,,,,,,,ovenbi1,,,,,,,,,,
121,,,,,,0.4576208444470079,3812.5,2.160551185334292,7.374914686612043,3.4675244736686643,0.6787785545920482,3578.125,1.3821418965196015,3.1131171791161023,3.025002629811308,ovenbi1,0.7162392222911755,3703.125,1.482439372787029,3.5240952187766084,3.6320982415898495,,,,,
122,0.0924172422095726,4437.5,4.438282130221411,78.22978057984969,2.2868123110481697,,,,,,,,,,,ovenbi1,1.0,3562.5,1.8017069425749817,4.114205047831405,2.3439848272700097,,,,,
123,,,,,,0.20123355166781265,3078.125,2.505231455134725,15.023164812512874,2.590251444638548,0.7676388859146581,2734.375,1.483235340018695,4.3036460895635,2.77911281944336,ovenbi1,,,,,,,,,,
124,,,,,,,,,,,,,,,,ovenbi1,,,,,,1.0,3500.0,1.6074224344062762,3.312205324105236,2.576026084451286
125,0.5913769559619949,31.25,4.672779334561675,2.4472432834869497,8.721066476566026,0.6232289433228566,3609.375,3.787999566483415,21.23305349023991,2.162160448740888,,,,,,ovenbi1,,,,,,,,,,
126,0.2938767513186047,343.75,5.521601289430881,11.329466937873931,2.950489121539509,0.5048703586095379,3750.0,4.337035731811892,26.255749834512788,2.698889222506609,,,,,,ovenbi1,0.8575259209138169,3203.125,0.9942996564598028,7.018820591183442,2.4507676028112693,0.466703367486131,171.875,1.0741858195322256,1.8751290351978616,2.9681451840133244
127,0.02406443420727156,4765.625,4.832659434900107,51.232890523244976,2.4645517620325195,0.7316715766044225,328.125,4.3923202260878496,3.7267762667310538,2.2377743053378856,0.3509303028577131,3359.375,1.6881283394421698,9.243999568022817,2.4720432866262385,ovenbi1,,,,,,0.7402746808689957,671.875,1.8327449273013112,3.850221469919937,1.0155536701520085
128,0.07833320523393482,4343.75,4.385689038559431,40.1446598815478,2.275576008902152,,,,,,,,,,,ovenbi1,0.7389383136042622,93.75,1.304309691235928,3.8305122969447214,0.816583256192486,0.6439515793110999,3718.75,1.5301072911581002,5.617213513067412,2.7087834638963377
129,0.023185402033459312,5593.75,4.026553505365898,158.67903727346763,2.2189776763056974,0.7450646482081332,46.875,2.5672061619081927,3.92256308499896,1.6294745171330025,0.23569130013468864,1515.625,0.4760080880945948,14.392090528262274,0.6282074180913039,ovenbi1,,,,,,,,,,
130,,,,,,0.03540849272069546,4218.75,2.2383212666542995,15.55062416245869,3.1906177147745387,,,,,,ovenbi1,0.4313316244592146,3750.0,0.6876522607880271,7.033976517853889,2.3065496330205932,,,,,
131,0.1724226333708384,3890.625,6.148753771024755,22.958578576634665,3.1159853451340878,,,,,,,,,,,ovenbi1,,,,,,0.3867597835622768,328.125,2.3977003802515005,6.522729417903751,1.632934517288079
132,,,,,,,,,,,,,,,,ovenbi1,0.5986865378685282,3703.125,2.539213483322196,2.4918177294346435,2.8728378540943464,1.0,3921.875,2.6415881191562183,3.0689469740341906,3.235872716170765
133,0.7863127474108424,4312.5,2.2936748814465866,107.63393567617528,1.248533467935866,0.6142197552303277,3328.125,1.1462442810027968,2.5921493222055574,1.797669293822015,1.0,3984.375,0.6922667868724929,3.0972860975857093,2.005666401694429,ovenbi1,0.530808656840681,3750.0,0.7120927985697603,2.1313266209612043,1.884270168877896,,,,,
134,0.7472745514822889,3968.75,5.221198600186586,15.827452373557376,2.673793983221665,,,,,,0.5523643216864951,2937.5,2.6845051145995527,6.701878660125318,3.148239966333977,ovenbi1,0.3649813236377039,3531.25,2.7405158821756586,15.747568334974005,3.5735284264698435,0.7227356099825273,93.75,2.774022406249618,3.6066658251244665,1.4622050113562566
135,,,,,,,,,,,0.4633221082394074,3578.125,1.953822324903296,7.453260254261353,2.3890640062429696,ovenbi1,,,,,,,,,,
136,0.6615347324039014,140.625,10.48216178435318,2.9545129020249483,6.057796120290057,0.5588163218833101,46.875,5.0708635324796685,2.266629636592102,7.345677324620395,0.6603293478565897,4046.875,1.920624762630248,17.664169577614192,1.4172694875917635,ovenbi1,0.5987096235172551,250.0,2.4941010009436937,2.4919610800659178,4.359173705135076,0.6456387580640426,500.0,4.614914198836637,2.821979047530053,4.740898922137676
137,0.7083899536096503,1937.5,3.991855442621594,185.1788052861372,2.2511749628814908,,,,,,,,,,,ovenbi1,,,,,,,,,,
138,,,,,,,,,,,0.5646776168896919,3671.875,1.0272933769198578,9.18859253553802,2.8828012799975387,ovenbi1,,,,,,0.6732006246742479,3890.625,1.5697311804678002,3.0599813693132205,2.743675963165791
139,0.14495048306024594,4140.625,7.01638788842187,12.864752019706769,3.530217465196192,0.18861523504959146,390.625,4.227863382646931,18.486913543313566,2.484221029530864,0.7492368697145229,3843.75,1.1035915555449978,3.98782707354772,2.506659644942774,ovenbi1,,,,,,1.0,3500.0,1.7480373851917783,4.036304599030615,2.265171327946488
140,,,,,,,,,,,0.5643285726875371,2000.0,2.6017411864077973,6.88592322545955,2.2780449642462863,ovenbi1,0.2850861938538109,328.125,2.6369520007496114,12.58893019357866,2.052572631150228,,,,,
141,0.2324303860577525,2656.25,5.913435746780238,15.633761136488774,2.990812950169989,0.5467117495629015,3265.625,2.5130546168087555,6.618305233164875,3.0782681143405752,0.5164995273780889,2468.75,1.7677808796677694,6.2047509151990985,3.514861831379335,ovenbi1,0.7167759511184789,2796.875,1.94211038914862,3.530773618797894,4.306215486075338,,,,,
142,0.545939574149456,93.75,9.907591214679028,6.607050139594116,5.312290606807542,0.4702610292367752,437.5,2.6258491549806977,1.8877221710897416,4.6820082808617505,0.4455167573788783,875.0,0.6513905286441053,1.803481012830716,2.2187204413494546,ovenbi1,0.8631466581636423,1234.375,0.8064305186021896,7.307092297356903,2.3569399972711094,0.6330894671997034,1062.5,1.0564571344382818,5.450920105061599,2.34692333715067
143,,,,,,,,,,,0.8801535664440938,3968.75,1.2134613376458383,8.344011334584422,2.7435408436327133,ovenbi1,1.0,3312.5,1.3903601609439602,4.423698025096172,2.301733782888665,0.6841774784873921,3718.75,2.1981008519586163,9.4990059151948,2.80603988114106
144,0.11018512207980002,4296.875,6.515270683370838,24.724243824087864,3.2741353059676026,0.5250458607293014,218.75,1.375520206628936,6.3163993151139985,0.8647991302632034,,,,,,ovenbi1,,,,,,,,,,
145,0.057827522838404526,4546.875,5.103441318483199,44.57782520513644,2.6540511499672697,0.5436779328965993,3718.75,1.961252165944726,21.91434673207255,3.207084922609152,,,,,,ovenbi1,,,,,,0.2660880620787457,78.125,1.668062591019999,1.3625612942506675,2.035651814714764
146,0.9186438175849024,3968.75,5.274226176790703,12.291628863529668,2.7458415399309297,,,,,,,,,,,ovenbi1,1.0,3671.875,1.6077106969446582,3.5824359920787288,2.970420742175442,1.0,3437.5,2.621583512177325,3.4130652247911257,3.4615990285951703
147,0.21958927826588304,4578.125,5.007721984232438,51.25506209232714,2.603099336349465,,,,,,,,,,,ovenbi1,,,,,,,,,,
148,0.93049557053028,3781.25,3.696328599410921,158.26329464069906,2.1801469407825715,,,,,,0.5008428643854215,2921.875,1.3519376457577188,2.00337715050145,2.8923372252717217,ovenbi1,0.6501533074838908,3078.125,1.4549793191488676,2.8583948952267235,3.2490542095207555,,,,,
149,,,,,,0.2397638999659506,4078.125,2.318287940790322,10.523046721461524,3.2305214314562347,,,,,,ovenbi1,0.7470126938639777,3734.375,1.7133598680721345,7.905534987295653,2.8961038592372215,,,,,
150,0.4440167039452732,3640.625,5.842789484681193,17.98615186995775,2.9307544848347566,,,,,,,,,,,ovenbi1,,,,,,,,,,
151,,,,,,,,,,,,,,,,ovenbi1,,,,,,0.6529063010484026,3578.125,2.404132359745319,5.76213283629474,2.3406228228416994
152,,,,,,,,,,,,,,,,ovenbi1,,,,,,,,,,
153,,,,,,,,,,,0.7320407133257596,3906.25,1.2743140562359936,7.463820436391188,1.6510281068537462,ovenbi1,,,,,,,,,,
154,0.5098292475995779,1359.375,4.94348568289822,6.1203162067680665,3.0719323579711904,0.296373325624958,593.75,3.7776349858501,7.106041004544033,3.5000674970873438,0.4319292518347097,3484.375,1.236322121133415,14.082752942019567,1.9518969695401056,ovenbi1,0.11602155193427255,2625.0,1.4222972467673256,26.018733884663504,1.8114017421596889,0.7981189991355103,4093.75,3.3552559962664064,44.58071815307249,2.477090715367079
155,0.09417072649353007,4328.125,5.449205189509171,30.910902108089147,2.821164362358043,0.7857496478420184,3937.5,2.3687668029828033,4.66743690233298,3.911256268723178,,,,,,ovenbi1,,,,,,,,,,
156,,,,,,,,,,,,,,,,ovenbi1,0.4163781015660437,4015.625,1.7094960812596462,5.14031431659771,3.248346489027056,,,,,
157,0.06030218796107713,4578.125,4.8971289794560695,62.786141719308574,2.532130253877837,,,,,,1.0,31.25,0.6010213018313049,4.975260735619741,0.42468020392102335,ovenbi1,,,,,,0.9283950216964278,3421.875,0.7886116061908184,13.965509433722048,2.0037605234533977
158,0.7785828429832775,78.125,7.260795877212324,4.516361845999474,8.090211737120352,0.19997045624809007,3390.625,3.133580694839946,44.998338225323884,1.7145660261407667,,,,,,ovenbi1,1.0,2578.125,0.9756398089477218,4.772823939500029,0.6935648941803036,,,,,
159,,,,,,0.2488154418903723,4062.5,2.95887807947363,7.987384638335925,3.1198925090228533,,,,,,ovenbi1,,,,,,,,,,
160,,15.625,4.448665231002237,1.367941335025604,17.49421154974733,,,,,,,,,,,ovenbi1,,,,,,,,,,
161,,4265.625,0.16245372987133286,17.588362399878633,0.10205718153656848,,,,,,,,,,,ovenbi1,,,,,,,,,,
162,0.8335591676606123,140.625,5.3031342917328645,18.02442320092904,2.8426567400372944,0.03180110697319216,4484.375,3.3774660608057654,33.051060304314944,2.469180450565726,,,,,,ovenbi1,0.44907458622880736,3562.5,1.9488115124350205,7.260510951236057,2.521442710371047,0.7656744151669118,2734.375,3.2090342002630425,4.267566432032196,2.460283068451057
163,,,,,,,,,,,,,,,,ovenbi1,0.9623280366498042,1062.5,2.1122964481363464,53.089879638290704,1.4653991042373624,,,,,
164,,4109.375,5.282439349594443,6.635239841775843,2.6587162846902297,0.7329446389388978,3296.875,2.3960215591371226,3.7445419407671072,2.093945808770207,,,,,,ovenbi1,,,,,,0.4153207098038062,453.125,2.3862243312203453,37.627465807139714,1.6295131026489569
165,0.053426961820531416,4468.75,5.075481686181862,62.33010831734012,2.5789508975160533,0.26149899635201546,281.25,1.6489972523992629,12.186848705069544,1.2108896787490022,0.2127863469297092,4015.625,1.0125201974454616,2.5406063426359538,3.5252028676977303,ovenbi1,,,,,,0.6618673367175311,3718.75,1.3760717396627988,5.914838219368478,3.2668932211229134
166,,,,,,0.1535187991702246,3578.125,3.309744973876218,25.98994517354217,2.917383087803034,,,,,,ovenbi1,,,,,,0.6566432788205243,125.0,1.5066648510672545,8.737268895435054,0.908538788678592
167,0.917019421756976,3656.25,6.348120458645799,12.051012672764385,3.205944007963661,,,,,,,,,,,ovenbi1,,,,,,0.2949593274462136,281.25,1.6918613546431407,14.183578890247805,1.2280921331650565
168,0.10702146649827228,2828.125,4.784876975282625,47.033605427558406,2.431343757935145,0.8984635058482884,171.875,2.1361269091377824,9.84867567424419,1.4239037719689251,0.544702341729723,2343.75,1.7173405505928645,6.589096046303665,2.1820261531938017,ovenbi1,,,,,,0.7921002005419019,2609.375,2.126962322842989,4.810009449776062,2.9774966251141177
169,0.9347876756842884,3937.5,5.103495463185448,61.3380989249033,2.571380049624457,0.6250967744027166,296.875,1.3035781717800652,32.0082602140379,1.3336135201582913,0.4813117915452712,3703.125,0.6668355085110362,1.9279404923801733,4.2103132447327765,ovenbi1,1.0,2812.5,0.6914811832538146,4.39610151603415,2.173761362466561,0.6011343517236374,3781.25,0.8145468223077863,5.014219721960757,4.350918142104234
170,,,,,,,,,,,,,,,,ovenbi1,0.7375037274905838,3937.5,1.1840069012822978,3.809577905393411,2.5847900201796508,,,,,
171,0.025016095917465897,5546.875,3.9975701273458,151.7973777621169,2.01845987447934,0.1679200733559586,3359.375,2.5449028733665884,22.834344864718844,1.500246207962196,0.07263690924122224,4156.25,1.5356104510514283,31.271462374324074,1.0011910231185592,ovenbi1,,,,,,0.4487395861943605,3046.875,1.918001724153397,7.256098750835206,1.5782841410949404
172,,,,,,,,,,,,,,,,ovenbi1,,,,,,,,,,
173,,,,,,,,,,,,,,,,ovenbi1,,,,,,,,,,
174,,,,,,,,,,,,,,,,ovenbi1,,,,,,,,,,
175,0.8507704759632952,3921.875,5.8989555347769445,13.402173684532272,3.0236376044727384,,,,,,,,,,,ovenbi1,0.7110337472305546,3406.25,1.8247476597252723,3.4606117164756256,2.8439187889531885,,,,,
176,0.5983615481689823,3328.125,5.422773913478391,12.44900725317919,2.8015361180465224,0.6966249396910456,3718.75,3.2158473452054928,9.888749579299061,3.557917394577835,,4046.875,2.0155704634991065,2.2515647946837016,3.227560602888871,ovenbi1,,,,,,,,,,
177,,,,,,0.3308962081956527,4078.125,1.004722096964838,11.956291532030775,2.7590568064692578,,,,,,ovenbi1,,,,,,,,,,
178,0.4141382521402016,3609.375,4.686712388342942,15.361986053668375,2.349345060932474,0.06642091795431138,4125.0,2.2445667017443642,31.06324954973741,3.363374390909859,,,,,,ovenbi1,0.6421302620044114,3265.625,0.7888238637080859,5.588625658045032,2.1811972809805757,,,,,
179,,,,,,0.7812148925266753,3796.875,1.5522849914934893,22.85347507306741,2.8082734681096366,,,,,,ovenbi1,0.6265619166864169,3375.0,0.6800073524377601,5.355640169994559,2.699085042565356,,,,,
180,0.8518084073238303,3781.25,4.6014082313258085,74.22823252893541,2.305346781758,,,,,,,,,,,ovenbi1,,,,,,,,,,
181,0.6149411099170383,3218.75,3.670868031255948,122.05925174165891,2.0583420437507094,0.6581940151738962,62.5,2.6533186542895644,2.9256363094659013,4.06635401947638,0.4306270718901821,140.625,1.1351678678070307,1.7563181363746274,4.025900820159122,ovenbi1,0.6491979941760511,281.25,1.2892643689592098,2.8506108385875457,2.3983260305376426,,,,,
182,0.6020451776875886,171.875,11.518761724869542,2.512848051920219,5.8258344684516015,0.5983119986615859,328.125,4.925621461452079,2.489494325615965,4.277799146457723,0.7350719536657884,656.25,2.5623616443017583,3.774609800045411,3.1805959257777237,ovenbi1,0.5254883535636314,78.125,3.454688660628136,2.1074298334089443,3.2911234418672093,0.4867853738126186,250.0,3.9624006675123287,1.9485025347560665,4.9690400550272855
183,,,,,,,,,,,1.0,3796.875,1.1528147406264628,3.9767251217668047,3.4635917347285554,ovenbi1,1.0,31.25,1.222755983701066,4.437387344218559,0.821085584681004,0.1271701261557291,4046.875,1.2480209729032707,4.582794562682069,3.4600369936875897
184,,,,,,,,,,,0.6050053649444495,3765.625,2.3870616633043467,5.063359910492778,2.6054795177447074,ovenbi1,0.7231338261038123,3390.625,2.54708313243852,7.2237065722225395,2.6293914897703674,,,,,
