,peak1_accuracy,peak1_freqency,peak1_prominence,peak1_width,peak1_width_height,peak2_accuracy,peak2_freqency,peak2_prominence,peak2_width,peak2_width_height,peak4_accuracy,peak4_freqency,peak4_prominence,peak4_width,peak4_width_height,primary_label,peak0_accuracy,peak0_freqency,peak0_prominence,peak0_width,peak0_width_height,peak3_accuracy,peak3_freqency,peak3_prominence,peak3_width,peak3_width_height
0,0.7178941558683677,3421.875,1.6105590384097077,3.544768819228693,2.282780332657226,0.6736350234300813,3859.375,1.4321814060646274,12.256217079540276,2.5676793894648378,0.660999356249,2843.75,0.720588949321412,5.899693811404745,1.0592628266997426,rucspa1,,,,,,,,,,
1,,,,,,,,,,,0.4711177946759921,3703.125,1.0164792170657129,1.890780196296021,3.4508651379576025,rucspa1,0.8301099148515156,3968.75,5.610375499591248,35.316952103214156,2.822941791156984,0.5604585959232169,3328.125,1.2403370910493572,2.2750985247917868,3.0672337669396024
2,,,,,,,,,,,,,,,,rucspa1,,,,,,,,,,
3,0.2004862698417441,3953.125,4.238084787409306,17.510643622378865,2.2541571668615035,0.5923983401280768,3718.75,2.006445252928254,2.453375681331181,3.0369406162697117,0.6884455629411119,3375.0,1.5638746682367068,3.2097119509518848,1.3717455774217124,rucspa1,0.5322382575044496,31.25,8.476174473763312,2.1378405054353338,11.654488995029752,0.6726242737952371,500.0,1.669818181701742,3.0545942168434688,1.068376960655895
4,0.7166064120793783,3640.625,3.4610338830585543,3.528661348118078,3.3702944307111897,0.4426508197806263,4015.625,3.350258192744718,3.58841471555192,3.3650380847816344,0.7062136711976351,3171.875,1.7584054752113227,3.4038343583806348,2.397221793852763,rucspa1,,,,,,,,,,
5,0.3877458876193839,3375.0,2.2723398599522557,11.43316126172192,2.847019814939284,,,,,,,,,,,rucspa1,,,,,,0.7015814045199316,3640.625,1.4012383549637937,3.350997609218325,2.6314603678112065
6,0.5611221696175872,3296.875,3.39428952749647,6.8356152722181776,2.973161088320732,0.7521547972752722,3937.5,3.2847475011542238,4.034776501648338,3.1025295631258483,0.8000830897652169,125.0,2.09149698015972,10.004156214955467,1.5472252625988845,rucspa1,,,,,,,,,,
7,,,,,,,,,,,,,,,,rucspa1,,,,,,1.0,3437.5,1.3111492483564822,4.292229450960946,1.9831755507016624
8,0.8772379355956458,125.0,2.767755108616857,16.291677805387756,1.808572016219537,,,,,,0.6549514020791327,3515.625,1.64812003004605,5.796284964063744,2.474386081876323,rucspa1,0.05907201151661778,4484.375,4.653381691472044,56.32737111521902,2.4547933068583543,,,,,
9,,,,,,,,,,,,,,,,rucspa1,0.17922200590408066,3921.875,6.220125770974156,20.712056271349443,3.1716934346961314,,,,,
10,,,,,,0.6289036111455035,3218.75,1.873892470545176,2.6947176799181705,2.319114428560904,0.642496018675697,3390.625,1.282072715714897,2.7971716463008254,2.5022580101714853,rucspa1,0.9077305478392956,4046.875,4.845549088060174,65.02693859664294,2.586353528850345,0.6239544296340476,3921.875,1.4461438839421024,5.318504345241138,4.260456323948205
11,0.7864730467229164,3281.25,2.4282943759272277,4.6832495132469205,3.585670434485509,0.7415788737832698,3859.375,2.071366304360708,23.217915995644947,3.462416269743388,0.4937960609791343,2671.875,0.7419423834374295,1.9754883810945216,1.6562885255975428,rucspa1,,,,,,,,,,
12,0.6923393713358367,3156.25,2.126000048320698,3.250334644188684,3.1448015867518944,0.10566548865992896,4109.375,1.7620963385140485,29.071896108584237,3.1528489405199176,,,,,,rucspa1,,,,,,,,,,
13,0.6388716284978403,3046.875,2.5721318148180563,2.7690984118483186,3.3330358078599174,0.5459392065566018,3875.0,1.82686465974384,6.607044790741156,3.3094029085309016,0.6324662497609703,3187.5,1.5193650815124156,2.7208385606754177,3.390181470380358,rucspa1,,,,,,,,,,
14,,,,,,0.7446310323830015,359.375,0.3263127003918597,3.9159025833545935,0.7131847649997092,0.4546964434019695,3625.0,0.19869190872277664,7.335363856701548,0.7071460414924364,rucspa1,0.5851948861042209,3500.0,0.8572172770322392,69.91234926598887,0.4899458836134159,,,,,
15,0.5344238514482629,203.125,1.5641507406036748,2.147876353010544,1.7776426423433829,,,,,,,,,,,rucspa1,0.1657497640333725,2812.5,2.7673684400256784,20.377578893103305,1.7489601487330155,0.4023888022198572,1406.25,1.1494047894720154,8.366643761985642,0.9737785135020685
16,,,,,,0.5903249892012924,4078.125,1.7629623908861487,24.409592326619762,3.726464307054476,,,,,,rucspa1,0.03259029909453415,4843.75,4.7487122782868365,75.4592391741309,2.6374280146842835,,,,,
17,0.3496873799407261,2937.5,2.2154772390081994,10.76405375519542,3.0145037608267065,,,,,,0.7732708313430555,2437.5,1.1517589817884275,4.410548523260643,2.19198212613416,rucspa1,,,,,,0.6267043921684671,2703.125,1.243172747062653,2.6788421267771696,2.9977727782776022
18,1.0,3609.375,3.2793054797610077,3.1069661099926407,3.2172920675635988,0.23822482747287602,4093.75,2.7028333511063636,11.814509483346994,3.2454619479199565,,,,,,rucspa1,,,,,,,,,,
19,,,,,,,,,,,0.6144256565746069,3281.25,0.7334398443515449,5.187067122340807,2.5990403268491624,rucspa1,0.8357776184469129,3734.375,5.08559425310237,54.803735732517254,2.6295125338273992,0.3780920464382841,62.5,1.1009562992047863,11.255684960950328,0.6728407387647021
20,,,,,,0.7051357163289182,3546.875,1.3078870901438298,3.391390735934266,2.4774377016301914,0.7350435482844935,3687.5,0.9411707152740618,3.774205132674922,3.041792961344979,rucspa1,0.8845394635656492,3890.625,9.43628400019906,8.66096790195138,4.795035130048802,,,,,
21,,,,,,,,,,,0.4707616841603426,3750.0,1.856348038442984,5.668523820389653,2.484954152444964,rucspa1,,,,,,,,,,
22,,,,,,,,,,,,,,,,rucspa1,,,,,,,,,,
23,0.4456644597769077,3625.0,2.6837354772570303,7.215846197395535,3.1844994291469564,1.0,3859.375,2.6351036087381923,4.583568323726496,3.18704979430759,0.5731314625639121,234.375,2.0709941571589283,18.74113292127505,1.2421208511630302,rucspa1,0.15623187538002936,4156.25,4.635552472327929,15.407076447519445,2.3607268018370595,,,,,
24,,,,,,,,,,,0.6976031401585141,3937.5,1.3905393811605298,3.306912646262901,3.529218411953728,rucspa1,0.4160558005864843,3640.625,7.0563568649286585,18.837416333697373,3.559689389811482,0.3076842979038027,3578.125,1.5496328205793208,1.4444277328568376,5.801837835319892
25,0.5187934787250734,31.25,3.5131585747180565,2.0781098255912296,6.488216069746361,,,,,,0.6612474522196483,484.375,1.3713269751056163,2.9520073178856308,1.7496115730342825,rucspa1,0.4505636373515678,3843.75,4.861116423689343,12.740328955036945,2.5342069327414403,0.7582072223844987,3625.0,1.7701756119557372,4.135772829369613,2.356823623774768
26,,,,,,,,,,,,,,,,rucspa1,,,,,,,,,,
27,0.9338704425049648,3875.0,1.4542119785898056,75.60915556368866,1.6346963805056918,0.5089116032597417,500.0,0.2635271491347573,4.072586551169973,3.2069480576202745,0.7587993354979378,578.125,0.19631842194537885,4.145925559800645,3.2024628844663297,rucspa1,0.4492520197437171,265.625,6.747955618324777,18.157125143421567,3.4251047508162435,,,,,
28,,,,,,,,,,,0.15513745857393813,4000.0,0.3052119504423739,13.019869458803155,0.4027863970455231,rucspa1,0.777200350028701,46.875,13.347326001416755,4.4883373924906085,9.19141756949406,,,,,
29,0.6991087425372541,593.75,3.429097989485436,3.3234598054874103,3.0368920846443097,0.041232234082613665,4390.625,2.2063713059251815,27.118141560716936,1.2789796530002988,,,,,,rucspa1,0.4041872066879301,62.5,8.781084044998469,11.748656756911222,5.396614095815626,0.5474551060504194,1484.375,1.4326045634691609,6.629176552667588,1.0774625530560633
30,0.6406757759493513,3484.375,2.741904837984521,5.566003809746177,3.530418697644362,,,,,,,,,,,rucspa1,,,,,,,,,,
31,0.9429554878100446,3875.0,2.1885877192819665,87.65085032807791,1.136366759826374,,,,,,0.421225340188895,4015.625,0.4938101235325436,3.4555763043474315,1.951245483332413,rucspa1,0.5897805253113384,31.25,3.441692594054576,2.4377194689719586,12.044046269994185,,,,,
32,0.7411050918569844,140.625,2.3457268801273528,11.587713414366483,1.8421560461948507,0.4961006969446766,3265.625,1.0826618371924657,13.89166438126918,1.8099031543660624,1.0,3859.375,0.6541903055137257,4.474140311441204,3.4044727538253854,rucspa1,0.7814725990132317,4312.5,3.8833654145194703,105.24995902638607,2.1583554371622067,0.7101703340438486,1468.75,0.9688306276894536,6.900604854930832,1.3963365898574132
33,0.7987378019501358,171.875,1.2692378854455706,14.905928828506221,0.7505836687053233,0.722205997837188,3968.75,1.0237968083101006,3.5997897442505287,3.501885571589333,0.64051707606822,3687.5,0.7518186548793335,2.7817733011144976,2.8228885553841323,rucspa1,0.09301016291498844,4546.875,5.4134778715266885,70.56308393233002,2.7560089757253023,,,,,
34,,,,,,,,,,,,,,,,rucspa1,0.8843762516171659,3843.75,4.916170816365341,60.54119588670287,2.738379203137592,0.9678703547829082,1187.5,0.2958120982567584,31.123904208815752,0.594094554194535
35,,,,,,,,,,,,,,,,rucspa1,0.9440644121901948,3875.0,3.927225996948097,89.38853055412979,1.9792839347093731,,,,,
36,,,,,,1.0,3500.0,1.6594600231306118,3.158577141302999,2.9605479834122597,,,,,,rucspa1,0.0393239256600133,4828.125,4.573404907068985,81.1928204349092,2.3044776610782707,,,,,
37,0.43332644534855547,1656.25,1.7842801300278717,81.17548387853421,1.6583963715049106,,,,,,0.6856288553519219,3390.625,0.5180059628373292,3.1809535226887533,2.120282086753404,rucspa1,0.9409267427420368,3906.25,5.042122772424629,50.78440125452187,2.6646993626059285,0.7223547579159246,140.625,0.8142059502997621,7.203436965054738,2.0393766471618098
38,,,,,,0.4678601465359861,3656.25,1.5023043176246478,13.154436666287722,2.077969006994412,,,,,,rucspa1,0.672331388327605,46.875,10.096441373952324,3.0518638782521093,8.468041083925431,,,,,
39,,,,,,0.7989454950933096,3453.125,2.605671200356034,4.973775645883194,2.3575054444761157,0.3687868340706538,3859.375,1.742885696911049,9.505505150809226,2.7575192243419093,rucspa1,,,,,,,,,,
40,0.4569831384657344,406.25,0.9230602671902784,1.8415634409114892,0.8739083716949754,,,,,,,,,,,rucspa1,0.025929525750620463,5031.25,1.8350719894540772,79.04972179691242,0.9926822133720592,0.5458733723143216,2953.125,0.5731855481365189,6.606086974658608,0.7735005281116989
41,,,,,,,4031.25,1.7743800651485238,1.5137104134650483,4.9188849069361416,,,,,,rucspa1,0.14364747965716984,4125.0,7.086488990836013,15.180664143775287,3.6199643454790085,,,,,
42,0.7711668205241368,328.125,1.222931091473609,4.369995654871708,2.461003805319061,0.6909588541408593,4296.875,1.2129542653115453,71.18793175206348,0.7116062020162536,0.4345040009706843,156.25,0.4652797524798191,1.7683591072554332,3.9886336478618896,rucspa1,0.522575727827318,31.25,9.204984068632527,2.0945730208670765,12.278502642662403,0.6948002652709191,3750.0,0.6352539636173776,3.2765428216629284,0.9594103011320331
43,,,,,,0.8427811910864356,3968.75,1.1275958832038615,6.360562116647118,4.196984583955384,0.646449414436155,3390.625,0.7205227517680175,5.656899130319317,1.8007847020189083,rucspa1,0.08167482993888453,4296.875,5.774732464740538,45.73543377582132,2.9505107258649432,,,,,
44,,,,,,,,,,,,,,,,rucspa1,,,,,,0.6925228822152285,3593.75,1.6222963107706987,9.756823602398754,2.0194745387855435
45,0.6807732365211236,46.875,3.894136628080306,3.1325694283968484,2.6039388951478104,,,,,,,,,,,rucspa1,,,,,,,,,,
46,,,,,,,,,,,0.6110250613289518,3687.5,0.7330920817830959,2.5708597150668595,2.94923738579674,rucspa1,0.08047275959385136,4296.875,5.927054337653543,47.85067594143867,3.474782016506601,,,,,
47,,,,,,,,,,,,,,,,rucspa1,0.8758999374646153,4171.875,4.056575940723581,112.81219133961494,2.2640051602911733,0.1058506630831514,2531.25,1.1523375096126878,33.55144242844733,1.435995788273669
48,0.3233635798582827,2234.375,3.903132493234671,10.345290013407633,2.4459475422112416,0.7806782901446173,3406.25,3.1405841993240915,4.5595121461499835,3.633997316235869,,,,,,rucspa1,,,,,,0.6107515350768838,3531.25,1.1883781669698037,5.138106325981369,3.638438739495767
49,0.6600764996092081,3781.25,2.421304689489316,5.883676761685223,4.360942400279662,,,,,,0.4622694468319858,2859.375,1.097598839801892,7.438669750926721,1.7875780976221358,rucspa1,0.09808429330072732,4109.375,5.6715893333592975,32.153780873969765,2.9694960380003668,1.0,3562.5,1.9942791975588228,12.756525035596185,3.93587705069789
50,,,,,,,,,,,,,,,,rucspa1,,,,,,,,,,
51,,,,,,,,,,,0.6262702513069149,312.5,0.5925014393387142,2.6757302663139657,4.1561933168693255,rucspa1,0.6098507930860236,562.5,4.0318507544673015,74.33053684611022,2.4531808263076504,,,,,
52,0.6470968210986983,421.875,3.1560229250100837,56.6727680443862,2.314219820022132,0.8880558777925103,3984.375,2.4344308426251207,17.866056390999944,2.732060948569918,,,,,,rucspa1,0.5255133381507533,3734.375,3.7997201388744264,18.967867220806028,2.3873734600138388,,,,,
53,0.6951661060690121,46.875,2.9081052383368964,3.2804751043412264,2.6806401218344917,,,,,,,,,,,rucspa1,0.4986883912794262,3671.875,5.3738549235120985,35.90581124969125,2.7392636981749234,0.5634257202457247,3500.0,2.0508830421997017,6.871682870755791,4.047623911055863
54,1.0,31.25,5.742898200684314,3.014713121692409,3.6503990727807003,0.5877881557313993,4078.125,1.3996360268296368,19.407496682184444,1.276605783731284,0.47951797218643705,3000.0,0.8483750626871658,7.685183707116977,1.207844661416433,rucspa1,0.15225400771321929,2515.625,7.1751292703537795,22.412373721458493,3.713947478373433,0.6035223052343102,2593.75,0.9173422572638854,2.5222099835678757,6.4391594348222885
55,,,,,,,,,,,,,,,,rucspa1,0.3943470809725285,46.875,4.383551246698191,14.859996075725627,13.7842382078807,0.5420350779682221,187.5,1.5299955476062603,2.1835733522197813,14.760916196254696
56,0.4314443291566886,3515.625,3.650112447590669,7.035370861866513,2.11699026462264,0.4235633212719816,265.625,2.8974415585931967,1.7347959227831034,4.6739970118637535,0.6660695261180616,3265.625,1.3236029855768987,5.989270690841777,2.244201974199911,rucspa1,0.644094368831202,78.125,3.901024638092258,5.619467141983613,6.192578935733168,,,,,
57,0.3029048799856894,406.25,2.99799332992122,10.041671213903056,2.6914976243580893,0.5425578759640118,31.25,2.8870963783481893,2.1860688980215723,4.588688874378086,0.618460601778245,3640.625,1.5500909550573323,5.241922614863427,2.9422672393904663,rucspa1,1.0,3921.875,6.823980656372358,4.4212507043708635,3.620502800165655,0.4614546450669745,3125.0,2.3349843797997343,7.427415283337552,2.6290581613763644
58,0.1027701297902004,2328.125,1.391097492727442,32.321705911573055,1.899885032423669,,4234.375,1.1599743157929812,14.878289092737706,3.794747188085213,0.5803149205211889,3671.875,0.620991587208533,2.3827389842923594,1.941289022954464,rucspa1,0.06944069436726208,4546.875,4.825310042952101,53.73112675070428,2.4257929630468418,,,,,
59,0.5000706658243508,3500.0,2.318839830347954,6.000848109756959,3.848197570999459,,,,,,,,,,,rucspa1,0.6125588456000854,3859.375,5.770112742130647,10.324148466353222,2.8877319701133324,0.4838239392648343,3218.75,0.8090535292785133,1.9373234755903752,2.0015764749199296
60,,,,,,1.0,140.625,2.120333837358343,4.49708596823554,3.3487652266826933,0.6214908541624948,3875.0,1.9872345028656264,2.641944087737585,2.819682097272225,rucspa1,,,,,,0.6908982919722992,921.875,2.0998562290921052,3.2351810877421063,2.1521618067235915
61,0.413791719632011,3046.875,3.6374482974323743,8.529391629987343,3.1504812594441898,,,,,,0.7188955604123126,875.0,0.9994409541963324,3.5573966795642207,0.5567537920793084,rucspa1,0.6308914933494898,3718.75,7.657511073705331,10.836921739621117,3.8825401539705005,,,,,
62,,,,,,0.4724915365668487,3859.375,1.9278267350510832,7.582816726706227,2.9995476012623543,0.606399649776845,3609.375,1.7667290820295458,5.081296291698124,3.073595498255488,rucspa1,,,,,,,,,,
63,,,,,,0.8492973635411812,125.0,3.1744884889563565,13.271167956948931,2.1248720028296244,0.33711327293603005,203.125,0.7473095206658948,1.5085533608873993,3.248556455843608,rucspa1,,,,,,0.7638271448539025,1046.875,1.3219903388597831,29.639308021532656,1.797719707232289
64,0.7701357327872921,3156.25,1.6110384661996782,4.3503934392492445,3.241334185398548,0.3466909954230077,3781.25,1.4406872144956002,9.18401546276698,3.2998004612714213,,,,,,rucspa1,0.6352008774239593,4484.375,4.526888911883551,106.90815187438021,2.300867762193956,0.8392287487909141,1296.875,0.9208023798726016,80.86022782203307,0.5576446115238626
65,,,,,,0.6033672111312629,3734.375,1.7614150528700012,35.297132241462776,1.4024040605295482,,,,,,rucspa1,,,,,,,,,,
66,,,,,,0.2559428013540852,3468.75,0.5227041222056412,29.5676193174894,0.4131132934552261,0.4579418990325844,3000.0,0.1857778882315793,1.8448206902826316,0.3977057489295904,rucspa1,0.5337325988919164,62.5,11.490341060809955,6.4340762250813714,7.603517725952702,,,,,
67,,,,,,0.9131006846638928,3750.0,2.7778948053648564,34.52271158175026,2.0542010406959643,0.6274160464241536,3828.125,0.3026699128745096,2.6839588511597867,3.1462679668451035,rucspa1,,,,,,,4046.875,0.3143808872422018,2.3993649664868144,2.887946664827937
68,0.5154907759398186,3609.375,0.6886238563569957,6.191832582381068,3.5644650130872013,,,,,,,,,,,rucspa1,0.9207491860642684,3828.125,4.251500542539901,100.94533548245441,2.1445810514657806,0.7080251604567398,3968.75,0.5904733513325171,3.4249526485374986,3.873378924674284
69,0.8384060721359199,3890.625,1.7241195002592582,12.376702679584836,3.007874583542832,,,,,,0.18215179261370085,593.75,0.6190065655092569,36.68162347127322,0.5046901093892825,rucspa1,,,,,,,,,,
70,0.37332181483427895,3828.125,7.943717761823188,9.57429210402998,4.211656223564996,0.7515870634757186,46.875,4.0781256692057015,4.0255552468067775,2.565346596409704,0.6193066838835269,3656.25,0.7695996858629659,2.6267863334223875,4.040371348005915,rucspa1,0.7301812802882046,3281.25,9.997063654945071,3.706192072470514,5.0342115325673245,,,,,
71,,,,,,0.13269023969702864,4156.25,2.6382966042869103,13.83588718730448,2.4708254915446366,,,,,,rucspa1,0.7267989062532191,3546.875,9.283229023232415,3.660307454430836,4.789479128709481,,,,,
72,0.29590257328501346,4093.75,2.4438421009630553,12.782321960740713,2.8650933849908204,,,,,,1.0,3062.5,1.0137091246240777,4.535654254172954,1.5508073398709938,rucspa1,,,,,,0.4622797195802921,3875.0,1.3728545646662125,7.43881186121132,3.2146524267596237
73,,,,,,,,,,,,,,,,rucspa1,0.1231919276133695,3390.625,4.404854669856717,41.05801615399102,2.2135843292873845,,,,,
74,0.5055420102375039,3906.25,2.1809370299778013,6.067249517883197,4.6384771720553415,,,,,,,,,,,rucspa1,0.4874048872318929,3750.0,7.91109342935119,7.803429842316035,3.9628565700314415,,,,,
75,,,,,,0.23244656491214105,46.875,2.945356650578125,1.3028408893584509,11.483475438670098,0.4444294297744027,3265.625,1.1234443921458377,7.199805415135187,1.492923686543966,rucspa1,0.5123930314448236,171.875,4.1194163727598045,2.050832052222491,4.400477490150445,0.7794344458228835,3718.75,1.813273988977584,4.533799503421051,1.7603629708872246
76,,15.625,3.7716567796720266,1.1833596043236136,13.415212850975836,1.0,3437.5,3.1068244170211647,4.364205623966342,2.704740379273704,0.6383818837087569,406.25,1.9016476861475264,2.765348180716177,1.3778721893934462,rucspa1,,,,,,0.8421699446477923,3687.5,2.0459697345573566,6.335928843010521,2.223359390089583
77,,15.625,1.4703741254506983,1.1976621224093225,15.484393999864334,,,,,,,,,,,rucspa1,0.5522935606891687,171.875,3.5678582084633907,2.233606471104886,3.1950597753653254,,,,,
78,,4062.5,2.261256475588455,3.384610594065748,2.7910091679011564,0.8260078823189599,3406.25,2.0254771885625176,5.747386797332894,2.0577785873848,,,,,,rucspa1,0.219108265300482,3750.0,4.426265219167494,16.647634265206193,2.4441655851206665,0.5297382395333073,31.25,1.9324340498659804,2.126475261368455,11.562685860931602
79,1.0,3437.5,4.055925788650254,4.993786523283376,3.911402114143189,0.4895088703660893,406.25,3.0040312945910577,5.8766936893720265,1.900680665339415,0.6125091511547488,3250.0,1.4841087659647472,2.5807061069443757,3.1265007013461243,rucspa1,,,,,,0.845623747182656,3687.5,2.5089296185028607,6.477680224452571,3.1582217648863
80,0.6661198238658599,3421.875,1.9054955268619176,5.9901729511382475,3.3648695872370924,0.6014008672509367,3062.5,1.74165870684876,5.0175723820731255,1.6856342419879342,,,,,,rucspa1,0.5735781857997672,4093.75,6.624088205244031,25.796053657880613,3.3372024766549737,0.6362806015027402,3656.25,0.9764040786610888,5.498744384443568,3.3662852692544285
81,,,,,,,,,,,0.27560766212780874,4046.875,1.015326763671507,6.902336950010892,3.1576411271526963,rucspa1,,,,,,0.3797776911766385,421.875,1.1315840795964007,32.24650212589495,1.1983639050958146
82,,,,,,,,,,,,,,,,rucspa1,0.0047966905694999395,4187.5,6.054223609724473,13.06265752616838,3.0479203796153165,0.6055991223098699,3796.875,1.2647216122388336,5.0709826299406595,3.272882309478257
83,,,,,,0.8282400542525935,3453.125,2.4367544540984047,5.8220791561649605,4.719137208659278,,,,,,rucspa1,0.531548142286743,3609.375,6.333042833853849,36.28974828488315,3.1669686007474,,,,,
84,0.6966714055728231,46.875,4.501979414407342,3.2967548011372205,3.1822873445958484,0.6685342467721482,3750.0,1.927517427628349,3.016902923641084,3.557946070756796,,,,,,rucspa1,0.8778546263803112,4078.125,4.696821282173318,65.4957266323386,2.4293428088016333,0.6281518401511375,3609.375,1.7693083589685048,5.378539457645558,2.6302732538249947
85,,,,,,,,,,,,,,,,rucspa1,0.13475748926047038,4000.0,5.8505323965880685,31.20512418757937,2.9930929764386915,,,,,
86,0.6484048896445187,78.125,5.856963778524772,5.688361245916912,3.8555028069564647,,,,,,0.7817246567534024,3515.625,0.9168014008089708,4.581369499303662,1.6465511338579897,rucspa1,0.1918642341001593,1953.125,7.5165970526339185,16.08640595868789,4.092537354038864,0.3569340052018861,2078.125,1.3138638969090228,1.5550503495585133,5.743391819967267
87,,,,,,0.1669853018968387,2234.375,1.379224313483729,19.207344163834364,1.522658302674788,1.0,2640.625,0.4582110938281371,4.921739339541404,1.1015360052510883,rucspa1,0.7868034990847427,62.5,9.319414253931802,4.690508501344898,5.087087416362754,0.4156106920939144,4015.625,0.4911962646366406,5.1335641487850685,1.5189400357469045
88,0.7840008594891901,62.5,3.9207487582829392,4.62964805153914,2.600017245600184,0.7064921082528539,2531.25,1.9860468810560696,3.407063415049464,2.0834003023755687,0.23584869720161394,3906.25,1.5586056625168796,9.160489518718892,3.430392437651457,rucspa1,0.3763901165426783,4093.75,6.755688460774097,14.432099680819023,3.5843717132064468,,,,,
89,0.7861590537871594,4000.0,1.7505377936621755,14.0291186189105,4.308758052594533,0.5395377735625648,3906.25,0.6958721247739343,2.171730801323122,4.224377886388763,,,,,,rucspa1,0.8009541345463982,3750.0,5.394353804780137,65.31158017462232,2.82634540028818,0.6389169506188037,2937.5,0.5338784422773541,5.538891962465385,1.5785454915208534
90,,,,,,,,,,,,,,,,rucspa1,0.13782515244939442,3937.5,6.7569565615748814,19.717578224760477,3.4878098668834454,,,,,
91,,,,,,0.10612560563999328,4140.625,0.7893984839312855,12.30597953068758,3.1827200292971938,1.0,3437.5,0.6206950308999599,3.945589806117511,2.5461765238921306,rucspa1,0.5593141273217883,3578.125,4.47709124015157,54.46056133849513,2.2934690984737665,,,,,
92,,,,,,,,,,,,,,,,rucspa1,,,,,,,,,,
93,,,,,,0.2106518409051681,4125.0,0.9444045313961448,13.935549064450868,1.091835366076374,1.0,3375.0,0.3599721347568895,4.861111114666811,1.0751259819637544,rucspa1,0.3525368877391567,3578.125,1.5306099597808362,37.06774879605979,0.8129430553050129,,,,,
94,,,,,,1.0,3734.375,1.0678992018217548,4.01329140798984,1.9036216797146488,,,,,,rucspa1,,,,,,1.0,3062.5,0.7616061419331026,4.569289526113779,0.8539340416529366
95,,,,,,,,,,,,,,,,rucspa1,,,,,,,,,,
96,,,,,,,,,,,,,,,,rucspa1,,,,,,,,,,
97,,,,,,0.2106518409051681,4125.0,0.9444045313961448,13.935549064450868,1.091835366076374,1.0,3375.0,0.3599721347568895,4.861111114666811,1.0751259819637544,rucspa1,0.3525368877391567,3578.125,1.5306099597808362,37.06774879605979,0.8129430553050129,,,,,
98,0.5220408031226167,78.125,2.356771929426282,8.36891522567808,2.3384874830055766,0.7032024067631283,3828.125,2.059082252845279,16.8464977949115,2.261160800393315,,,,,,rucspa1,,,,,,0.612785850989543,671.875,1.6503203483752509,64.5637564223534,2.2263739260948183
99,,,,,,,,,,,,,,,,rucspa1,,,,,,0.7716407629533207,3734.375,0.8781140197428792,8.758130504662603,1.7242080317495652
100,,4187.5,3.5549005555720763,11.576113875530725,2.377557182883484,1.0,3671.875,2.0586529157844877,22.005295446460988,2.9351004864675634,0.6855635315953793,3062.5,1.0566153609238018,3.1802926838409467,1.8137885536660443,rucspa1,1.0,93.75,5.820415135695433,17.600398758836192,3.119314487882938,,,,,
101,0.5662232370881761,3781.25,2.227928965044005,2.3053332624073164,6.2440280567956945,0.2407189217057668,4046.875,1.7432470982066155,5.268141290951462,3.660522402159028,,,,,,rucspa1,0.8981987163437835,3640.625,7.392258455436464,19.646117692916423,3.757239837437381,,,,,
102,1.0,31.25,3.0820323507540364,4.462966425612948,3.1613409110251576,0.4790537982780039,1250.0,2.0499126118417674,38.39168024239293,1.866125283250609,0.4037396777134328,437.5,1.1702603704447867,5.031359437930497,3.450669246243293,rucspa1,0.7042763501106584,3765.625,5.4539445219042815,10.144606294162088,3.5564041337692616,0.3693241741394684,265.625,1.7541798880094062,9.513603905482254,3.477374544126997
103,0.2564267310451808,390.625,3.1663177589124603,22.86257549830365,1.9332489124313612,,,,,,,,,,,rucspa1,0.8029496840825946,3703.125,4.178597527645244,81.19753538840544,2.1896762389879485,,,,,
104,0.9135805810854593,109.375,4.745018082572032,11.571473316534195,2.66987109410428,,,,,,,,,,,rucspa1,0.017488670774905457,4671.875,5.212474145714451,44.783198616857426,2.839070441960044,0.7802774005322446,3812.5,2.3002345264339024,4.551193197342228,2.2475034768838213
105,,,,,,0.6522044929222348,78.125,1.6262644725891486,5.7505055680688,0.8969367135521922,,,,,,rucspa1,,,,,,,,,,
106,,,,,,,,,,,,,,,,rucspa1,,,,,,0.6253966013592885,78.125,1.7161143033082056,2.6694899288917484,0.9877251322066404
107,0.7841580949661304,109.375,3.665760504168724,4.6330206353723655,1.9755322401099624,,,,,,0.6198654775632231,3578.125,1.496623094142925,5.261295362440109,3.7706578994954514,rucspa1,1.0,3875.0,5.741813706411159,31.63299812813921,2.98828521201846,0.6599338166023259,3750.0,1.6025952153650094,2.9406040612706192,4.364624389652759
108,0.7256305586110765,3906.25,2.7120106415676872,3.644720763864086,2.9661259504088573,0.5959685070332841,78.125,2.4865369879436803,2.475054587099674,1.3335473464767753,,,,,,rucspa1,,,,,,,,,,
109,0.17252614936907285,734.375,5.716625909111862,12.084974035584645,2.9915836797538082,,,,,,0.5148341008609479,3671.875,0.4808521688485543,2.06115063275169,2.9837104497613014,rucspa1,0.7717227095546862,3781.25,9.238411353955726,4.380637241879128,4.663620534911698,,,,,
110,0.9553133157413696,78.125,2.1044354236528786,22.378030874082246,1.2852203353209817,1.0,3953.125,1.7795465958806602,4.085917194073288,4.320846577799717,,,,,,rucspa1,0.07385896751965647,4265.625,5.401757937358174,59.38620368941199,2.8397366727397784,0.7473978248444395,3328.125,1.6041057756598542,3.9587940974149083,1.9018733313240603
111,,,,,,,,,,,,,,,,rucspa1,0.34293366486699284,3796.875,10.126645396683305,10.653414466262404,5.0744466993738016,,,,,
112,,,,,,0.1846933839844498,4171.875,1.5158852796917262,15.944921511285827,3.7224295662849496,0.7431212137170404,3312.5,0.9011555694333028,3.892886658606642,1.6165111600229756,rucspa1,0.8178334637002924,3734.375,5.186611045135977,76.85275399300917,2.6209717942839506,0.5273274884080903,3640.625,0.9670082426509694,2.115629691754464,4.617163736893186
113,,,,,,,,,,,,,,,,rucspa1,0.52155334026905,3765.625,7.7884871840074785,16.72077720115911,3.916691999604212,,,,,
114,0.060364228299948926,4468.75,1.7669619770523417,34.055749008047535,3.0584817274923277,,,,,,0.7644937678095296,218.75,0.43579630085254695,29.72320492282603,0.26952725770929936,rucspa1,0.3505622423938693,3578.125,4.2984663822886215,24.63669506832653,2.1936258391334533,,,,,
115,,,,,,,,,,,,,,,,rucspa1,0.7863617827903551,3718.75,4.921605247155132,70.2121567756783,2.4810778126178112,,,,,
116,,,,,,,,,,,0.5647388367596671,3781.25,0.9589185390787788,2.297471229813908,4.6713070872306135,rucspa1,0.2981057040532651,3468.75,5.3710519072239995,37.04261475003221,2.706353023024008,,,,,
117,0.0978751648652514,3218.75,2.4197281839796774,52.09921971938584,2.128751953964488,0.5819627001957738,3687.5,0.9865894921228929,9.568524152924311,2.7366291591235608,0.6604990747388261,3578.125,0.6045278790534088,2.945500072586583,2.7787901962683557,rucspa1,0.2852380501248327,468.75,3.0901929770365344,32.178545603913214,3.136128653331603,,,,,
118,,,,,,,,,,,0.5600814245823293,3843.75,0.9154085409355908,6.81944379627916,3.6591813756881058,rucspa1,0.5030572831136553,3640.625,4.914882957682299,30.184565524944873,2.539065356377227,,,,,
119,0.08790841774546132,1750.0,3.5239678341381064,37.276958434324825,2.47385967286629,,,,,,,,,,,rucspa1,0.8567347747736628,3812.5,4.5404517237935735,27.920243685657912,2.441878240992621,0.5471094375519675,421.875,1.3495701697185325,2.2080389456442835,1.8401303860619256
120,0.7938516181593779,3453.125,5.270563945009437,4.850874845930747,4.212597014934831,0.22305754123809274,421.875,4.326909049085728,15.4451592452838,2.628405551322614,0.5889822635910871,1453.125,2.1196281224301496,9.73194012245857,2.1844738149529634,rucspa1,0.9159143914833396,3203.125,6.84524704378621,11.892641530944786,3.5681615420729087,0.5555601403031956,109.375,2.606206595352904,6.75006963157308,2.7849762238379103
121,,,,,,,,,,,,,,,,rucspa1,0.1081200907758746,4031.25,6.150419810756303,23.545770885531624,3.0862281676726284,,,,,
122,,,,,,,,,,,,,,,,rucspa1,,,,,,,,,,
123,,,,,,0.21979739445813307,2421.875,1.9481490575822504,16.662338612636688,1.749941800690718,1.0,2156.25,0.7548607345246026,8.480297762046773,1.6432882238105877,rucspa1,0.4928886476132365,4140.625,7.302694165572514,23.66344185260488,3.656823719631922,,,,,
124,,,,,,0.5319588585960617,109.375,1.7976784755392,2.1365643135567005,2.950683911533256,1.0,3734.375,1.1474839231473,4.178960265153337,2.573261210152246,rucspa1,,,,,,0.6587931083060207,3546.875,1.4487332792170988,2.9307731594614954,2.538031842671196
125,,4031.25,2.3971894033084213,1.779742824297614,4.503735162900266,,,,,,,,,,,rucspa1,0.22826308717817945,4156.25,5.7244304154211285,16.84511882743317,3.0633135430456853,0.22431908725551972,1843.75,1.6753374879377267,15.470278825789492,1.3843966419501064
126,0.3991038580071159,3593.75,3.7428699829520937,8.320905478636291,6.3668447432895725,,,,,,,,,,,rucspa1,,,,,,,,,,
127,0.9168640343405882,3578.125,1.691224038053869,12.028488417356696,3.2161865154255143,,,,,,0.7840875056778552,2562.5,0.9518897139724284,4.631505940123986,1.0158075260298838,rucspa1,0.982279740595698,3890.625,4.438166865965339,56.43258245741156,2.421621717456308,,,,,
128,0.6020527073381106,4562.5,3.7326726135387314,98.00292832532429,2.1799911495594237,0.4902641265253269,1234.375,1.3089640362078403,13.732602244145966,1.7300179651177028,,,,,,rucspa1,0.5110000652625484,203.125,4.1674581328663685,6.134970143934122,2.1314876493933883,0.8063455161485034,3406.25,0.8965392012442794,5.163836024405441,1.9162666203599112
129,,,,,,,,,,,,,,,,rucspa1,,,,,,0.15318592529798736,2250.0,2.2716614488302023,25.979728794353857,1.3624403334111173
130,0.4262448463248536,4109.375,5.61603062220862,17.429037344493963,3.204858800878689,0.7923619859908048,3546.875,1.8277538952123629,4.8160738040757565,3.653548173426234,0.6311974920606015,3828.125,0.8010674653848326,5.42295661484124,3.183576779684034,rucspa1,0.6725628271974174,2921.875,7.503817704762024,3.0540209941371472,3.7571974570171616,,,,,
131,0.621447987123884,3750.0,3.1310010167930584,10.56657966129751,2.9840171081289366,0.7931176921914631,3890.625,1.6630619447367132,4.833666109938547,3.6153373895131526,0.7986254620527828,3281.25,1.3134925381067155,4.965871108601192,2.73134530267796,rucspa1,,,,,,,4046.875,1.3250640521959929,3.828664922767644,3.3082514019403124
132,0.6198763980902529,3703.125,0.668597139777074,5.261446513586549,1.2689067899765207,0.6057174235240208,3875.0,0.6292390753878091,5.07250413618479,1.250580496488826,,,,,,rucspa1,0.16639839324175876,4015.625,2.0555943283404936,16.794593348307018,1.058783920208295,0.7981358525034945,3421.875,0.5873449208707424,4.953826681963476,1.0382019762865209
133,,,,,,,,,,,0.8639129187461292,984.375,0.6784942970239781,22.04470822916314,0.4170912430573913,rucspa1,,,,,,0.2669366473912902,3921.875,1.1853923548423615,10.913108630421732,1.2659719900650832
134,0.7692436191344401,3484.375,3.871358518576629,4.333574639405555,4.774085046624049,,,,,,,,,,,rucspa1,0.6546705708579776,3625.0,10.568526626184449,5.791571268539259,5.308134094488199,,,,,
135,,,,,,,,,,,,,,,,rucspa1,0.5228645079086622,31.25,6.982094976869588,2.0958407340793053,14.454143618447251,,,,,
136,,,,,,,,,,,0.6184030757230582,3875.0,1.0031583248207108,5.241132390649226,1.8331476459815228,rucspa1,0.6205025691659549,31.25,6.36622721053164,2.6350639523493955,9.050729756095127,,,,,
137,0.7293053364466342,3687.5,2.672084842864418,3.69419916474584,3.2491011075643783,,,,,,,,,,,rucspa1,0.7216748688100998,3906.25,6.792386332217673,10.778760750688775,3.4295575554752187,,,,,
138,0.6548407294758387,3828.125,4.097614172099823,5.794426430913433,3.5922220189269787,0.5892748342391715,484.375,2.1163614173986423,4.869436223356789,3.677749592145105,1.0,3671.875,1.5783363532113586,4.564690357501945,3.4687454109811813,rucspa1,0.6665381462772619,375.0,6.331918138003872,2.998843762295717,3.2910371472779603,0.21778972954371145,3265.625,2.074110575774144,14.062714867683013,3.2440271919144936
139,1.0,3921.875,2.6654713728846446,4.517648050144629,3.4642786229410185,,,,,,,,,,,rucspa1,,,,,,,,,,
140,,,,,,,,,,,,,,,,rucspa1,0.08628953276465977,4093.75,6.160436023305534,7.661070165016554,3.277823606039977,,,,,
141,,,,,,,,,,,,,,,,rucspa1,,4359.375,5.625064479118535,22.972355830484275,2.835222047721542,,,,,
142,0.4716323540579264,109.375,2.040381235065061,1.8926215631863887,2.9297860533694084,0.6651266477543744,3750.0,1.2778644043673697,11.944814280313494,1.8698760511342505,,,,,,rucspa1,,,,,,0.5100765009273922,203.125,1.1029331185881968,2.0411349973882302,1.289758162986324
143,0.5266277251833607,437.5,4.431101628890022,2.1125022592152227,4.770797297507394,,,,,,,,,,,rucspa1,0.5681172264469332,78.125,6.798122456541117,6.946329383131509,5.788736053570441,0.3829012857604631,109.375,2.6008106818474106,1.6204862802741695,7.412210626469567
144,0.2431944713531269,4078.125,5.507699273965803,7.928060476418125,2.9898602556265583,,,,,,,,,,,rucspa1,,,,,,0.4492131400782938,2046.875,4.486017531896712,7.262337377780937,2.5953449412296674
145,0.769985718457928,3812.5,2.4093802219642098,17.390224525116533,1.4333351937158758,,,,,,0.2648012284642063,4078.125,1.0079412604407456,10.88141100030458,1.7796522413092195,rucspa1,0.4868239321326573,78.125,10.125564496059097,7.794595754675782,5.971193848545133,0.2653861910469291,2953.125,1.0285178356860898,13.612594642416838,1.2169742653871367
146,,,,,,0.2462098284978073,4046.875,2.3348256183071463,5.306516523064488,3.568110989518956,1.0,3859.375,1.960286313172476,3.7254438911485295,2.9587606304647496,rucspa1,,,,,,,,,,
147,0.16619043310369094,3875.0,4.589692315547293,21.587663076356197,2.4524766163983225,0.8208539672406086,3453.125,2.1434051429353294,5.582038209816716,3.4322555686791647,,,,,,rucspa1,0.4863547790036289,62.5,7.78805551262712,3.8937381644871376,4.3022903965175585,,,,,
148,0.4169874138897201,62.5,3.802435425921024,5.145686510844096,2.16717907861202,,,,,,,,,,,rucspa1,,,,,,,,,,
149,0.7823590343646879,734.375,1.079137075275494,4.5947232272238665,1.2148943491620463,,,,,,,,,,,rucspa1,,,,,,,,,,
150,0.6967351850902364,3406.25,1.6319375270494234,6.594896280978388,1.3343406035313308,,,,,,,,,,,rucspa1,0.7348554058964755,3875.0,3.729755795895531,11.314581050174697,2.0317463204929758,0.7441181314473421,2796.875,1.483921665766561,3.908053375005778,1.2719166984601622
151,0.5235024608447532,31.25,1.5597373369134342,2.098646724960717,14.453252533163994,0.6194046453956333,187.5,1.1534334435650573,5.254924884931986,1.4738524581133725,,,,,,rucspa1,0.4915221012408787,3640.625,2.378493922322808,7.866615264422535,1.33473476936719,0.4435373887007369,3578.125,0.7571419441400404,1.7970659298477187,1.7934382398063329
152,0.29282715638728074,4015.625,3.4108318277826988,2.82816289972709,3.3570847081948463,0.5617500503272048,2875.0,2.0664338113934506,2.2818028861078403,2.5992625147746966,0.7091097874047132,3890.625,1.856538272712536,3.4377230883023633,4.01874651150018,rucspa1,,,,,,,,,,
153,0.6208265813133017,250.0,1.1046648553122889,26.37315673296908,0.8559904293424342,0.16710388323148395,2484.375,0.7883234005239143,18.009448835224788,0.9496352242179358,,,,,,rucspa1,0.9436069014215872,3921.875,5.96670087161321,35.46533264560844,2.9994930775192783,,,,,
154,0.1778769573149388,2765.625,2.759883953312898,20.678169954314683,2.07139560913817,0.3100341557348341,250.0,1.6497841498818109,10.145429745808949,1.208099524892212,,,,,,rucspa1,0.9628820429201044,3843.75,4.697696349734684,53.882275786219815,2.3681430442707314,0.0737672191504859,4125.0,0.8951134299304604,9.716779826930177,3.4917962204844635
155,0.7363430784330115,187.5,4.45876362193322,3.792807691361615,2.5455873700004976,0.3423804257748441,2437.5,1.9400869921901456,9.123816010296736,1.6783063480477984,0.7959562231967299,3859.375,1.3261466321650923,14.702727262750413,3.0403717589819546,rucspa1,,,,,,0.4736129386379614,609.375,1.4548591720093158,1.8997427433198624,1.9295260118113875
156,0.456643588422797,171.875,0.4720618265801899,1.8404126254759667,1.518381037316782,,,,,,,,,,,rucspa1,0.7752609806173895,3843.75,0.608675399488407,4.449605603633671,0.3385961524015513,,,,,
157,0.6594549089497894,3875.0,3.5197568909866708,5.872937395257053,4.413031680037144,0.6272172880282839,3531.25,3.387631280739116,5.365055663181464,3.7963014344404455,0.6504944500068685,3312.5,1.990109734928552,2.86118489397279,2.9854057240927134,rucspa1,0.7533653376768928,3750.0,6.378484804895708,8.10916025007009,3.2170142896042324,,,,,
158,0.2535870622671259,2250.0,3.754132145118706,13.397409790850643,2.4009569914371065,,,,,,1.0,2765.625,2.019925865032186,8.920921167303161,2.159559075452561,rucspa1,,,,,,0.5320041642116745,4000.0,2.3872271413944883,6.4103134485087585,2.4255910427850838
159,,,,,,,,,,,0.7296611168871137,2718.75,0.5958989393696321,3.699060928584316,1.9899670253359272,rucspa1,0.9247766239238584,4046.875,3.9615584370258494,79.76243972255065,1.99263222233838,0.4320374499494475,2812.5,0.8439910104108609,8.80339733588943,2.0674670560082147
160,0.6107527830245716,3484.375,3.5971926929802858,2.569061399514453,3.194627603069443,0.4957319723679178,3765.625,1.5525087716249866,1.9830723845327896,3.1089135349052515,,,,,,rucspa1,0.5290359982626861,4046.875,10.494035012283057,8.493218133964831,5.247738602679738,,,,,
161,,,,,,,,,,,,,,,,rucspa1,,,,,,0.602399067784978,2390.625,3.5703499135861945,5.030169292758104,2.1627127980636307
162,,,,,,0.6333334051041586,3453.125,2.7286920101146546,10.909093044421668,1.5643234143816254,,,,,,rucspa1,,,,,,0.31007712541465193,2468.75,1.0444062361591626,10.14606162204302,0.644535088512962
163,,,,,,0.7271055082875986,4000.0,1.808504892330112,3.664419877898752,4.014122261798622,,,,,,rucspa1,0.948622059851192,3906.25,5.095182734740004,58.390818925612535,2.6812052453360065,,,,,
164,,,,,,0.3658469730044809,3953.125,1.7046353005841444,6.307625809106582,3.2725196225047797,0.5608446084982495,78.125,1.4794040750678028,6.831294931256791,0.999982821781494,rucspa1,,,,,,,,,,
165,,,,,,,,,,,,,,,,rucspa1,,,,,,,,,,
166,0.6609610741324685,3343.75,3.6940878701005686,2.9495138277742114,3.0569024581726434,0.7730592550277453,3890.625,1.9776006089672291,4.4064365793910545,3.294296683417663,,,,,,rucspa1,,,,,,,,,,
167,,,,,,0.4925192073493184,3234.375,1.5726494685143917,13.793625495533519,1.9325895477270243,,,,,,rucspa1,0.3339255264557699,4062.5,6.051982903451332,10.509335334159402,3.0572268033327044,,,,,
168,,,,,,0.6792896951355689,3390.625,3.3284856132981977,3.1180787920822013,3.4188897158541636,,4125.0,1.413470370635144,8.192260224362826,2.9378585797771786,rucspa1,1.0,3953.125,6.794864910787293,5.500773668959822,3.4463296384412696,,,,,
169,,,,,,,,,,,,,,,,rucspa1,,,,,,,,,,
170,0.6137001004341638,3859.375,2.1194287742602382,5.177324669894574,4.1332109305501215,,,,,,,,,,,rucspa1,0.07544846381966519,4343.75,5.341326736662398,47.59064073570232,2.7023806737593703,,,,,
171,1.0,3984.375,1.052321498180794,2.517907285644185,3.173355215964584,1.0,3859.375,0.6490343528811624,3.1848303947031407,3.3226291737767246,0.2882979271770141,3312.5,0.6026131368621446,1.4050823205185736,3.653477164939477,rucspa1,0.21039796858051896,3234.375,6.181149178427821,15.197529290074641,3.1773872964596395,,,,,
172,0.4874291998938338,203.125,0.7388882208721985,1.9509499951867628,1.0763264142481954,0.6848259101807688,3859.375,0.690360901685265,12.691398592740311,0.3769079096872453,0.571063109603422,296.875,0.1889938042497178,2.3313452920205577,0.3118217616558856,rucspa1,0.4530947145935644,93.75,2.0380133871256008,1.8284701696690402,2.66207137328967,,,,,
173,0.22476964729422466,4109.375,2.6438189437535184,11.609452556375572,2.58643703784713,0.6149513214780375,3265.625,1.9217552670539344,10.388296917039924,3.3444634994638966,,,,,,rucspa1,0.3636247021550623,3562.5,5.422128256451846,9.42839865142281,2.754316223986799,,,,,
174,0.5413639563655089,1437.5,1.0371477673493446,2.1803781318089084,0.6433948929864064,,,,,,0.7011438935577329,3171.875,0.8028719657785433,3.3460919099311752,2.0198127124788607,rucspa1,0.5107858194779449,4906.25,3.8242363399077592,124.68976253898667,1.932490190960364,0.7643237254695305,3750.0,0.859345145679463,8.486216968528282,2.6528193250993617
175,0.6492333104984174,2843.75,0.6456134675527176,5.701795694573718,1.2023512878485358,0.5890930287523287,281.25,0.3748572583270137,2.4336408724427727,0.36569967411232507,0.6691532966750064,578.125,0.182423719745025,3.0225478747409227,0.1659057540114145,rucspa1,0.8918959921926926,3734.375,2.8296100358961,129.50491183411654,1.4355926142164492,,,,,
176,0.2506168203261624,4062.5,5.5735741339406975,9.34101563774982,3.0912925112505336,0.5795303778708217,3843.75,2.4778390948508573,2.378293097456577,3.369247659057181,,,,,,rucspa1,0.3903314649175255,46.875,7.029460927023876,11.481648793065984,4.265438194564966,1.0,3984.375,1.8645618164756872,2.743617279218256,4.46147836978367
177,0.6824486604335502,2625.0,3.9496398450023107,3.149097092033344,2.2940908709418033,0.5611940781553243,2781.25,2.841826395594185,6.836735446478117,2.7258656431109043,0.7038582536006479,3906.25,1.863178450420804,3.376761338644513,3.169861188628824,rucspa1,,,,,,0.6121604992921673,3609.375,2.4107460984946902,5.156772315222838,2.9561486884451336
178,0.7049266632060509,4000.0,3.1108362225432162,10.166964025268443,1.8272591101407123,0.7449322273284242,3531.25,1.7333217904617786,3.92052664876482,1.2066785087015952,0.3926629587769391,640.625,0.6801658741264103,1.6465322088476455,1.7256253397530732,rucspa1,0.6873898799560747,218.75,17.13444922675877,3.1988727679688957,8.631451375985812,,,,,
179,,,,,,1.0,3796.875,0.9326432650471044,3.4258521026015103,2.967015658868404,,,,,,rucspa1,0.8812921331726841,3968.75,6.275604023765893,8.42404152923325,3.195558634094484,,,,,
180,0.4161393282637731,3093.75,1.3785379447262425,8.563686924025035,1.2181991542450197,,,,,,,,,,,rucspa1,0.7615271671139385,3781.25,3.666147418421095,4.193349774470049,2.1400746913830444,,,,,
181,,,,,,0.30503730384499195,515.625,1.0169037218101151,10.072483082514523,0.6585172567538886,,,,,,rucspa1,0.0898922262231322,4281.25,5.227410895130479,49.44469358090848,2.65531694069496,,,,,
182,,,,,,,,,,,,,,,,rucspa1,0.3571029352246912,3546.875,0.2103325281554314,21.77642544517289,0.11058936754655764,,,,,
183,,,,,,0.6463284967820561,3343.75,0.668155190088441,2.8274825393092726,2.835585511233436,,,,,,rucspa1,1.0,3953.125,5.535952785037153,75.55058950235602,2.7809252846744084,0.6402588118814441,3734.375,0.5712646171747884,2.7797762197595257,3.6771349994396823
184,0.06525301814802864,4234.375,0.4896004228661218,18.1867396526049,0.4036488827649142,0.35631887026636977,796.875,0.2792540471167707,7.767821315608728,0.4577858255697705,0.38902128308814543,2890.625,0.2533748290496665,8.183591116352005,0.3145804241495459,rucspa1,0.5025532276898181,62.5,5.5866602151425875,2.0102653302099465,13.592642344641945,0.6437961240840107,3312.5,0.27445148990268675,8.422143055814331,0.34434637291187137
185,0.9850371981173566,3859.375,3.9595540374499985,66.83240263710114,2.188401557227676,,,,,,0.7966312870066279,3453.125,1.2160914063872128,4.9171772062725845,2.725844838835817,rucspa1,0.7795471891800543,62.5,8.823697693620284,4.536118166425863,5.041798333329134,,,,,
186,0.6794101041554124,46.875,2.479777013753926,3.119249898271186,1.5175340964247674,0.6802302969707064,3765.625,2.2935823756389198,3.127250613571704,2.9696516668473523,,,,,,rucspa1,,,,,,,,,,
187,0.3052714068576509,328.125,3.9075819994475913,11.515288242009651,2.3418111215423654,,,,,,,,,,,rucspa1,0.9295486939617142,3968.75,8.26712311349081,14.194201019588833,4.217484555492442,,,,,
188,,,,,,,,,,,0.7031770130434958,3531.25,0.6482819380263432,3.3690113095807415,1.8513540736645595,rucspa1,0.2462775147438855,3968.75,7.670027321731326,9.287237858668108,3.892123707747269,0.4789863214348265,78.125,0.9186144828715131,7.677341621846958,0.5563613800655961
189,,,,,,,,,,,,,,,,rucspa1,,,,,,,,,,
190,,,,,,1.0,3734.375,2.0237171035137194,4.547933137379887,4.242722692474418,,,,,,rucspa1,0.11506553180927805,3515.625,6.221315533191193,30.51073381196508,3.1885485146736925,1.0,2640.625,1.5724633627878228,3.7015446938495415,1.1506206010633493
191,0.7407667638053541,3968.75,3.9508028325697184,15.430120221917036,3.1329952432539088,0.738334999238551,2828.125,1.4722774351150725,3.8216803817475977,2.336164992118733,,,,,,rucspa1,0.7264873187668848,3562.5,6.63315403007616,14.624550430225925,3.3293366973822924,0.6962792753348268,3156.25,1.1714557810726929,3.2924983999772053,2.9916290387677758
192,,,,,,,,,,,,,,,,rucspa1,0.917816078532422,62.5,5.2305028611989695,12.167830180682035,3.938451137682141,,,,,
193,,,,,,0.6886485596455338,3734.375,1.7574569371085855,3.2118046374268374,1.9397448980076455,,,,,,rucspa1,0.7302877170841147,78.125,6.923048919331476,3.707654650314416,4.388249263214059,,,,,
194,0.1022035522667255,4171.875,2.403583598999295,22.27676446091462,1.6216397790774746,,,,,,0.6117743972551364,656.25,1.189846184427387,2.5758218750379167,3.0066837905373727,rucspa1,0.9301632289332096,78.125,5.5987302577749904,28.63820834567574,3.9131094503957486,0.532059718292063,250.0,1.9291125499108128,2.137024827933377,5.593083206505972
195,,,,,,0.9416592647685009,3687.5,0.1908711860452452,17.140682167133292,0.5078954826505322,1.0,3796.875,0.11920584472057172,3.853989337657168,0.5158509570427584,rucspa1,,,,,,,,,,
196,,,,,,1.0,3500.0,3.0908683760138755,3.06386798357002,3.195737387586062,0.7772004520585125,3890.625,1.9951386820882384,4.488339447899705,2.895594130815253,rucspa1,,,,,,,,,,
197,,,,,,0.7783977315159452,3421.875,1.5028849705539329,4.512589184401577,4.285640018873513,0.7308091398519461,3062.5,1.1670706622851001,3.714836378359962,2.7563695837413187,rucspa1,0.2544063908549641,3484.375,5.5313213821743545,25.48305104410309,2.782018812946077,,,,,
198,0.5220281903044386,78.125,4.346454661441348,14.645215173795645,2.5311314894141246,0.15214175469233682,4125.0,2.7054880898302427,10.6149819852659,2.228694610471186,0.6845946693087048,3875.0,1.5521205127472109,3.1705234588401936,2.802219331082675,rucspa1,,,,,,,,,,
199,,,,,,,,,,,0.4902908384350005,3171.875,0.4873359349984941,1.9619031310514856,1.0453055351065488,rucspa1,,,,,,,,,,
200,0.0773865257632077,4000.0,0.43750535682561376,47.690610671384185,0.2775866322322044,0.5491826271385748,3718.75,0.3794167901301175,6.6545793942199225,0.30489638408443465,0.13753178134152,187.5,0.3174875208790404,1.1594630136695852,1.3413643353666995,rucspa1,0.4084875634678463,3296.875,0.5809639185012742,8.452907650282699,0.3521683681373133,,,,,
201,0.6331172509028199,3765.625,0.12171053663845816,2.725666449187884,0.2311396142710788,,,,,,,,,,,rucspa1,0.10652294134877782,4218.75,0.3267239853298172,32.457464597667354,0.18087539609691225,,,,,
202,0.0648095542079129,4453.125,0.25083848375075035,34.21762930105285,0.148026147173832,0.667537385199761,3578.125,0.13530350051674128,3.0078569904795245,0.16295613310985546,0.5324779292637662,468.75,0.10139434910455004,2.1389364536849413,0.36335046192650666,rucspa1,0.5293083708991648,203.125,1.8657364902129887,2.1245332148997544,2.3620608664188705,0.6904880766141721,3937.5,0.12087060505715863,3.2308933014946604,0.1649655284366508
203,0.2014330636012056,3390.625,2.427260030878708,31.306079503791665,1.4933120636480763,0.7978056813919151,3640.625,1.0272248854822803,4.945737382158144,1.905024755173314,0.7895600891316749,3765.625,0.8154100253713149,4.751950311486837,1.6861358632302372,rucspa1,0.7529901982677303,46.875,9.954763114106592,4.048422341895102,8.335527610168466,,,,,
204,,,,,,,,,,,0.6407118371726848,3859.375,1.5169874360108102,5.566562461344604,2.4068548490410087,rucspa1,,,,,,,,,,
205,,,,,,0.6104015456094055,421.875,1.5512569695891574,51.3349059130221,1.262189603705288,0.9386721848468416,3203.125,1.1920731392729398,16.305814865614053,1.455744646307751,rucspa1,0.9689235099323504,3937.5,6.26320307548442,32.17866618215655,3.293770207140585,,,,,
206,,,,,,0.2282724506944697,4062.5,1.6681093104988625,7.774764559590152,2.5442575809913466,,,,,,rucspa1,,,,,,0.3550153325826445,3953.125,1.0229017767676176,6.2016978109212735,2.3904646035544177
207,,,,,,0.5032135925923773,3875.0,1.2780229588681165,6.03881256666196,3.3933795236646342,,,,,,rucspa1,0.12373356218639266,4125.0,4.3597058037527034,58.20147594292357,2.2052144065964034,0.4211425923267791,3250.0,1.1841091439589009,8.637705821366326,2.45892934750219
208,,,,,,,,,,,,,,,,rucspa1,0.07661580023730474,4750.0,4.2567068327566835,98.55052753056259,2.163698544397903,0.6437420107285219,3421.875,1.1965148429098749,2.806954595025161,3.0979253683292947
209,,,,,,0.4987068398065573,78.125,3.199738334423642,7.979362811286813,2.0122858659567497,0.6546373222872242,3562.5,1.9883686543280743,2.8955068527458536,1.648643239756953,rucspa1,1.0,3921.875,10.350363138900828,3.2151237944474365,5.3786224793917015,,,,,
210,,,,,,,,,,,,,,,,rucspa1,0.8811541426223279,3890.625,6.1466799421560525,33.65704188820544,3.1084261922884933,,,,,
211,0.15827501569609048,2609.375,2.301145272099117,22.57269340259947,1.953462350956568,,,,,,1.0,3984.375,1.4045163525967608,2.033961541871662,6.939639036822793,rucspa1,0.8397791747658587,3906.25,7.854809719839474,18.724157709310898,4.059574116486585,,,,,
212,,,,,,0.07061479551698202,4296.875,1.5428766300630925,22.595582433100503,2.8077741949989647,,,,,,rucspa1,1.0,3437.5,3.7866974420624464,24.70978493541187,2.0976743277421552,0.5633152466050185,3734.375,1.3171955586444355,2.2899814848710776,2.6967885385554458
213,,,,,,0.4324086500840925,109.375,2.262931123037569,1.7618309372546932,5.982369390032124,,,,,,rucspa1,1.0,3984.375,9.349951832723896,3.5566942246682633,4.955095854456252,0.4290379994098349,2296.875,1.2713518837733186,7.005720163277887,1.2077099782095846
214,0.023948385803487796,4234.375,3.037268433688583,16.39257572784328,3.2823241218710706,0.6319869163488057,312.5,1.5189066123544543,35.32483103867443,1.1521964491742382,0.7663090872980121,3546.875,0.780588008770907,4.279156551009066,2.511943034381608,rucspa1,,,,,,0.7837491343366572,3984.375,1.3001408520506337,9.248517890853577,3.4268108812309857
215,0.2677656076718288,4031.25,5.614288695366547,9.559780410946274,3.9347294344732857,,,,,,0.4757066304059169,218.75,1.0116219891118972,15.258632788344695,0.6847213554494351,rucspa1,,,,,,,,,,
216,0.9867667001563822,3937.5,2.3798836436798942,75.56694186766146,1.6343829344892746,0.7798775013228252,3515.625,0.8565339422345648,4.5429249895376245,2.1859310612311558,,,,,,rucspa1,1.0,93.75,3.724228574414773,12.668084709792275,4.0822100700565604,,,,,
217,0.8797208052473211,109.375,2.6698548614220945,8.313989813917733,2.494048447632196,0.8442766231895709,1078.125,2.232020258426224,6.421643432619348,2.4526959243608064,,,,,,rucspa1,0.1441590565463985,2546.875,5.621605857551142,26.874152464811264,2.930755189097314,0.7008507321703196,1671.875,1.6225113671191556,3.3428127946124415,2.4587767449687843
218,0.5910765197233647,3687.5,2.9637537201213737,2.445445292902974,6.024978728473818,0.5409974013084639,1390.625,2.0926416003004484,63.1804701818015,1.3313772502916128,,,,,,rucspa1,1.0,3609.375,9.800980859752476,3.7975048595278342,4.9654019379316034,0.9017670605513296,171.875,0.917207539821147,10.179884727184909,1.2976186614219287
219,,,,,,,,,,,0.8327998483816009,3687.5,1.6708003779631162,5.980855820527609,3.4132638644084037,rucspa1,0.4496333782018879,3531.25,6.393675613980653,7.267882610561543,3.29955360426809,,,,,
220,,,,,,0.6639427906479836,3546.875,1.3460591406975366,5.951367637243634,3.352530825474014,,,,,,rucspa1,1.0,3953.125,4.33091522703253,101.61896012657913,2.2387503941559608,0.6090565623125417,3765.625,1.194626564013654,5.1158295732768115,3.4002929546883194
221,0.060471903996717084,4984.375,3.366438489074075,114.95132552121424,1.8825705504207135,,,,,,,,,,,rucspa1,0.6697969746921333,218.75,4.969760315220028,21.199078940822872,2.5824636343468352,,,,,
222,,,,,,0.5743787744497016,62.5,3.7887122841028704,7.048520656180178,3.9457771042033536,,,,,,rucspa1,,,,,,0.4251798465439228,4015.625,3.1939198948966134,5.21902369282401,2.8105483312065056
223,,,,,,0.6401687368081164,1109.375,1.6721159569820587,30.56988406850613,1.9738130992063925,,,,,,rucspa1,,,,,,0.6946971408234581,46.875,1.2015715035675716,3.275436079102516,1.3296678754075164
224,0.2859064999287917,2968.75,2.4086994384343265,12.603391571415415,2.9949012342337027,0.4199768983077912,796.875,2.300550750331852,6.896277041948949,1.4088466511588091,0.6263395028640953,3421.875,1.4685704990438304,5.352452333950026,2.7780113316959243,rucspa1,0.16440002356035222,4406.25,4.852145126411188,34.705601744466485,2.486562933939269,0.6341596838807261,3765.625,1.560047157524012,5.46686603930209,2.897092764601884
225,,,,,,0.5992762033896001,3890.625,2.7827989352915754,9.981937768195394,2.709600719459164,,,,,,rucspa1,,,,,,,,,,
226,,,,,,,,,,,0.6400551143068891,4000.0,1.9799573041688991,2.7782031076074247,3.1858566581644445,rucspa1,,,,,,,,,,
227,,,,,,,,,,,,,,,,rucspa1,0.4252735458007635,3875.0,8.359749092147771,8.699790941355701,4.207537999183732,,,,,
228,,,,,,,,,,,0.8771849801562915,3546.875,2.118215857422691,8.142326575956076,1.9195926321840744,rucspa1,,,,,,0.6624864855813939,2750.0,2.2247620833172053,2.962844322612028,1.4579391188797468
229,,,,,,,,,,,1.0,3984.375,2.088806614409178,3.210463518509897,4.005609523285299,rucspa1,0.7136197069545471,3671.875,6.964670062384523,6.983720767694621,3.509266901758892,0.18136442413009868,3125.0,2.4640033280840448,18.32317143566678,1.8621468154918777
230,,,,,,0.7973229969560653,3359.375,2.1752167920604264,4.93395888522798,1.9142586481838435,0.7921311389324361,3484.375,1.279769187661191,4.810725352822175,2.1583774449491133,rucspa1,0.7155427124658441,3984.375,8.417658256578202,7.030932542938813,4.229935668751653,,,,,
231,,,,,,0.5591160392852167,1156.25,1.7183275384767032,2.2681705144790243,2.2123671889003726,0.5953840312404475,671.875,0.8951261824406491,4.942958643306838,2.6750426304047004,rucspa1,0.5326500638520635,62.5,7.2588101304359975,6.419172803846003,4.305550395592721,,,,,
232,0.6384413388635354,2265.625,5.6570605429233005,5.53160583600328,3.1029037936356363,0.7031845746572363,203.125,2.9984809978495237,3.369097137876833,2.013496912634915,0.5891353189724375,468.75,1.573211787706981,2.433891366614976,1.4532916263058449,rucspa1,,,,,,,,,,
233,0.6918739126613791,3875.0,0.500618480320588,16.2271232636825,1.2090451604174854,1.0,3187.5,0.37764052660943137,7.191750983393688,0.7342607538993987,,,,,,rucspa1,,,,,,,,,,
234,0.4999461814688296,3640.625,0.1944850085979134,13.998493243310095,0.4817040473619336,0.25637201431497325,546.875,0.13219747422862227,10.758067412740571,0.5898231195346961,,,,,,rucspa1,0.06301578849175793,4468.75,0.6041013828989865,55.49719980478304,0.4012683149296689,,,,,
235,0.6052485780751696,3359.375,2.6859564384368757,5.066479533494487,3.1571593413508108,,,,,,,,,,,rucspa1,0.2987491023008264,3546.875,5.539055240914731,17.11227755910528,2.8008186013915766,,,,,
236,0.7988544897755951,125.0,2.743171035628918,4.971525334492258,2.890975588562996,,,,,,0.6156695556701374,3296.875,0.9654398898228432,2.6019276244005307,3.8817459119198032,rucspa1,0.5136073976972804,3703.125,7.971236234261763,14.391666252447152,3.998796520089139,,,,,
237,,,,,,1.0,3500.0,0.8032187272514435,4.341301002028473,1.791873042175054,0.6161297458825516,3812.5,0.4887247380966136,5.210093719291108,2.292277707124983,rucspa1,0.08176928317327903,4062.5,4.183293572235652,43.56203649801054,2.1352148104066577,,,,,
238,,,,,,0.12431428261301525,109.375,3.0772567287330252,1.1419622133200535,5.313375210504431,0.5949274005379673,218.75,1.4602342228184058,2.4686932696214856,2.7343395416195744,rucspa1,0.5558831942688218,31.25,6.208791916556055,2.2516598946388338,10.408430512220708,,,,,
239,0.627276881008416,218.75,3.4366962979137914,2.682956728591284,2.8700477948462693,0.3544753267102417,109.375,2.6972628834050614,1.5491274638717452,5.105232937586856,0.7324914017020527,437.5,1.8222954853544104,3.7381975994888,1.4597257889267632,rucspa1,,15.625,5.308865444363279,1.748055149753447,14.55570085738107,0.6186131702121157,328.125,2.555276367838124,2.622009786117076,1.9502270311825902
240,,,,,,0.6870584038653058,296.875,0.97372082989536,3.1954844365578907,1.824081386333972,0.20180576489574895,2906.25,0.603607934301021,16.286762580165828,0.5795226818919118,rucspa1,0.4771371135485349,31.25,7.077661097368972,1.9125472966473884,14.40512169962868,0.4565199406640846,203.125,0.7964607891671567,1.839993911132474,1.8947627722495888
241,,,,,,0.6622771375675645,3921.875,0.5047636807080099,2.9610077114635938,0.9121189413856959,,,,,,rucspa1,0.6318417019249003,3796.875,1.179075363421669,2.7162228998462297,1.008912151022034,,,,,
242,0.7731442007617823,2875.0,1.4591877146646752,4.408086561410387,1.816586269189348,0.6016332984608628,3812.5,1.3439010025737734,5.0204999370498635,2.679594880483296,0.746028778858326,3937.5,1.2182195648685852,3.937453997758922,2.992490863352098,rucspa1,0.04906856097270496,4296.875,3.8957842149587982,64.14763199163625,2.152421872631036,0.6169003798316851,3718.75,1.269235180111632,2.610287109030935,2.5243291798711054
243,0.6110116483788126,3843.75,4.939004656585157,5.141542135296845,3.421414522216492,0.0026589110299034546,4046.875,3.530388162359728,4.010663998743496,3.3386900324943527,,,,,,rucspa1,,,,,,,,,,
244,,,,,,,,,,,0.2383053675129561,359.375,0.2756207192439255,14.441482886761847,0.1869649025576775,rucspa1,,,,,,,,,,
245,0.5835272107495728,1203.125,3.6286648288933447,2.4011172537822034,2.2646924706763767,0.14754258256360694,4015.625,1.926098831922144,16.42310772789378,3.6472819776769887,,,,,,rucspa1,0.7966443591747238,3703.125,4.559332413665417,78.67989269964359,2.368370150922726,0.7598952332286918,3328.125,1.6595373026299636,4.164848592749792,2.8237620522525133
246,,,,,,,,,,,,,,,,rucspa1,0.8432474255231039,3828.125,4.551155090829769,51.03584439807161,2.3183917225419233,0.6657155217957327,3312.5,0.7150997366076066,5.982928105856843,2.2825318217932784
247,0.3884364819398852,109.375,2.931214809173783,1.6351531287739487,4.235571204643803,0.6463771913864453,671.875,2.3651881931452667,2.8278718896009285,2.402289606100619,0.5316092486020005,218.75,1.6503146659716752,2.134969567642644,2.6709419708987014,rucspa1,,15.625,6.559215559741412,1.6973158461667004,14.446406266555446,,,,,
248,,,,,,1.0,3953.125,2.776408104153313,7.216980117069568,3.577723259441263,,,,,,rucspa1,,,,,,0.8462380838329032,187.5,2.5664249353395547,13.007121983486154,1.6773604064778225
249,0.1602134044100173,4156.25,1.90730798408442,14.289344534690429,3.021464286319898,0.4052492225856963,3125.0,1.4523381891736944,8.40688266392462,2.6325425380508354,,,,,,rucspa1,0.7636569639641024,3578.125,4.00252677178833,101.547311918066,2.0304114601696543,0.7369797015589841,3375.0,1.0981649537047216,3.8019879299325514,2.8854353207426087
250,,,,,,,,,,,,,,,,rucspa1,0.6936817681068196,46.875,15.437139471912065,3.2645787807652304,10.704122722314132,,,,,
251,0.3751767636392621,3812.5,1.4231489712241836,14.404073786404295,3.506505516058024,1.0,3187.5,1.3491752687919072,8.367413550464361,2.4941942863757527,,,,,,rucspa1,,4109.375,7.742751058056575,6.30056468670125,3.89787095165476,,,,,
252,,,,,,,,,,,0.9415426163530176,78.125,1.3243833160023943,17.106478901602678,0.8177643868630097,rucspa1,0.2985152349995304,3781.25,6.358992508317031,11.404381676050575,3.240561626441897,0.6921748446136733,4000.0,1.3706245361727718,3.248597401810713,3.2562206840439085
253,,,,,,,,,,,0.7207267486290111,3171.875,0.1248928595467127,3.5807224468898085,0.2787248350246109,rucspa1,,,,,,0.4541187546775478,421.875,0.1841519583536824,1.8319002687284112,0.4650155877751546
254,0.6510041408221794,46.875,3.1372210089202595,2.8653635099162584,1.8282742990858531,,,,,,,,,,,rucspa1,,,,,,,,,,
255,,,,,,,,,,,,,,,,rucspa1,,,,,,0.6390032431994164,3687.5,2.488764930162196,2.7701079889546065,2.75357228135838
256,,,,,,,,,,,,,,,,rucspa1,0.027280471709140386,4671.875,5.283796364560751,45.23400499351675,2.688898171782596,1.0,31.25,1.4180806017650105,3.8304936800581135,1.0716080886022816
257,1.0,31.25,2.8554613175195525,3.366493724831225,2.0414027256117566,1.0,3859.375,1.3452088736613683,4.3507881294638375,3.3400610241959066,,,,,,rucspa1,0.1473509307554468,3234.375,5.6164711443356445,37.530094331014745,2.8989738700637258,0.6094713976374359,3468.75,1.3061919785855332,2.560631907497537,3.7362519059385297
258,0.7657907198289361,140.625,4.765792641407425,12.809056916142831,2.628523172051414,0.6397343597595243,3343.75,3.0960478437158647,5.551459191792502,3.7841619857794,,,,,,rucspa1,0.3765689743426154,3609.375,5.913931016516499,16.040266827361336,3.13816564824863,0.5169558973441892,3281.25,1.5209893492870616,6.210613034101414,4.267729961901927
259,0.12442100890255847,4000.0,1.29268951801706,23.984129602834372,0.7850344129493301,,,,,,,,,,,rucspa1,0.457224931097249,62.5,10.762096480024011,5.527151433216455,7.728636299216541,,,,,
260,,,,,,0.7689778167641417,2718.75,2.6372801425561354,4.328588648905054,2.1207051810638693,,,,,,rucspa1,,,,,,0.5766188706201727,187.5,2.488433695494628,7.08581415613499,1.3606951634521136
261,,,,,,,,,,,,,,,,rucspa1,0.5459638496307683,3468.75,6.475106165400675,6.6074033919112765,3.2501180584445377,0.9128758770692676,203.125,1.0664616306424968,11.477877381848009,0.6529026827215789
262,,,,,,,,,,,,,,,,rucspa1,1.0,3859.375,10.076218438220387,4.263809640203449,5.059826404702843,0.9104510695219244,203.125,1.5254699718650997,11.16707921201618,0.9463774168927079
263,1.0,3984.375,2.222800175481355,4.007476088262649,3.753442880964189,0.5845255340877431,1250.0,2.0028758439406524,48.13773562735323,1.3775051799384919,,,,,,rucspa1,0.9566806369952916,3421.875,5.257761062708521,23.08436529621432,2.6778898851151967,,,,,
264,,,,,,,,,,,,,,,,rucspa1,,,,,,,,,,
265,0.725614786242567,3734.375,3.697156223234748,3.644511255931008,3.672151098648032,0.37634185474376025,234.375,3.6810484188930563,14.43098285247635,2.996234797780841,,,,,,rucspa1,,,,,,,,,,
266,,,,,,,,,,,,,,,,rucspa1,,,,,,,,,,
267,0.31651220700196314,2031.25,2.0151688713064075,10.241587445615297,1.5477248052311334,,,,,,,,,,,rucspa1,,,,,,0.39058448612562413,1062.5,1.0722781791803435,9.845499274960751,0.9654068098873564
268,,,,,,,,,,,0.7883077475962916,3750.0,1.3099446151384109,4.7238384430477245,2.3123602848291664,rucspa1,,,,,,,,,,
269,0.30631453804011244,4312.5,2.6161372578398714,37.480964249332146,1.4433776394529487,0.7732847431133028,3328.125,0.9948336721862931,4.4108191646747335,1.6481388771038763,0.34008779687860835,3406.25,0.3230253797587124,1.5153530958663737,1.7251237898238432,rucspa1,1.0,31.25,9.600555875942492,3.651875061346239,10.236474595020152,0.7770826243413542,3812.5,0.42436016329971227,4.485967040681942,1.6327872870129867
270,0.7552981337212059,3734.375,5.318195093560485,36.77944977234506,2.898867615025334,,,,,,0.7034379786092254,3093.75,0.6774063533169321,3.3719759371423947,2.466713089583208,rucspa1,0.8851880165870923,109.375,7.184373298141923,8.709892210498781,4.352421047368265,0.07299848229857643,3796.875,0.7462580723456798,1.0787468854199744,4.447208214928461
271,0.4794127100360493,3640.625,1.3055456558857377,9.604537214779556,0.9011904811353784,,,,,,0.3738620044169949,343.75,0.25031071862732723,1.597092026125786,4.100982567176836,rucspa1,0.9152841937863284,109.375,9.761040807967673,11.804172617773185,5.874911126877594,1.0,3250.0,0.2763250704641508,3.636443962073941,0.9994676031304932
272,0.4274512196625045,796.875,0.8194092127917347,3.4931521447326763,1.770800664294352,0.3787942042837513,359.375,0.43262148317720817,1.6097724890782814,4.036611600460357,0.9626567965418984,3453.125,0.36369989529815705,26.778634594698843,0.4470415278086022,rucspa1,0.9104752029900596,109.375,9.264268241204787,11.170089555064424,5.812433735633961,0.07042777258114663,468.75,0.4298944848384325,1.0757636367608612,2.351120508399376
273,0.4583074203681013,359.375,1.3982689747117023,1.8460655316333463,4.56998925191642,0.24207673321126025,468.75,0.5451347211070607,1.3193947775701886,3.873772160410359,0.4490409457158082,2781.25,0.3592688599723797,7.260067638232782,0.608097229694985,rucspa1,0.7495550183343243,109.375,9.153586685223269,7.9857858867774905,6.035689552626524,0.8143270489644607,3234.375,0.4972642891399172,16.15744233755285,0.6640937722154978
274,,,,,,,,,,,0.362927552394436,421.875,1.6611707891030087,31.39360378112407,1.3323202283745703,rucspa1,0.6564819210157099,3562.5,4.409214448961287,5.822109875304308,2.423835669339548,,,,,
275,,,,,,,,,,,,,,,,rucspa1,,,,,,,,,,
276,0.4113205692101071,3531.25,3.3911393238287277,8.493587067057831,3.9860383447262886,,,,,,0.6464780926583131,312.5,1.213933044706843,36.77282717145789,0.7782431718342953,rucspa1,0.15633218019167427,3953.125,5.993441950226432,22.520712007620066,3.021660969950735,0.6931109837131464,3109.375,1.2692801150443402,3.2585069746037614,2.185241686744157
277,,,,,,,,,,,0.3905365475411468,4015.625,1.6716383095589302,3.2815749524127966,5.421831842832866,rucspa1,0.11064063528580116,4125.0,5.968764382058157,33.732146070830076,3.2973282569962064,0.3999142043805086,250.0,2.0017623722149835,8.332141897873637,1.3219709042053138
278,0.6053602486376783,3875.0,2.5933998190692757,12.669782967224364,1.3378260841177636,,4140.625,1.3449858179534857,8.592804872518059,1.9047184750436017,,,,,,rucspa1,0.6247434668299883,62.5,16.117482523832496,2.66484367787661,9.001613174411004,0.6212954268727247,3656.25,1.2826091478119728,5.281161469702767,1.604019434604521
279,0.03905229258297505,4406.25,4.09287357630221,87.41370560713176,2.2244272752779315,0.4227610926334197,218.75,2.1747743889118203,8.661924787451495,2.597025032286755,,,,,,rucspa1,0.3778821514364199,671.875,4.3058913806406975,6.429649959787646,2.1786857844247054,,,,,
280,,,,,,0.2465032813626983,3968.75,2.0276482209006788,9.290020549338948,2.750941460199704,,,,,,rucspa1,,,,,,,,,,
281,,,,,,,,,,,,,,,,rucspa1,,,,,,0.6649273646511684,3531.25,1.0671021289095697,5.968855075013438,1.935380725849796
282,0.7410674308117358,46.875,1.9541866151588525,3.86200933754657,1.8540859356435904,,,,,,,,,,,rucspa1,0.16243301457824544,5015.625,4.619977037975762,81.18753626106546,2.5036166775866877,,,,,
283,,,,,,,,,,,,,,,,rucspa1,,,,,,,,,,
284,0.2927721983325557,3718.75,1.4685983702738707,18.381630316780047,3.2693638536802516,1.0,31.25,1.0526568449221163,3.2506514250177787,1.4481038516342746,,,,,,rucspa1,0.6488750174548095,4359.375,4.506677358048264,88.28765123828873,2.3962883191082107,,4062.5,0.39228446376694937,4.687870315451222,2.8465373047693108
285,,,,,,,,,,,0.7477028188618171,3015.625,1.6552683084914672,3.963579757366773,1.5832206949960477,rucspa1,0.21203724018282927,4078.125,8.373649390488245,12.690955093258822,4.195181984509778,1.0,3859.375,1.8915715198439749,3.441336912961333,3.3750393780067727
286,1.0,31.25,2.361764317088804,3.421205551333298,2.760780651277084,0.6656165356683919,4000.0,1.0733218499809238,17.943471014612726,2.508661905535479,,,,,,rucspa1,,,,,,0.5334250420912953,3828.125,0.5109771253232225,6.429835011820358,2.539710190787282
287,0.7470936465304013,3671.875,4.629801684481662,71.17258919382482,2.428859867167875,,4156.25,1.9542100182747597,9.540307110138826,3.659206905454173,0.4586041667394111,3875.0,1.138650626840663,1.847077385094451,3.78807815090378,rucspa1,0.3372955326100453,328.125,5.447322358592106,9.053809496155734,2.873167512319445,0.5912402826841767,3796.875,1.2319379049454031,2.4464250209551888,3.7506857429312475
288,,,,,,0.20168214489363726,3656.25,0.8313776065587297,21.294776123646926,1.9199887426516735,0.75912388886661,859.375,0.4753719526727816,8.303023452966903,2.5458702569901277,rucspa1,0.9577797536812986,109.375,5.863173464075048,23.68531894512073,3.394730919489051,0.5361563867157317,468.75,0.7904192084136437,4.3117980774573965,3.6447657078214486
289,0.7662148146693641,62.5,2.2286440575600706,4.2774310039608725,2.5017131254937257,0.22647363067254625,2296.875,1.2378884184032353,16.806149751950812,0.9708037760670172,0.6574809155874254,437.5,0.8450437586277675,2.919545349465753,0.7642457468853504,rucspa1,0.7746108789723813,3875.0,6.805214817984427,13.310314119519491,3.597380118372297,,,,,
290,0.6466775850202675,3593.75,2.159392547901559,2.8302761376103547,3.2892478879743203,,,,,,,,,,,rucspa1,0.9262457278965612,3921.875,5.430202317333069,40.67560989270658,2.781155871039241,,,,,
291,,,,,,,,,,,0.6745878248702812,3968.75,1.3712598180763602,3.0730257698605494,3.9415324831068856,rucspa1,0.22813713349913525,4234.375,5.679810172641928,23.320204638941306,2.9156283733543638,0.6948681394580224,3468.75,1.4156607897323172,9.831814988678587,2.701812809255885
292,0.6553912513574107,4046.875,3.6382955505437566,17.411049555862828,2.5117923352259908,0.6188370573795554,203.125,2.623954459161132,2.6235499000116143,3.964444103139424,,,,,,rucspa1,0.6079938011375399,62.5,8.217682728708947,2.5509800684321866,6.938406517297794,,,,,
293,0.7973588659469232,3828.125,6.222572431799253,4.934832232719714,3.9235568948795794,0.5547138816194896,62.5,2.8674013146530477,6.737241239207934,1.7930171555333387,0.7269261644862436,3390.625,1.8441035857096055,3.6620132357924997,2.574246452794957,rucspa1,,,,,,0.7779932163984544,3703.125,2.036194352480229,4.504366865630487,3.729416304024479
294,0.6900736214055032,515.625,5.848439359485513,3.2265727252225465,4.678632398587727,0.5577455085673987,250.0,4.2232068335230215,2.2611415358624978,4.5794380543260695,0.4835841322400627,4015.625,1.8170549391088069,5.8092715334506115,1.6091303176167246,rucspa1,1.0,31.25,12.313899413431347,3.477640286480609,7.75354114220898,1.0,765.625,2.299081690907013,3.2300410836128317,2.6297424125029263
295,,,,,,,,,,,1.0,3562.5,2.158912640636973,4.503867355352639,3.161043993818619,rucspa1,,,,,,0.5621737149978772,218.75,2.197669713633049,18.272087067502607,2.1108477784705557
296,0.6082249537589414,453.125,5.872434837918937,2.552485181469933,3.8290110557454695,0.10904246477194346,4140.625,3.036810222778198,11.223879483145422,1.7183931433363877,,,,,,rucspa1,0.5063398600443911,218.75,6.869943761624378,2.025685120313588,5.156263653238165,0.5925379410455941,656.25,2.3757003207984644,2.454216234429566,1.763702238174155
297,1.0,390.625,0.9437946652054438,4.765040806657017,1.1100697780433757,0.4184343586552881,218.75,0.6611816620107894,1.719496354165237,1.183561759896044,,,,,,rucspa1,,15.625,7.14557938593418,1.7583653295491533,15.657991803428773,0.6008819753255223,625.0,0.4240196501946644,5.01104905405164,0.6548766401340207
298,,,,,,,,,,,,,,,,rucspa1,0.7154031443754527,4234.375,4.772253506964807,80.81607208739723,2.38682783719446,,,,,
299,,4812.5,2.680053574707456,52.3050359882829,2.417938754297332,0.6040569438958321,3734.375,2.042902519791046,5.051231406048004,2.2936115191751734,0.7268705867469072,3593.75,1.3328928469464203,3.6612680710200887,2.648548043746028,rucspa1,,,,,,,,,,
300,,,,,,0.5527166577631409,3328.125,0.5910672158837591,6.7071578945843,1.6837576240503906,0.7857737117564472,2953.125,0.4199493567512241,4.6679611928070415,1.1446730270502978,rucspa1,1.0,3859.375,7.828355083197569,3.9719400430068106,3.9146436919883514,0.4470316570993225,3703.125,0.43241728020075376,1.808421789128744,2.5639282574855864
301,,,,,,0.875045709163607,3359.375,1.3059044737636056,8.002926456597919,4.32664044372886,,,,,,rucspa1,0.6365276844289807,3609.375,5.65136520390049,46.771099948266475,2.8257634357684545,0.6343488613489598,3890.625,0.9144031994863506,5.469694439837923,3.190818959615584
302,,,,,,,,,,,0.5757391848216546,3546.875,0.7093529705405093,2.3570406792803453,3.757460934786568,rucspa1,0.8977356397642529,3875.0,5.547595880658236,48.892888866401215,2.774446632358319,,,,,
303,,,,,,,,,,,,,,,,rucspa1,,,,,,0.4701003671015408,4015.625,1.497660523681945,5.66144947787663,3.0448908844974882
304,0.7530190520933977,453.125,2.6081946317154316,4.0488953033663035,3.311193521488549,,15.625,2.3395379450905684,1.606348556740242,9.118684936076944,0.5284368455517167,343.75,1.2623655971627157,2.120606732241356,3.435573021133929,rucspa1,0.4474367431559405,78.125,4.365768093024518,1.8097475494687352,9.09492061354596,0.5740007738105906,171.875,1.863941105525381,2.3474221043663963,5.3206181163059085
305,0.6476249650582824,500.0,1.1421104713623274,2.837885493691114,1.0812129054390276,0.553271906180222,250.0,0.9977506683917556,2.2384981241037116,1.1291191627639263,0.6947017365504669,609.375,0.2970236300775779,3.2754853850169496,0.4751524724825207,rucspa1,,15.625,7.888347454157393,1.4414815123834357,17.034970101136317,0.5044467072099788,375.0,0.8315530390747153,2.017946433914073,0.9413284204894884
306,0.05609702086965829,4468.75,0.6099549428608018,33.901789386747105,0.3774446228954115,0.6099574303246057,437.5,0.3997503100318831,2.5638227151262782,1.1382194279632591,,,,,,rucspa1,0.4446550907287846,62.5,11.032949338335056,5.402048258508266,8.204912091315553,0.5318425651641032,890.625,0.17305198118791992,2.1360335767187597,0.3534977344918373
307,0.9346769688335376,3203.125,2.35296873538647,15.30853639433397,2.1469738792631743,,,,,,,,,,,rucspa1,,,,,,,,,,
308,,,,,,,,,,,,,,,,rucspa1,0.3164859833680637,3562.5,5.4159440393320875,10.24119451784324,2.713252662535984,1.0,3937.5,1.45028085653438,7.601897295184614,2.426902259552444
309,,,,,,,,,,,,,,,,rucspa1,0.03213672141689505,5078.125,4.807444558792458,73.35746852999716,2.441196914365623,,,,,
310,,,,,,,,,,,,,,,,rucspa1,0.6598377972773544,3531.25,8.545401976121928,5.879548003840738,4.302575036290487,,,,,
311,,,,,,,,,,,,,,,,rucspa1,0.1502038304583987,4015.625,5.095657870422665,21.18154993533284,2.5719492494554492,,,,,
312,0.5088190600404006,453.125,2.0999733525208053,2.0359096183216145,3.652044792041908,0.5952472858651106,234.375,2.0957816729264507,2.4706443343743363,3.6506835675127314,0.4041050767039517,296.875,1.2103390788851232,5.034444635651917,3.93323088245628,rucspa1,,15.625,4.263930512867697,1.0512531158263512,13.416349340571164,0.4572086602155722,109.375,1.9231618379788993,1.8423285832031784,7.020460909237942
313,0.780572785285136,281.25,1.7112740724484707,4.557319844302157,1.886149337887153,0.707223981456967,578.125,1.4615227813117284,3.4155802957372927,1.3315049793791909,,,,,,rucspa1,,15.625,6.993314518691763,1.5582558559181576,15.816162703355074,,,,,
314,,15.625,6.3748849649241075,1.5140190876067403,14.36203466382331,1.0,296.875,2.3844709100474764,4.766856021446216,2.1206413460747404,,,,,,rucspa1,0.5791483442239471,140.625,7.210039082160788,2.3761341704976644,6.403207922390183,,,,,
315,0.3521105742264391,296.875,1.9880495395999476,6.173893014574388,2.0956997676617903,,,,,,,,,,,rucspa1,,15.625,7.289327659063579,1.454942066846011,16.75116584805902,,,,,
316,0.7454669496606775,609.375,3.556597705031833,3.928762880368119,3.0450913174636134,0.3459711566542403,406.25,2.5525671809037833,6.115938219998893,3.3051093755310426,0.4684194430573636,218.75,1.1630406354574987,1.881182422757256,2.4824252296771543,rucspa1,,15.625,6.125125968865517,1.611065282355284,13.402006725417086,0.508718257546457,500.0,1.5063049962959119,2.035491884973851,3.1482468754393924
317,0.5464563484071214,3484.375,3.251053988768031,6.6145783089759504,1.6699719558562989,0.4703132815179515,218.75,2.7933862137277763,1.887908390200444,2.1598709990411127,0.09893695716571538,4046.875,1.7899280434560478,31.07440730442821,1.9867631822412568,rucspa1,0.6615655928047195,31.25,6.882842916897088,2.9547823115484486,10.613017249196801,0.6082320550006812,437.5,2.2064422786444475,2.5525314481809858,1.3637703018403633
318,0.6184919420185334,3484.375,5.21650310986642,5.242353229920923,2.6661479527558893,,,,,,0.6083927921634041,125.0,0.9289153532613009,2.553579147647521,3.7439699246000746,rucspa1,1.0,15.625,5.312354417365443,2.1403918228209045,9.312469881542183,0.4908598246799855,453.125,1.8844439896570029,5.8922869288686215,2.345640680093913
319,0.5820930599603191,234.375,7.9886144814174065,2.3928772274158656,4.994484615521387,0.6108619503016361,453.125,5.9468710315090085,2.569782114021333,3.3783964323546134,0.582414480006253,671.875,1.9107881761089345,2.394719050638954,1.4215943611631878,rucspa1,0.6289023570174994,31.25,10.324131882391557,2.6947085730942137,10.247304582785,0.13023318829826624,109.375,2.818103998033949,1.1497334533188956,6.4748148819427165
320,0.6794324963952112,46.875,9.68381204227778,3.1194677837116287,9.02859199190578,0.6671958847364212,437.5,5.380634125431776,3.0047705365902893,3.38836279999258,0.5867598393319853,656.25,1.6420985902722451,2.4199003271692447,1.4523526333426808,rucspa1,0.588296058638851,218.75,10.733316342099453,2.428929868132583,6.2628930942731404,,,,,
321,0.5475519062812875,218.75,1.8750534673991663,2.2101982832569984,1.2937206687495597,,4328.125,1.8194008126055023,20.918151476470943,3.036998100619776,1.0,3906.25,1.1296188794539757,11.647779274979714,3.2276540077684386,rucspa1,0.480721509612856,3640.625,5.849966405304802,7.702995741298338,3.01139158411776,,,,,
322,,,,,,,,,,,1.0,31.25,1.4394348305348743,3.4119465539700853,1.6349356474110706,rucspa1,1.0,3609.375,5.87055511339191,4.8147917604562736,3.01814675350594,,,,,
323,,15.625,1.9152805798098915,1.6762298273229703,4.9552494482564695,0.7589412829552066,3500.0,1.8689186277382983,8.296733777224745,2.6567576614595545,0.025863854810170173,4140.625,1.4561635997415836,10.26550554496805,3.6537772646740914,rucspa1,0.28844646457671064,4359.375,4.413480445733058,40.755893346448566,2.5830431541884806,,,,,
324,0.9833243662055128,3921.875,3.2649586265355466,119.93547139786664,1.7173063895639336,0.4158340214402616,343.75,1.609402779594162,6.847368978696778,1.330625493090615,0.4943014490684343,3078.125,1.26719640836106,1.9774626566713775,2.4144036222278107,rucspa1,,15.625,4.8420698692407775,1.6933148979150197,8.347120704457716,,,,,
325,,15.625,2.5902879095424582,1.4869606389249423,5.269260994615936,,,,,,,,,,,rucspa1,0.8025237752555832,4375.0,3.6635698220156963,136.72531989582387,1.954421482018471,,,,,
326,,,,,,0.64936499940392,31.25,1.4646612664568053,2.8519685664579937,1.2850531769314482,,,,,,rucspa1,0.9882729516838976,3937.5,4.267720122782915,85.27294959865506,2.1925251946499147,,,,,
327,0.7181108076863144,46.875,3.884087648949772,3.547493225235831,3.0499163227424706,,,,,,0.8093378284676493,3687.5,1.057377242342772,5.244878897386967,3.2675445145917177,rucspa1,0.8097627014324275,4062.5,4.22597948618119,63.079112720566656,2.3564249753898165,0.6447311087173329,3468.75,1.2127257046315412,2.814769388869337,3.1726869020672783
328,,,,,,,,,,,,,,,,rucspa1,0.049151666827021316,4765.625,4.332681075040808,79.92862515348601,2.172515461283277,0.21166796970962096,4140.625,1.2082864198192511,13.953511435972214,2.7955906010976013
329,0.3216434953821261,3781.25,1.020496016817448,11.793208947714731,2.9475387466256717,,,,,,,,,,,rucspa1,0.03330982091151013,5593.75,3.7252279948625673,144.82406362295788,1.8743163830870304,,,,,
330,,,,,,1.0,703.125,0.31042001537206065,4.402186313013225,4.2429758386152026,0.3390317913498217,203.125,0.21060160761813407,1.5129320698225242,3.1337048934596394,rucspa1,0.6760084582593404,562.5,4.363455868456962,89.5085095252677,2.2441833289105237,0.3865570313075807,468.75,0.29091999358794585,1.6301433890937638,4.129045661250871
331,,,,,,,,,,,,,,,,rucspa1,1.0,3953.125,7.214366222499522,9.268981493276527,3.6354672713918568,,,,,
332,0.17925273902665514,1734.375,0.7556755162775,17.057626221496065,1.0050255164674442,0.5819820772121542,4015.625,0.6641884499469292,4.78448384859098,0.7346140972732802,0.5375427793712653,1093.75,0.447295638430073,6.487086515637798,0.9002621087205037,rucspa1,0.5681031993956218,46.875,17.538825152816802,2.315367927247069,12.246326905865047,0.5867473161854837,2437.5,0.5369874527696851,2.4198269948776385,0.798309200307126
333,0.8763844376279881,3781.25,1.017157355095308,8.089596332463174,2.3007568070440243,,,,,,0.7569041198821259,3546.875,0.4762350502531518,4.113603239656356,1.9838087607208676,rucspa1,,,,,,,,,,
334,0.08949020005835906,4343.75,0.2941770611439608,73.5851497746585,0.19692876676350224,,,,,,,,,,,rucspa1,0.8832762314253108,109.375,10.862668735893324,8.56723538154202,6.6367668809157205,,,,,
335,,,,,,0.9233609503914694,109.375,2.394681785094909,13.048178508318706,1.357344000157622,0.3759350859705244,3562.5,2.0576599330587806,9.614384441610524,3.3054415809526225,rucspa1,0.6440558718774763,3875.0,4.8462555065179105,14.047148428527775,2.4833890436920383,,,,,
336,0.8625721082162345,3687.5,0.3800638842458056,7.2765432622181265,0.2854491137704819,0.3258908260238721,3203.125,0.2211643631051248,10.384074672521649,0.2961047499530832,,,,,,rucspa1,0.18960335492739144,93.75,0.6042751186034838,1.233963647406763,4.553662740862939,,,,,
337,,,,,,0.3717642960266409,3109.375,0.8607284739433071,9.550555567046274,1.1426546673286326,0.18950438543988224,3562.5,0.2657160464769455,1.2338129683067225,1.715990950614959,rucspa1,0.5624345934411199,3625.0,1.8539041731005304,25.139098829833586,1.0393155619803354,,,,,
338,0.2925463959055488,4000.0,1.9366881552718005,9.89464179627734,3.733274964477781,,,,,,0.7945016376686133,3593.75,1.0705004618281908,4.866218828485842,2.7882520408043536,rucspa1,0.8885113568333515,3796.875,4.984977157471243,44.847617281754964,2.5119494918901464,,,,,
339,0.2336283506902873,3000.0,1.9406371386896404,13.048499391916721,2.196973491961745,1.0,3187.5,1.2271896777630835,3.5881980004760408,2.3781329396843707,0.38790551684478025,109.375,1.1140378984396622,1.6337347052128424,1.768748366049703,rucspa1,0.7203784132064142,3765.625,9.534757002185968,10.728785407453444,4.901243656641973,,,,,
340,0.2267496074945479,3953.125,2.103480359460177,12.932421498808992,2.6027526123018263,0.6420803737927541,3312.5,1.940668143053211,8.381770040916706,2.4554039765924456,,,,,,rucspa1,,,,,,0.5538726315359382,3453.125,1.434071152028629,11.207561681799802,2.531235375084
341,0.29509876895358866,4031.25,2.155054885720629,4.255915393347465,3.8352960479645586,,,,,,1.0,3796.875,1.4634508120494676,4.183856764777232,2.8994288092930716,rucspa1,,4109.375,6.811439728382768,6.43839705014932,3.4102674545940843,0.6228958022639699,3578.125,1.6346339577530693,5.303573951197394,2.824818262479853
342,0.6080738042908587,437.5,1.4295671607520248,2.5515007951704405,0.9242482658681996,,,,,,0.6217474391438806,3546.875,0.24025798829540596,5.2874724640946065,0.3622218188710925,rucspa1,0.3394200567773006,1750.0,1.7772077855927764,4.541463952665937,0.9969638538054709,1.0,3968.75,0.26458393964230964,4.907638175629471,0.3754086416802461
343,0.10898158230886956,2218.75,2.5495490325240526,34.791648954158966,1.6247540146396005,,,,,,,,,,,rucspa1,,,,,,,,,,
344,,,,,,0.2086770109735787,3093.75,0.9224543230905696,17.691890914510708,2.3009536061246054,,,,,,rucspa1,0.8552253444289477,3421.875,5.869688427507193,6.907286334445615,3.0301830795883364,0.3328422315314,3781.25,0.8607279562453329,11.991166674658187,3.2758611351994413
345,0.3994876619768861,109.375,0.1950422138092516,1.6652447196871911,2.968408026276701,0.7496905253317134,3375.0,0.1131359528156542,3.995054527301505,0.17705455407697188,,,,,,rucspa1,0.5892561318830419,281.25,0.5340487676196541,2.4346072519219035,1.634466031134941,,,,,
346,,,,,,,,,,,,,,,,rucspa1,0.3961855263098691,3828.125,6.697284052791872,8.280689214756933,3.427191601092733,,,,,
347,0.3520945612215973,3812.5,4.026335493487776,9.260610639899452,2.7160105139784347,,,,,,0.7684199653043599,3328.125,1.6206652904398688,8.6363230864377,3.0035599079415216,rucspa1,0.7473684246975907,140.625,4.454911515155702,7.916666780888042,2.5613135055495833,,,,,
348,,,,,,,15.625,0.6431695129182557,1.8491812787218889,2.9443683078770397,,,,,,rucspa1,0.9895075811834712,3937.5,4.226538679777359,95.30690849136657,2.1864814163669606,,,,,
349,,,,,,0.7707395776934516,3234.375,1.147612805859076,4.361851862345787,3.3893611147983385,,,,,,rucspa1,0.669753272366319,3640.625,7.832042967555046,21.19627361687168,3.929693150591747,0.09668284774167923,1671.875,0.6719648956475426,34.31795789828527,0.40743383226245533
350,,,,,,,,,,,,,,,,rucspa1,0.8884597981799798,3796.875,4.584889906220451,44.82688679430521,2.3107833637814985,,,,,
351,,,,,,,,,,,,,,,,rucspa1,0.7713068156247249,3750.0,7.812596151357628,8.745341517122313,4.080860152460693,0.4686131063744348,62.5,2.561315414223981,1.8818680174386024,2.031742407838895
352,0.7073419254614666,3421.875,3.4543604465349067,3.4169568072803433,2.3647206102977427,0.14180554745450535,2453.125,2.519126399774967,23.30474164762765,1.6609055133195092,0.22518796910708735,687.5,2.2566655504924418,16.778262961428823,1.5579912251181618,rucspa1,,4906.25,4.437271078407195,57.217650551618355,2.310271825212221,0.27086699286722515,4046.875,2.483722862003741,6.857459408759838,3.030557771190007
353,,,,,,,,,,,,,,,,rucspa1,,,,,,0.4071317373622161,3375.0,2.8578400169614637,11.807007460402188,2.7045616262904484
354,,,,,,0.7227996887341639,2953.125,0.9877864854980104,3.607499556668955,0.9213741816367588,0.3769369928899137,3359.375,0.8297454206800869,14.444767057739682,0.9480843690856052,rucspa1,0.6163152965600088,125.0,14.98853279650201,5.212613330864264,7.872933447125876,,,,,
355,0.6278488865719114,31.25,4.8699901580177185,2.687080500145357,4.855248540024007,0.4455753786131607,3640.625,3.009521305048637,7.214686804482795,3.351917599566552,,,,,,rucspa1,0.8753538679180907,3937.5,7.020644265078302,8.022711842697731,3.8235651982771337,0.60330811811052,3718.75,2.5515028723764543,2.520848158618492,3.3637850067466983
356,0.6291545205015094,46.875,2.518327566907816,5.393081783563013,2.229034836024084,,,,,,,,,,,rucspa1,0.9510728931181074,3890.625,6.272120847285472,20.438567978563405,3.2771280574322383,0.380610058706181,3218.75,0.8676595037652097,9.686950981907842,2.6771240966143197
357,0.3320736714254949,4031.25,2.58436490966084,4.491513317647815,4.822370638036081,0.6234098719444148,3531.25,2.507052745007695,5.31081366982832,3.8995234228432087,0.490952492572973,3890.625,0.93228904446579,1.9644531903406917,4.151769439090429,rucspa1,0.4350516297029694,3718.75,6.543856401782197,26.551098805920105,3.2734083291494573,,,,,
358,,,,,,0.13619558727516878,4031.25,1.718055916299159,3.4730084215900665,1.5863222444265548,0.3339538544152627,671.875,1.3198642296716951,51.04751408800754,0.8125759719015668,rucspa1,,,,,,0.628361448477803,3765.625,1.3811404898412585,2.690786507223464,0.9731132436953132
359,,,,,,,,,,,,,,,,rucspa1,0.7745186358500272,3687.5,4.91722297906556,75.39425736617824,2.4778620301200647,0.481204161883482,2656.25,1.3200806702331018,7.710162083261792,0.909669720805592
360,,,,,,0.6934927253854719,406.25,1.9086162117547136,3.2625653053671466,3.1423597039440043,0.4806224662241044,3640.625,1.3391064189464017,13.4776719145122,1.5918303550207358,rucspa1,0.9025880902998364,93.75,6.248589348779579,10.265685202949268,3.3918680843612488,,,,,
361,,,,,,0.3334003774689235,3578.125,1.7915727746601289,9.000905186861672,3.8689283038320172,0.6132628651724183,3265.625,1.0740520238595859,2.5857356585263744,1.4159307655201636,rucspa1,0.2697828352419301,3468.75,5.091300557532113,42.453124215822406,2.566858210795448,,,,,
362,,,,,,0.3963504732122855,3296.875,2.58699918241242,9.93954229025681,3.186241257703176,0.28019262264097,4078.125,1.6584308151617515,9.724823918425187,3.4148897993218768,rucspa1,0.5917915700939171,3625.0,4.761113773766223,39.19566287173723,2.504209520400325,0.7827130804754974,78.125,2.5157504040027603,4.602209843962714,1.9194522060392856
363,0.5439974398649111,4015.625,5.178786797643318,4.385940288158707,3.1432772844534997,1.0,3609.375,4.319500428275822,4.2637866328866485,3.130103133880192,,,,,,rucspa1,,,,,,0.6598552565644829,3406.25,2.7781146102304533,2.9399248975593077,3.0937977235547898
364,,,,,,,,,,,,,,,,rucspa1,,,,,,,,,,
365,0.6449895712258538,2390.625,2.5183029988383163,5.6336373185036175,3.4976904706864387,,,,,,,,,,,rucspa1,,,,,,0.5706573804727914,4062.5,2.077330100562392,16.303995181536806,3.5788293109190215
366,,,,,,,,,,,0.4933950733733336,2781.25,1.733233860736385,7.8956989752050495,2.1743866779754053,rucspa1,,,,,,,,,,
367,0.5245465212401961,125.0,1.8573893149808471,2.1032551967196635,4.202890614487158,0.7090087389974147,343.75,0.7065988928978364,3.4365293189719393,2.1521552244867648,0.6893204312473531,1312.5,0.43810018305487775,6.437500888873501,1.1719070302307095,rucspa1,,15.625,2.7723964116387387,1.1753881808535374,14.210515117099321,,,,,
368,0.7035334824504802,625.0,2.1689613514214447,3.3730621868048445,2.0800828519014924,0.42768388395431545,109.375,1.4947474561149878,1.7472861098326575,5.472445204149497,0.6014273785046901,718.75,0.8028503000184486,2.5089530641827267,1.580054945168489,rucspa1,0.5314009054135349,31.25,7.907108133638363,2.1340203418073016,12.684022270356936,0.9212387233108144,1656.25,1.1619786342786775,12.696594596178087,0.872635460283788
369,,,,,,0.5240066272076249,984.375,0.2795930140370582,2.1008695859221405,0.4078099082998285,,,,,,rucspa1,0.6079765903977932,109.375,16.986385994045413,2.5508680744721803,11.52588989966882,,,,,
370,,,,,,0.3584934519095503,343.75,0.3297686072562802,6.235322167648422,0.6397261106130113,0.3440294033679204,2515.625,0.11911523782823533,9.146751441002893,0.1770044558784879,rucspa1,0.6127931351637368,31.25,9.824385390483917,2.582598840087369,12.771766242832914,,,,,
371,0.2187450857317804,2593.75,0.8968176423664308,15.359903382163141,0.6044090985426538,0.6930191632539909,1296.875,0.5001842644850766,6.515064657455369,0.5875475886904702,,,,,,rucspa1,,15.625,7.554523475272679,1.8546907992725596,15.343408955034434,0.7870836462351609,3218.75,0.423147566789572,4.696680092053782,0.5153089537348695
372,1.0,140.625,1.7334777935077088,4.160886823649421,5.160902489230521,0.5225259750227063,281.25,1.087794693915034,2.094354766309131,4.006007845554976,,,,,,rucspa1,,15.625,4.382105573664669,1.818915461258496,11.402453576094494,0.6420958644670334,1093.75,0.6508439597764413,27.940442725280825,1.9366552789970168
373,,,,,,0.4369551726923711,296.875,3.535994229018573,1.7760575206450362,4.8538012371441885,0.7146448001953967,578.125,1.5552789415262012,3.504404337768328,2.6371108455136008,rucspa1,0.7788316787902398,125.0,7.001207618734925,9.042886382011114,3.818066254655515,0.6274679128737528,3421.875,1.921519878898156,5.3686650603125665,2.7280409253518685
374,,,,,,,,,,,,,,,,rucspa1,,15.625,5.162407012141591,1.5859386453551376,16.55581709835007,,,,,
375,0.5767508009976318,3578.125,2.1062059195602583,44.890811476511935,1.3291856641444857,,,,,,,,,,,rucspa1,0.8202031355106258,125.0,9.725299712263746,11.123664507053725,5.131488649429474,,,,,
376,,,,,,,,,,,,,,,,rucspa1,0.10743678298876368,4109.375,5.1151582085333125,38.09253994787014,2.5851556723195985,0.716417970899542,3968.75,1.3950476183428062,3.526316541185878,3.2641059527253327
377,,,,,,0.7883097604202451,906.25,2.574141952330531,56.68660030723319,1.8587735729741108,,,,,,rucspa1,0.21695347283897404,4109.375,7.392232008701045,12.77063322949084,3.746577756002265,,,,,
378,0.5784909907383515,4015.625,5.545589209095283,4.744857063680256,4.061699773263056,0.43492148428019417,3609.375,3.747496025197752,7.078662325189868,3.628320438436696,0.5455702694818128,3531.25,2.4683147200469313,2.200560246926841,4.075268530798588,rucspa1,,,,,,,,,,
379,0.663246334898114,1000.0,2.8288549630182613,14.847648349980789,1.8906571173678248,0.7672722958256889,3578.125,1.2532462030651221,4.296867034149955,3.6510503108786834,,,,,,rucspa1,0.7800056245293947,4093.75,5.011973424726705,63.637990607949064,2.573978248879237,0.6904011433654013,3359.375,0.987222668908648,3.22998608867681,3.4360018676466417
380,,,,,,0.7306996205136088,1015.625,1.503201206938971,18.56662812557481,1.034390586224048,,,,,,rucspa1,0.7628277537771244,3812.5,6.5070969394463525,21.08172469430255,3.2822432449327934,,,,,
381,0.7067963563867026,3171.875,2.1570332254988362,3.4105988168376484,3.208766413442792,0.5086194626999267,3796.875,1.6575014130711567,6.105247913325428,3.389548797788068,,,,,,rucspa1,1.0,3437.5,9.699242876277244,7.294314758530136,4.852457904951975,0.5127338432654454,2906.25,1.4584048196499335,2.0522664793745657,1.8252165911628009
382,,,,,,,,,,,,,,,,rucspa1,,,,,,,,,,
383,0.6798316879860049,3593.75,3.0950287904937817,3.1233571920643044,3.7722655962619207,,,,,,,,,,,rucspa1,0.7245768301347031,3906.25,8.276867053671907,7.261553198222772,4.376033220404908,,,,,
384,,4031.25,1.4227832581088968,1.3530187234942446,3.4077046392822448,1.0,3796.875,1.2557282703972954,3.6031288658642215,2.5897739205675094,0.6617973668864461,3187.5,0.9679065518108874,5.913614514433675,0.8741545759340599,rucspa1,1.0,3937.5,4.701522328980333,9.702770147921,2.60526153821363,0.4816128930086521,3640.625,1.0672227736657125,1.9290603229001417,1.6923493006796582
385,0.5323026917687315,218.75,3.3784257189638285,4.276270067842754,2.123372923239049,0.4645752982053368,3062.5,1.4101527472026534,7.470705005937532,2.3599190482187677,0.2942116408567339,484.375,1.2380918284891804,12.751697989075382,2.0539105800017685,rucspa1,,,,,,0.2826672386927941,3531.25,1.3525598221886344,23.69890365668041,2.705205984209413
386,0.7224980532645862,3906.25,3.2263054879238866,10.81073497066444,3.4731735573303326,0.7755762591340769,859.375,2.0564905695152658,66.83784853653879,2.193187130170935,,,,,,rucspa1,,,,,,,,,,
387,,,,,,0.6162085251378483,296.875,2.5419240085759087,31.26697903936011,1.5726756666369233,,,,,,rucspa1,,,,,,,,,,
388,,,,,,,,,,,0.5710229138335452,3781.25,0.7458204554617955,2.3311268416140365,2.7925224275121217,rucspa1,0.7235165417663634,4031.25,7.544622800862397,18.084264541334164,3.8253203367568416,0.4831824539112343,296.875,0.7852483999950097,1.9349188269011397,0.582431072616342
389,,,,,,,,,,,,,,,,rucspa1,1.0,31.25,4.2633519199725365,3.8353328810308582,7.146886736618247,0.4649669694059668,4015.625,0.6651724481289699,5.607130454486481,2.4901851686573195
390,0.4496542923331137,3765.625,2.2872793740001702,7.268158803231954,2.5948652195135606,,,,,,,,,,,rucspa1,,,,,,,4078.125,1.559856409406562,4.93281559465845,3.2305891693105444
391,0.2411226789223062,2328.125,3.007417395936346,14.49509649910044,1.7713473038932186,,,,,,,,,,,rucspa1,,,,,,0.6188834593152852,3375.0,0.7659704456022289,5.247738648148925,0.6853823201945249
392,0.13038833363983604,2406.25,3.4082421678479404,27.598525788475342,1.9926571987031412,,,,,,,,,,,rucspa1,0.02168502790122051,4765.625,4.9396402410967335,51.108284577036564,2.47998605658335,,,,,
393,0.7026727511372434,3171.875,1.4390190406392414,10.089892572828973,2.7560613796153848,,,,,,,,,,,rucspa1,0.9786814612188208,3890.625,5.1264588601631615,46.907530120349605,2.5645998980033253,0.6512554610619792,3468.75,0.6491197637821657,2.8674284134889945,2.8785641983399124
394,0.09204066568980662,4015.625,3.1906647386430667,24.230160061864577,2.185745402212001,,,,,,,,,,,rucspa1,,,,,,,,,,
395,0.4607321393491692,4125.0,2.2665182231124827,20.39802629202552,3.308569596806556,0.6078858836258361,3796.875,0.2769234269890859,5.100555977157313,3.2258106750458797,,,,,,rucspa1,,,,,,0.616505145588802,3218.75,0.2749870467613025,2.6075969168748263,1.5869053355701612
396,0.4814640462644141,3656.25,3.0204657563855837,13.499546076933115,2.5510200923509747,0.3592379947129324,2859.375,1.640357347316829,10.924492935351141,2.6535411536086446,,,,,,rucspa1,,,,,,,,,,
397,0.6635737245687796,3546.875,3.608432623350233,5.944838872755895,3.7929294914956637,0.4081131636366788,3250.0,1.2109058411067206,8.447560737659018,2.987544141475797,,,,,,rucspa1,0.6542092736172407,3890.625,7.9867243839840425,5.783845104585537,3.99648170891254,,,,,
398,,4562.5,1.3963728660143848,36.46306607722943,3.052518387263451,0.6401178086545134,3531.25,0.5813304626450901,5.5573741854872765,2.495642402301568,0.6390738354532102,3906.25,0.35411178792630205,2.7706497844391156,2.9181546375108143,rucspa1,0.08767731209685725,5453.125,4.4338217381210985,105.22592638865942,2.229664510603314,,,,,
399,0.7088306692222998,3453.125,0.2845651846476063,3.434427648437577,3.2125816368357083,0.6117523757893837,3890.625,0.2593015167115653,5.151351548039457,3.6010476857385783,,4234.375,0.2453904936824216,15.12314367577858,3.2974712861342486,rucspa1,0.8873976943737768,3750.0,3.740328760718775,115.45056673308927,1.8856855024962849,0.5137109475633596,3093.75,0.2509955139278641,2.0563901140470198,1.6878361932967554
400,0.5530947727521063,62.5,5.01807059290985,2.2376108826431564,5.250418787124262,0.9521554139848414,3656.25,2.1088723083396936,20.90100643118052,1.3904020136625599,0.5410083084868409,265.625,1.3414336257475992,2.1786886745232743,3.4119653780401134,rucspa1,0.3018703540524609,515.625,5.636354981942191,12.891588334978552,4.700992417196085,0.14946960372979598,125.0,1.785987535247425,1.1757369335478884,4.20262256163235
401,0.31569449999732546,3578.125,4.2611025608064335,20.45869863671311,2.4972144957164395,0.2567473085623334,515.625,3.678322823733753,14.799811863072849,3.7012635041174637,0.7282981742195005,265.625,0.9890628862624692,3.6805052639133637,3.190372225968644,rucspa1,0.5941165004756124,62.5,6.291335873045738,2.463761156025793,4.935213485244887,0.3235126669720976,125.0,1.582724795600225,1.4782242788258593,3.381079771741306
402,0.5782966940638686,62.5,3.528365129402196,2.3713354529676227,3.1134072170953084,0.2015419215976273,515.625,2.7463479139338403,15.028966860740752,2.759837612970625,,,,,,rucspa1,0.3657606432469092,3578.125,6.0559865218682924,23.65037716484613,3.336933983418987,0.4118207044413812,125.0,1.3739634436101098,1.7001618512434336,2.6019742395080323
