,peak0_accuracy,peak0_freqency,peak0_prominence,peak0_width,peak0_width_height,peak2_accuracy,peak2_freqency,peak2_prominence,peak2_width,peak2_width_height,peak4_accuracy,peak4_freqency,peak4_prominence,peak4_width,peak4_width_height,primary_label,peak1_accuracy,peak1_freqency,peak1_prominence,peak1_width,peak1_width_height,peak3_accuracy,peak3_freqency,peak3_prominence,peak3_width,peak3_width_height
0,0.8103899175974059,3406.25,4.979794284190594,5.27398114767297,3.4213588476719656,0.6437822814516319,31.25,2.8368790471650343,2.8072719236851142,3.3594368840256887,0.5376272549055041,3046.875,1.4772350663808291,6.48827170681716,3.2171703267484033,rucwar1,,,,,,,,,,
1,0.5793090464642754,3359.375,6.153149425045678,11.885209220633755,3.0766269445404317,0.7479455401123689,3734.375,2.0785660284191083,3.9673965715417694,3.083792454210887,0.7329170693196503,2984.375,0.5893803523937353,3.7441554106534056,3.179257144245617,rucwar1,0.5513236890759239,2843.75,3.603217095260964,6.686334729420679,4.167319670287186,,,,,
2,0.7874725122833012,3265.625,10.416957012364627,4.705273707149871,5.220357995658693,0.6005003688504675,3546.875,7.334330785912273,5.0062624444611865,4.593526441700275,0.5014516379202973,3390.625,1.2462977069015493,2.0058234587883987,2.3642874641995935,rucwar1,0.7434977659029183,2859.375,8.326762671632185,3.898601521035943,4.968093502988443,0.7737711769167814,1546.875,2.1143463888154246,4.4203032415199734,1.3127730441647198
3,0.7024927910057186,3421.875,6.717709002194568,3.3612630879785566,3.5563746751068317,0.5404536719801594,2640.625,2.2190609645366117,6.528177502640118,1.5641639174830404,1.0,2812.5,1.6965116159473737,4.403512031406223,1.3505181947026192,rucwar1,0.7680704983398378,2968.75,4.939710176376614,4.311655019486324,2.853965270496801,0.7460890091976176,3203.125,2.1747056093868045,3.938388002976581,1.5112075819379585
4,0.3250674867461281,2921.875,4.890654817703748,11.853036922805414,2.504012293277196,,,,,,0.20967926827958416,4046.875,2.016410086826101,10.122472660669217,2.6831545840740514,rucwar1,0.8785525814717532,3781.25,2.7187546995355167,8.234016104405015,3.468139585510282,0.4419285544317083,3328.125,2.0860179912657246,7.16754105906054,3.5366719846676165
5,0.6480974804347194,3640.625,4.175877934245166,42.62544075708836,2.0887083703745257,,,,,,,,,,,rucwar1,,,,,,,,,,
6,0.3772810195012992,3343.75,7.302810711999402,16.058607996807098,3.7146594563349287,0.5479748410189119,2687.5,3.066231823732706,6.636798727668861,2.6383921645641477,0.5242841872489363,3109.375,1.009866477825044,2.102095354402877,6.507496381804026,rucwar1,0.5678070023793921,3046.875,3.7918501567645766,6.941343373252637,5.270576050667197,,,,,
7,0.2255660429206201,343.75,7.370417399641457,15.49518831180332,3.87720213768749,0.7127440735120136,218.75,4.575610540811773,3.481216252789208,4.23395589440706,0.7450504111079956,453.125,2.377684072660168,3.9223440380741152,5.268107002890853,rucwar1,0.5964450807934325,109.375,5.166386013830532,2.4779774756955204,3.541132965804361,,,,,
8,0.285404019736238,2843.75,5.349770303077087,12.594529284474902,2.694797767842453,0.6297677031000479,2593.75,1.9694053414557595,5.402013861963155,2.1470888816473583,0.6628386023128857,2937.5,0.9337443014583092,2.9659385886399714,4.406024113050201,rucwar1,0.3621302356872563,3515.625,2.421127504057071,15.677181392622115,3.621307916378169,1.0,3187.5,1.7601366336454625,8.46601335767997,3.945862799884552
9,0.6020913951204403,3328.125,5.852573951481505,12.565699607108057,3.954726493162299,,,,,,,,,,,rucwar1,1.0,31.25,2.8198621620719697,4.916708629522947,5.749133867732141,0.6534141846810234,3984.375,2.1616405006009964,5.770576612200132,3.4420364999618767
10,0.6274343438302084,125.0,9.363373005296168,2.6840906654698844,5.528624633481828,0.7269280078739888,234.375,3.4580312105703315,3.6620379564175223,4.632482364070875,0.32162016807905325,62.5,1.5741407911892131,1.4741004271432003,2.664532693904687,rucwar1,0.4894526720477451,359.375,6.8454270462958515,5.876046814372032,5.4346694783326415,0.6938226290622301,468.75,2.215217756913636,3.266080693478973,5.9697197073783075
11,,,,,,0.5187125920121226,3234.375,2.897434196477786,12.466563430537805,2.0423687264254804,0.6260431111618825,453.125,2.087711448414342,58.83031081030198,1.7582541220529695,rucwar1,0.7671038043317387,4015.625,3.4610368540647527,17.17503366047947,2.0244540666371,0.6804312517484601,2671.875,2.2421396822316417,3.1292171261154635,1.821767718785957
12,0.5014947297486476,3250.0,7.742046658445535,12.035981077942722,4.095250985098873,0.6339961087108208,406.25,2.8478471264678693,51.91201638068959,2.301973006865237,,,,,,rucwar1,0.6183496166121936,2656.25,3.573565316492871,5.240398246810457,2.6123728777998707,0.7604127756419534,3687.5,2.643427950977803,4.173845256897208,1.9366147300415608
13,0.23161636819503706,3250.0,6.183641303922911,16.918632128410252,3.353416959869912,0.5335417122365553,3562.5,1.8846617691668448,2.1438144122055576,3.328626300254921,0.4682870057831818,4015.625,1.2728956938898897,3.761427728404272,2.8138407188936383,rucwar1,0.5338059653005519,2656.25,2.394097275167528,6.435088775715628,2.984120441015103,0.3597103025390261,671.875,1.4600009857592569,56.22454982917202,1.193881015014544
14,0.471463995074599,3562.5,9.546747862909776,7.5680747625974325,4.874721339318243,0.7331160906103391,406.25,2.1011732448741656,3.7469475109492683,1.4889850090241843,0.7800816322949712,2875.0,1.7736663935742245,4.547141789180955,3.1338163497722658,rucwar1,0.6274982839772598,3890.625,2.1817112165705623,5.369102782543706,3.5794148379118376,0.4703383553313624,3750.0,1.9874309729158752,1.8879977624689277,3.660210099172256
15,0.7243121668985945,3921.875,9.016587852043717,7.254582030336992,4.806741012523457,0.7568891323610935,812.5,1.5033889993716392,74.04029352869351,1.8796326753676855,0.3847104351103528,3062.5,1.121373094186492,9.751506188921155,2.9788008794816845,rucwar1,0.5172662828997151,3562.5,2.2479404162675296,6.21460630100708,3.5834570016768303,,,,,
16,0.6861096877715294,3562.5,5.866127911024654,15.92913130864855,3.5138011594810035,0.6284762313709842,468.75,2.226769432627168,61.90721009553118,2.2735205578954707,,,,,,rucwar1,0.6528418896482506,3937.5,3.6779758422407154,2.880531867703666,4.436233532882777,0.586065641011283,62.5,1.302762762561957,2.4158419765952743,1.4584906696696451
17,0.1595877167014621,2796.875,3.771705356293308,41.64622613870938,2.0489967002680918,,,,,,,,,,,rucwar1,,,,,,0.6993933671802486,1281.25,1.9433712641336736,6.653213141837868,1.3827228812671477
18,0.5997643983145702,109.375,10.465576054325275,2.498528356270421,6.457357293901053,0.7342703709142875,2718.75,2.350458044509776,3.7632235571195736,1.7018409029495718,0.7440003193583621,3281.25,1.6092216636380314,3.9062548730279616,1.6517155220412292,rucwar1,,,,,,0.6147596285882189,234.375,2.047305676174905,2.595781943453444,3.1131178466336524
19,0.7282952315403912,265.625,9.772281843445151,3.6804654024636982,5.046053119274465,0.7471821743106908,390.625,5.289827692365611,3.955417294146464,6.508406891274654,0.7715085187354296,531.25,1.1937293897228378,4.3765307768393304,4.498119111376835,rucwar1,0.6368916080331535,125.0,5.862104391017278,2.753998591393901,4.803839067311805,0.3377429685058807,3546.875,1.5327641628470028,16.609865168487346,0.8890161676217554
20,0.5360926507442951,109.375,6.868768030659921,2.1556028409646992,6.258195686971371,,,,,,0.4000433517612226,234.375,1.7730995376844074,10.00072258156235,3.592678687306428,rucwar1,0.5992654403400313,46.875,5.4729582627666495,2.495417417575664,5.915759728461338,0.3624057854874328,3140.625,2.2194540180573736,9.410373970514966,1.9556191403210537
21,0.5714313186496547,109.375,17.748933955576216,2.3333482905217764,11.082831088633258,0.7764605515834571,578.125,1.1053275144767565,4.473483347496688,2.034903168609227,,15.625,0.8920632301043288,1.1194147684956983,4.24144318726,rucwar1,0.5933176562880451,218.75,3.8948293452927207,2.45892160174104,4.41473530571344,0.6746957037054064,1921.875,0.9933727027772972,3.074044860122001,0.8884021596735491
22,0.4066080497129157,421.875,5.651656941337214,33.7045354092248,3.4942248931080013,0.6450088843001194,3078.125,1.8177361705100343,5.633943813092087,1.4160740556679707,0.6974071458056113,2828.125,0.5676095055784829,3.3047707047225563,1.2969129574157567,rucwar1,0.4153813674420303,109.375,3.114964105402072,1.7105168126861603,4.488941537408486,0.4096805073694537,234.375,0.8882379222687007,1.693997932448173,5.324288476650831
23,0.6276110660710451,109.375,21.369774334371996,2.6853644372546848,10.918499592289916,0.5885960294069359,312.5,1.34422418229775,2.4307008961494425,1.982909814564492,1.0,3062.5,0.7393783082752509,4.023735747193285,0.4999300442379202,rucwar1,0.6661757760208176,218.75,2.9090408112287083,2.995588480907728,3.284767687634382,0.5031033199756966,2687.5,1.0373058359856977,6.037472417511964,0.5931001787492783
24,0.8704484606994117,3703.125,6.235069539840397,15.43787137379786,3.1785554491270935,0.3723938129126143,3843.75,1.7550581056519368,1.5933558664245029,5.118829065043181,,,,,,rucwar1,,,,,,0.7844269819806169,796.875,1.2702611603788605,88.13718977711592,1.8440751656614944
25,0.2328965738532016,2531.25,5.6243864122155545,13.03605180103358,2.8440589563660987,0.4402658659591244,2921.875,2.6761015279968934,7.146249901043007,4.117302115329351,0.4549354609396226,3562.5,1.5838032189768256,1.8346451261053855,2.305631774398592,rucwar1,0.7284897023788248,3718.75,3.856553008448045,7.366203114662341,3.3730149729874705,0.5555244209320579,2234.375,2.1107885136961984,6.749527176028322,2.684848901958958
26,0.5592419962976709,3156.25,13.938593717489846,6.806456093367017,6.988275960041231,0.8854399151615286,3359.375,3.0960942090632764,8.72904381495519,2.3863250469092416,0.6067362982193901,3562.5,0.9051144228128856,2.5428230357193518,1.3595076740197527,rucwar1,0.5491912813359964,2687.5,5.540176278621246,6.6547071425119375,2.9325064275928585,0.3821127778643686,3203.125,1.638813297102474,1.6184183200028883,7.873806993249304
27,0.6610850939026993,2890.625,8.821446795474541,2.9505931489271973,4.929319105967512,0.5607533823374627,3843.75,3.9233892492158544,11.383126924477267,3.278926088003149,0.6737710871817915,2828.125,2.7722892526411886,3.0653322274879145,4.574128580598983,rucwar1,0.6989504559136313,2500.0,6.051511851106337,3.32171238802178,4.177695665244853,0.7577295348152929,2625.0,3.2247559677629467,4.127618276695841,3.740629509178362
28,0.34086187038083193,3156.25,4.152125402120735,10.619928791017458,2.2282338440771303,0.5293191941781046,2421.875,1.5869111535510885,6.373746205268446,1.18600496606567,0.5919314944459144,3906.25,0.5769680479892132,2.4505689274946008,0.5028537008251829,rucwar1,0.6825805239600731,203.125,3.950900453965577,3.1504053011360087,2.37750559380605,0.7473956001332062,3656.25,0.8477528628430235,3.9587592319347213,0.6645291905657043
29,0.6099063031533107,3468.75,11.528844686550865,5.126973381438717,5.84495857586827,0.3820216269780325,2656.25,2.7366444538408707,9.709077634318305,2.9867594104986086,0.5664180015279716,3062.5,1.2398456452455051,2.3063688149509574,2.4001866861336927,rucwar1,0.6953460026222056,2906.25,3.640871893541915,3.2824122073143935,3.5937503498275096,0.6281646129124591,3296.875,1.2431548343423295,2.6893621067985407,3.649317310635895
30,0.5330601179442337,3484.375,7.077754221675396,6.424809949392397,3.7419322591295767,,,,,,,,,,,rucwar1,0.6547588909955204,2875.0,4.343870109096645,2.8965264388228604,3.93567915767536,0.7974771149051372,3656.25,1.7427617713876675,4.937713580031186,3.766211114933257
31,0.6907511894157088,46.875,4.994386425813488,3.2336421864019838,3.2854573408877434,0.5814197497875304,328.125,2.9120800288077167,33.446394073522725,3.2220902284140283,0.5934007947216561,2765.625,1.8789806144986745,2.4594243840575984,2.6062639414278137,rucwar1,0.6233228310201651,2656.25,3.7441619697256714,2.6547932350355268,2.601005231516564,0.66191549544925,2984.375,2.908176108445252,2.957840381737725,2.5231276432155028
32,0.2805966980025646,609.375,9.330250311840242,9.730286169891606,4.669826621030632,0.7127017189732183,2562.5,6.368982013113247,3.480703039454596,3.6808059531936,0.6607321629985063,3640.625,1.2498730249038734,5.89504745771464,1.00445954908859,rucwar1,0.6989957663725166,3078.125,7.419753537592275,3.3222124086054516,4.07254402975092,0.6368269841651271,2796.875,3.2796390099857144,2.753508538350985,2.5899238641243514
33,0.38291211757316096,3125.0,6.854608008346179,9.723088349107798,3.442633067078828,0.7939248611686018,3406.25,4.06324213293277,4.852598938769403,4.06789561573944,0.4743934685157543,2359.375,3.0445490411347325,7.61025550558611,2.395851087877107,rucwar1,0.6187238261270415,2718.75,4.8172212364210525,5.245541518328395,4.09071862872015,0.4890716223932544,2875.0,3.740167724093176,7.828885956063972,3.8973711209888666
34,0.4339931107102121,3234.375,7.714078341832902,8.833814737262088,3.902697553849082,0.5855020054369324,187.5,2.6397549955478508,9.650227630694562,1.7790367348048364,,,,,,rucwar1,0.5400190414847279,2421.875,6.360093280091747,6.522009105949537,3.692090966668368,0.7844136461376106,3109.375,2.0778785052780147,4.638512512894521,4.144495999262642
35,1.0,2890.625,12.351280687730036,4.783057620892889,6.194263171324836,0.36951975386625024,328.125,3.952244438676248,22.2052952266962,2.201459872237816,0.6952937025403987,2359.375,2.3405566505881565,3.281848810927784,1.4088497559146218,rucwar1,0.6458124928724756,3250.0,9.25424612419485,2.8233632747525235,4.88892265019404,0.6620009299711704,2640.625,3.1420290928573493,2.958588021898123,1.915913529492343
36,0.7800836127241029,2875.0,11.767285070573447,4.547182737889585,5.902741772011052,1.0,3125.0,3.2747589556404137,3.015408501356262,2.3664745574951325,0.5174284862196286,2359.375,2.454165525201058,6.216695172283551,1.9355385865858925,rucwar1,0.7859907846104488,3234.375,9.98303677200157,4.6726959779734045,5.446558853297112,0.3464039806515762,2562.5,2.9360202094307315,10.709979548189976,2.280317280779197
37,0.7467162922705959,3781.25,4.616519085879268,23.688850948163267,2.682192117146174,0.5445934564919532,3328.125,2.3221271218531294,6.587520629129897,3.4632210352709847,0.20335048491080765,4046.875,1.7988270434320601,10.042057201408484,2.422562898866693,rucwar1,0.6326853908031947,2921.875,2.600834784529286,5.44492364290474,3.2154355584675938,,,,,
38,0.6368238422579733,3140.625,13.867119471444886,5.5069694344325635,6.941566472268995,0.7360020369721062,3406.25,1.6970267516281792,3.7879080146324497,1.9467653046839204,0.3144008673434451,2750.0,0.8352684130535972,1.4585782746328846,4.342875921348111,rucwar1,0.4132974436958359,2687.5,4.646182468110113,8.522205922361536,3.1383365705767696,0.7770247828729161,3828.125,1.3635364530984193,4.48480334668787,1.0457320193638644
39,0.3557881885815401,390.625,6.416878687324068,6.209137940505292,3.74836662001536,0.6030762939334857,265.625,1.9438705378621133,2.5193758516212816,2.4364717922226893,0.690761856452931,500.0,1.4729167903947662,3.2337537295032632,4.042928795473088,rucwar1,0.22931300139938915,4046.875,4.171803587552165,6.487718112643449,3.618345253638255,0.4961252255027944,2890.625,1.7415751956886616,7.938480357528165,2.571478241550224
40,0.10590837630493566,2859.375,5.76272562616158,36.90896897525892,3.1047921178386684,0.5603172135527585,2656.25,0.8534335301313787,6.8231008637859825,3.656838265175791,0.6258389680603759,3437.5,0.4939257761129119,2.672646039102659,2.2243345410798043,rucwar1,0.28195522286881736,328.125,3.142576922764132,19.497391313024316,2.1877185892902866,0.7517088010009509,3265.625,0.7859556381084256,4.027528982224736,2.9561491994272213
41,0.5084896918924134,3250.0,6.529407803600477,12.207271955498154,3.5830794858848134,0.775900642648457,2656.25,3.399074094595849,4.462306415414247,2.586274706126686,,,,,,rucwar1,0.4912740010004748,421.875,4.111845775832698,39.31389400056722,2.828921432020259,0.7467185505762223,3687.5,1.6235035503926316,3.948177027078089,1.404665955658119
42,0.2301143204957341,3250.0,6.152711142920027,16.885623860896832,3.3322827273776827,0.5354334037001443,3562.5,1.99633842100684,2.1525439150483976,3.33373677916644,0.4806617895771721,4015.625,1.2872334755577333,3.8510549770094262,2.756609943478762,rucwar1,0.42900687509157576,2656.25,2.548476442089399,7.005338287814793,3.0150928591072663,0.3618166941164588,671.875,1.4229470539247329,56.41012490942447,1.1636324411399588
43,1.0,562.5,5.500420848706861,4.355422312687779,3.2037424256907867,0.3864539906202127,2906.25,1.5873791023720143,9.77921770865268,2.7533690032174976,1.0,3187.5,0.9070066854363374,8.04642180892671,2.59352308922202,rucwar1,0.9175883959522786,3578.125,5.0841445826627725,12.13421351950555,3.19434484787808,,,,,
44,1.0,3500.0,8.28685954542371,4.401249055140454,4.800446103598958,,,,,,,,,,,rucwar1,0.4988327546167952,3437.5,1.7780097372492651,1.9953418927754851,5.160374935078988,,,,,
45,0.4625494178050118,2859.375,7.29572137078671,7.442544733440798,3.83878376134009,0.7415978742331844,2562.5,3.2042169119674537,3.869937203621959,3.0409961301266266,0.3736641707747333,3187.5,2.706009839333888,1.5965875706598638,5.540848427409661,rucwar1,0.637844716479357,3031.25,3.784937804277036,2.761246474933728,5.3798370286355,0.7722776718596847,3703.125,2.9479982449133484,8.782625824761737,2.102065965965903
46,0.14495631470404668,2375.0,6.112063167993566,22.221086859934644,3.5559753047877773,0.6792193382861954,171.875,2.7208094737227246,15.586974517999218,1.9581783643237485,1.0,2468.75,0.8110228375064583,4.471622705314758,5.94897687100809,rucwar1,0.6062345187155229,2890.625,2.9253952721701366,5.079165379037106,3.4679713810026,0.5513829190006933,2578.125,1.1200006479828826,2.2290725038210155,4.603807409147407
47,0.2659449543876091,2953.125,6.727353471971287,13.622956561326307,3.4615422742566637,0.7282860589281808,3062.5,2.4540887910577784,3.680341156053089,4.530715819454153,0.4990746966441522,2828.125,0.9225826905341066,1.9963056234147127,4.815650035133852,rucwar1,0.9450175401061072,109.375,4.383722547049401,18.187618413760205,2.5274556826210417,0.6301055787063434,3500.0,2.168820500671902,2.7034741332476244,3.41676525639246
48,0.21563037136619512,359.375,4.650390757392895,17.84872780500801,3.0699935284513424,0.7490469563675364,3312.5,1.979417956145596,3.984809211816384,2.850346223987643,0.6030574324362881,2328.125,1.3039032885826616,2.519256138583557,1.981601755761216,rucwar1,0.17141814919034726,2796.875,3.87377091319468,20.5169833051356,2.46615945947198,0.5065093059480119,2421.875,1.550222735298897,2.026380663410549,2.547093871726468
49,0.17697750962920367,2359.375,6.600341927864176,18.225504376243773,3.4394415927537136,0.8519189630577988,31.25,0.9974950472245904,6.75305914011339,0.9002736300371226,0.6755911728133733,3062.5,0.4177308348050919,3.0825301785783954,3.661907731825416,rucwar1,0.1860955404619422,2968.75,1.9135020131932,17.201036111714984,3.2272880691510246,0.6767479875435302,2453.125,0.7377776694573592,3.0935615602228097,6.365859980854897
50,0.6692949149957781,2968.75,11.229096324817997,3.0238422248246764,5.706818628814889,0.7736304958979191,78.125,3.1661128151208477,4.417556172005623,1.8141881030402744,0.4929543267591418,3843.75,2.3636989186072075,7.888835683052775,1.9489116748095217,rucwar1,0.9265344559565042,3421.875,3.4290951512004675,13.611823243396143,3.8258855316252944,0.5908148747850415,3593.75,2.688445489306502,2.4438816036498565,3.701064784768041
51,0.4724583284977847,3859.375,7.687405537109638,7.582339398155397,4.3752320880433215,1.0,3125.0,2.3470155217210293,3.892732653306041,3.3796492939076317,0.9838336318959,1078.125,1.1291266630223011,61.85681246156924,1.5130963563988251,rucwar1,0.7819875780231784,3359.375,4.7783626565864905,4.586894594961733,4.693450168231438,0.7432057538418138,2812.5,1.1464049844394868,3.8941682493306184,2.182081675882611
52,0.664490040124365,3421.875,8.617501624558589,2.9805374492330263,5.256238662189458,0.2859511261996599,3375.0,3.2886345493452778,1.4004643613227188,6.8279292632283495,1.0,31.25,2.578518493650398,4.548100479412781,3.5706776769825868,rucwar1,0.7330293052887029,2906.25,4.276685095585698,3.745729474470608,3.721574319183276,1.0,3187.5,3.148905568576144,3.6213125629357417,3.1725864228906326
53,,,,,,,,,,,,,,,,rucwar1,0.7730989438391866,1656.25,2.682355897390776,8.814414678539551,2.6900465556478403,,15.625,1.5272909438591868,1.79403606187536,5.012283083384219
54,0.3637686582430549,2875.0,6.308223255097327,9.430531956239491,3.1976001689981164,0.6839240291067714,2281.25,2.3747684701793235,3.163796340398818,2.8647582376488283,0.6537632570414182,3875.0,1.4801720313597977,2.8881972244049905,2.005352073750297,rucwar1,0.5086333935139846,3156.25,2.6290036297269594,6.105421004195534,4.426933018170593,0.7276697919033035,2484.375,2.3448441254414765,3.672012763435077,3.287288589703297
55,1.0,93.75,6.51367335528214,4.037889745137036,3.589833058591932,0.5214050536396256,171.875,1.054346577942458,2.0894495598100526,3.4677458924969224,0.6206431202199303,2953.125,0.6296274157234611,5.272080477779895,3.166599336700172,rucwar1,0.05974336170299133,2781.25,2.5386287064921937,59.55820753515457,2.3076409769676167,0.4908132695497496,281.25,0.8439697051575932,1.9639160649684366,3.1618073383929435
56,0.15760287541171306,2765.625,6.91714638165992,20.180505730368647,3.758519234643054,1.0,2515.625,1.982008170692105,3.420215484475221,3.8596295626758175,0.7806345511747823,2906.25,1.5008199152405108,4.558603031404289,5.570610850079047,rucwar1,0.9115633404535408,203.125,4.087824374834779,11.307527954226488,2.3791160583914914,0.4593054763200296,2421.875,1.9073245202380136,1.8494731427904867,3.4935022757848007
57,0.052269564994060325,2703.125,4.908481284453207,63.30914127456924,2.6037216087997384,0.7483758159372149,2828.125,0.2792628528956369,3.974180795556919,4.8033575644198745,0.6601011541777033,343.75,0.20352659124276545,2.9420517671390165,0.5929851691272356,rucwar1,0.744095916137034,46.875,1.8329464902159016,3.907714112665312,1.1456420115799413,0.5101440419476173,2515.625,0.27266698879178275,2.0414164277513294,4.632432206856921
58,0.4482514395045701,2906.25,9.05801932743025,7.249679086445268,4.687765168980931,0.4840554230795273,3562.5,3.8970696772157,7.752770702378285,2.5841287045317527,0.344436510494999,3078.125,1.8972251782228728,1.5254052673907663,2.5638884560870885,rucwar1,0.7476860196707807,2468.75,4.904094248789332,3.963315860243654,4.181851220247083,0.7928289591726108,62.5,3.131844270234412,4.826929458896624,1.86805073717102
59,0.6056241164367269,2781.25,11.659201022096404,5.071304010604194,6.071765800240838,0.4449021640458417,62.5,2.8663151043154933,5.404452703086648,1.7723829464917145,0.3210891526436559,3031.25,0.6532329333533533,1.4729474479513271,3.1691383442034815,rucwar1,1.0,2937.5,9.541114613283973,3.328845888107736,6.2198990809073695,0.25217918240194603,2406.25,2.6646465333924434,14.70940597151494,2.0038979983288128
60,0.5448651145642285,3906.25,1.2694518495609308,6.591452547364355,1.8936281194319824,0.29168690796305474,828.125,0.5590330462222219,21.17707574324718,2.4160738096493426,0.6049557656785847,3625.0,0.3561440212576512,2.5313620934570618,1.4400677765936891,rucwar1,0.3812371076041846,265.625,0.8135509575386641,8.08063971102126,2.6777502686023382,0.5579730580641862,3296.875,0.4524547731550408,6.786916622913964,1.7897504113863074
61,0.5636664153648709,3953.125,2.2014270172386348,2.29182450128431,2.445364259860934,1.0,3312.5,0.8802183565228671,4.382415795728348,2.1161570791717086,0.3060516599745379,812.5,0.7841553823763232,24.497500778481932,2.6043525865925856,rucwar1,0.4036384139826119,265.625,1.0085846832959176,6.707340133546718,2.9429360415838537,,15.625,0.7995928930275245,1.3530791017056685,8.85374670159414
62,,,,,,,,,,,,,,,,rucwar1,0.8500951120748257,234.375,3.1791655409599615,53.36717241664083,1.8306799744444169,,,,,
63,0.5122980447907204,31.25,2.082991006475334,2.050432624513236,9.914863435462422,0.3013636182391017,812.5,1.0215972515970964,24.33311582937015,2.5204725281754112,0.7091526542310534,2953.125,0.4186167207390565,3.4382297605507968,2.150464419133004,rucwar1,0.4291918586574813,4015.625,1.1348368298288,5.2557063971514415,2.14241738579652,0.7978182304777612,3296.875,0.91064988992096,4.9460443558438945,2.3085849548514625
64,1.0,3984.375,10.148266788215938,3.768833732053878,5.612770874206122,0.6549915157303825,3671.875,2.7035074820266978,2.8984794449823426,3.5809004472841583,0.5866477675950705,2953.125,1.0167213013864935,2.419244222250569,2.4767474537570955,rucwar1,0.6821786583840141,3296.875,8.627554875287094,3.146421807029782,4.921353918351857,,,,,
65,0.8875783564078428,3968.75,2.230051811847096,8.895084327603287,2.9824226100255604,0.5625275140375194,3750.0,1.4082358024145183,2.285858041563245,2.9162285090204696,,15.625,0.9099740666315004,1.5515693046868586,8.664871057200363,rucwar1,0.7265895115669073,3312.5,2.017095200693801,3.6575041642731776,2.951382526004055,0.6202229391197798,2796.875,1.0619632901312637,2.6331237533996155,2.512810328261768
66,0.7250623673929759,3718.75,1.8191563401619213,7.274377032476507,2.9398252885107965,0.4968656606060379,31.25,1.4367916924261939,1.9875407454886205,6.6956953862148,0.7285307361805744,3890.625,1.3211493702017347,3.6836582747178848,3.169012023947852,rucwar1,,,,,,1.0,3312.5,1.3572444549630776,4.975804915288165,2.718220761022272
67,0.7984487379814567,4000.0,2.2212339183699004,4.961516936113242,3.027783316616058,,,,,,,,,,,rucwar1,0.5441505535983328,3343.75,1.2000351815348722,6.581120200278973,2.604972051366884,0.7158446153436211,2984.375,0.5469485567233314,3.5192013032210236,2.4770094138568477
68,,,,,,0.39919364120564016,3687.5,1.9788119778191708,1.6644297873389746,3.1450196166590074,,15.625,1.604872618201889,1.2389346071521152,6.341007805565143,rucwar1,0.4550309567653675,3828.125,3.979226282425581,7.339866456006803,3.9581677093672023,,,,,
69,0.7561821329026729,3109.375,10.379990724633632,4.101422147216226,5.210317629584436,0.548569733821007,2750.0,5.541240050737024,6.64554467158942,4.791215661743227,0.6670695845757673,2875.0,1.1923682461030405,3.0036306497433145,2.704234183603047,rucwar1,0.7488526122684726,2578.125,5.845941290825508,3.981725667276237,4.901219307842156,0.3973003372557104,3203.125,1.991680609697484,1.659201193919159,4.05359549430909
70,0.07981520261670949,3046.875,6.3885417470119,42.38279105556129,3.2892108484247027,0.5843216839741514,3328.125,0.8244776599894221,2.4057064355933733,3.852139808832017,0.6143663012663954,3984.375,0.6428250688462588,5.186268748213308,1.246985635282876,rucwar1,0.6873657595509259,3406.25,1.3250457752792344,3.1986259680436153,4.0901213290213665,0.6704680534038545,3140.625,0.6720378998829695,3.034607146072972,5.867758949466107
71,1.0,2937.5,14.106842393543287,3.4331313807536503,7.069072207711099,0.6971789240362031,2500.0,5.377003231449231,3.3022800570180664,3.0357291384725666,0.524283204370298,3968.75,1.7830796027278826,2.102091011262928,3.259971955497192,rucwar1,0.6004995438065743,3734.375,5.551654804750051,12.51563026395934,3.434527699701448,,,,,
72,0.29058480969482137,2968.75,8.580526750508426,11.276894136645891,4.3016615241070895,0.7723490884797555,3421.875,3.310606142747996,4.392690516027528,3.4780337972097715,0.7827481630605326,3625.0,1.564321333702236,4.6029530248742105,2.741022499025417,rucwar1,0.6666085616075499,2390.625,4.377496758532661,2.9994771456094043,3.2351983843262704,0.7827014488579108,3218.75,2.551726341951559,4.601963495587738,3.5076086809838816
73,0.0768956330404772,3062.5,6.4688575603373435,43.332045033813564,3.2485190641991317,0.605810232411393,3656.25,0.8790598517282242,2.536849208738573,2.09157532784509,0.3101067444223954,968.75,0.6072636172550537,31.88899126370031,0.7113310642717721,rucwar1,0.7093090548739645,3265.625,2.170938418912451,3.4400796335999644,4.9873296527639575,,,,,
74,0.6229827070954468,2875.0,10.117290233125269,5.304796457987209,5.065506792019447,1.0,2703.125,3.2534358756072748,4.591994351485852,4.796569540003058,0.6830930900288831,3062.5,1.7001255131409732,3.155500774947257,2.5084677666072617,rucwar1,0.5556447149536587,2484.375,5.484392032897702,6.751354380059041,4.852531876493066,0.5055827706226468,2312.5,1.9416365692148303,2.022583236549736,2.7856392973246
75,0.4373975594782464,2906.25,7.562874105176487,7.109816296371606,3.8093677418417853,0.4330311724204212,3218.75,2.690145322050617,7.055061593202964,3.3983174231262345,0.4323304777289641,2578.125,1.4877250395506554,1.7615883199072755,4.626154231225843,rucwar1,1.0,2765.625,2.8957172212301217,4.221974386948092,4.371280011639036,0.7328767236387159,3468.75,1.9932191887618007,3.7435899020926233,3.5468992930881216
76,0.0806784580651907,3015.625,6.199042600279178,45.685865156174366,3.1096818795380647,0.4224862517655704,2937.5,1.7926881863839386,1.7315605092643978,5.1981110944932265,0.6335154373055438,2656.25,0.5754837611381758,2.728627892667106,3.379318538480926,rucwar1,0.6366982987314693,3250.0,2.2298254111668525,5.505066431058964,4.93992123574033,0.5740783124040583,3328.125,1.3718694725337368,2.3478494500816964,4.8333402356173085
77,0.8782403758925023,3156.25,8.510802562880269,8.212903146917824,4.260999676440743,0.5687286783664471,3343.75,1.948733618359835,2.3187259384932872,2.668145723536907,0.7173951784471222,1500.0,1.1028800122291549,3.5385100456005176,0.6297771364328058,rucwar1,0.7343489784136885,2734.375,3.852101443648882,3.7643371142658846,5.091373586539013,0.7824333393770675,2984.375,1.8702159303093413,4.5962924518711645,4.643025335860848
78,0.5227656151026876,3640.625,5.765474904414091,8.381625730636928,2.908162729513577,0.40600657869373136,3875.0,2.1287910416412568,1.683520328896691,3.819721328336412,0.7178230603373826,3406.25,1.4435143846827558,3.54387570152133,4.378610923956088,rucwar1,0.6021278867741701,3484.375,2.768029152081677,2.513370419183929,4.089031322119728,0.4996071003920183,3250.0,1.6995205821778459,7.993718542236878,4.414133215703988
79,0.7496546286019902,3640.625,4.787114227701087,79.88963362219764,2.4045842187301374,,4078.125,1.2307551331528421,5.923040630116078,3.500770507738123,,,,,,rucwar1,,,,,,0.6918780467909115,3421.875,1.037004925242587,3.245468197202456,3.0990057180823016
80,0.4179361061956959,2578.125,8.377265315505422,8.590122241255273,4.258139443715828,0.5178503357373332,3765.625,3.0673934168133057,16.592358333867338,2.7829431176816835,0.5009517195427613,359.375,1.2107116485068583,32.06102621041086,1.3908009093955676,rucwar1,1.0,3062.5,3.730634316547936,4.810774180161558,3.210007402113908,0.41976658935497096,3484.375,1.663217978535657,13.787554892963893,2.567247289608007
81,1.0,2515.625,7.467273618837794,7.1706776165861745,3.767064384574708,0.6155154407244082,3281.25,4.3696957461285,5.201769360434668,5.0056026875598585,0.3038480953813604,3156.25,1.1123822020736522,1.4364680946291628,4.116306119535563,rucwar1,0.6413725046298433,3000.0,6.6390891472147455,5.576817243016193,4.040318953761972,0.5710822588073072,2328.125,2.998330476945386,6.994348127587102,1.9435840967512668
82,,,,,,0.4088361095034228,4015.625,1.9780307786345148,3.3831565698642407,1.7106309913828612,0.6467784020561311,3562.5,0.6146685285142628,5.662167918502604,1.1394401094494442,rucwar1,0.9444306222538248,1000.0,2.4363215947877004,107.97313634509753,1.7729916899913707,,,,,
83,0.4360511665179275,62.5,15.415822050027248,3.546421024849196,8.650505885459403,0.32858928397190657,2031.25,0.2516520302284275,11.91521047999666,0.36141740358196794,0.6068164723568172,218.75,0.19416332782859813,2.54334154330979,3.4665313151101387,rucwar1,0.5990105581117544,2796.875,0.8643826309823097,2.493831247254377,0.5797372057721605,0.4814217625620162,2593.75,0.23043083320548255,1.9283493363324735,0.3125967275810844
84,0.7296026318653386,46.875,11.024935402000217,3.698260848093711,6.0960070885200395,0.7643391714670951,2375.0,4.391854690481576,4.243386591761777,3.0942257268690483,0.5725091950346529,2531.25,1.0769131729254315,2.339231600738316,1.847030137727552,rucwar1,0.4630577304484439,2796.875,7.783800740745701,7.449590443569889,4.000565026118375,0.7802596407012272,3140.625,1.874810602078251,4.5508253613089655,1.5492859992264647
85,0.3915587696087168,2812.5,9.263166866391693,8.217720545967182,4.692689713269521,0.4043925153494399,2359.375,7.050601464678276,8.39479040954879,4.111687360779123,0.7042078785152248,2578.125,0.6665968569030041,3.380752654872424,0.9318975283440084,rucwar1,0.7538672699752454,62.5,7.989439003547937,4.062848528513157,4.636274189597781,0.6531731157857921,3125.0,1.0069831102774414,2.8832828293160158,1.0129177767315611
86,0.5297367473365864,2765.625,10.786182241144404,6.3794055414898025,5.456593904211184,0.7503604094773451,62.5,4.6385802756062695,4.00577487691901,2.798058315406557,0.6280698195640728,2546.875,1.192985079022596,2.6886766726699416,1.5860160295588759,rucwar1,0.5215348665817374,2343.75,6.7996387849309405,6.270049352535522,4.199274475839907,0.5565517613495419,3218.75,1.85312840696805,2.255054621579489,2.214075386134793
87,0.7703797262239545,2750.0,4.858240487816045,4.355016147116544,2.4905123043762405,0.6591241377953008,3531.25,1.6298055116746215,2.9336192757452864,2.079237586197274,0.6105615606714887,2625.0,1.1373943846101504,2.567799937068997,1.880026813441649,rucwar1,0.452102114313088,3375.0,2.8431322008221214,9.12578809047855,1.9678339012923225,0.6499657412585251,2875.0,1.5405115833960248,5.713726442636983,2.8226152342020963
88,0.7935470499467734,46.875,11.955299183864687,4.8437186281047815,6.947292114607255,0.4683102373514272,2500.0,3.4911860204814333,7.523184159262911,2.6578904019180443,0.6967583528369627,3484.375,1.2118350283856558,3.2977000664501475,1.9244127849841688,rucwar1,0.3225913499175045,2734.375,5.2004099449694765,11.80971042962878,2.679169625740984,0.7972878754794301,3234.375,3.0928826329727714,4.933104037881692,2.154637948510936
89,,,,,,,,,,,0.6878940103878362,3062.5,0.35022762066234536,3.2040397598349277,0.8784214888185127,rucwar1,0.5369606489376071,3203.125,2.2546798919856363,6.478930987435149,1.2543972907324827,0.5221985472265727,3546.875,0.9016908637039888,6.278758640406637,0.7613987685226531
90,0.04875979215402071,2156.25,5.079009242050159,69.38310581872129,2.54708813745204,0.4656648300002834,2421.875,0.5403979689661371,1.8714845215981768,4.13042017777261,0.4989858114522863,2281.25,0.3190621511963805,1.9959514577794553,4.431991806430681,rucwar1,0.5378743995421549,2656.25,0.6645837041642477,6.4917416326379405,3.67655574276588,0.4737538822820984,2937.5,0.425867680450474,1.9002515483374225,3.084559258040967
91,0.7699793152611067,3296.875,11.59670900588244,4.347435106260748,6.496272350567312,0.5411499388900853,3171.875,1.9484135811701857,2.1793611568473916,3.9649917579246177,0.2097641682379079,3359.375,1.378461766092661,1.2654450226208669,4.510496233730303,rucwar1,0.4030329877016282,62.5,5.026909901209634,1.6751344369095342,8.493288068337714,0.7769326539619148,2921.875,1.4643758373685325,4.482951080743419,2.485975948869248
92,0.6618299529243545,3781.25,7.366705244719861,2.9570921749208314,4.681134545403684,0.4866122845941446,3281.25,4.043486859880575,7.79138238015264,4.0680412840158064,,,,,,rucwar1,1.0,31.25,6.997174937858978,3.4024369138828336,5.288947040915521,,,,,
93,0.6123780728953085,3812.5,12.864702826199157,2.5798334151770352,6.510226772032094,0.7040823531260871,3375.0,3.421526656055851,3.379318572461102,3.8341736249875336,0.4979886501665699,31.25,2.7521511812722794,1.991986835221564,3.398559340846341,rucwar1,0.7144146193766231,3015.625,5.1358977298636965,3.5015798001186056,4.030289357375228,0.7209812672439697,3578.125,3.0005028122696458,3.5839887527350527,3.784227443340424
94,0.29860135125810017,4031.25,9.723590514708826,4.277168205814347,5.3735753284269245,0.4256683512428177,3890.625,3.273875993211109,1.7411542654212724,6.253154754112259,1.0,3000.0,2.1235947648504903,3.0115044292116977,2.2005444530417253,rucwar1,0.6119065030548183,3953.125,4.312056917038071,2.576698676662573,6.682927281259367,,,,,
95,0.6200457983400126,62.5,4.711749609483537,7.895688445852834,4.702649441395581,,,,,,,,,,,rucwar1,,,,,,,,,,
96,1.0,2937.5,5.506263724630965,4.996487927343594,2.881942676527802,0.7773163739169682,3359.375,2.0506757177816564,4.490675931543934,2.504178153562027,,,,,,rucwar1,0.7832479052483203,328.125,3.12908232182992,64.58991787848227,2.385729413020024,0.6595452874397021,2562.5,1.5444775135706672,2.9372482245282185,2.067002150433687
97,0.4770025764018389,2953.125,7.7736560678647235,7.648221233061662,4.04184619888453,0.7171067481729512,2718.75,2.1120607979696167,3.534902276889113,3.30493114417009,0.4135554533857361,609.375,1.5417368119743735,54.566114025181854,1.2409603119970367,rucwar1,0.5712035091274756,3359.375,2.9228220906279088,6.996325911845815,4.473124995121048,0.6445877156584572,3109.375,1.8568914330723685,2.813633754535686,3.9637480644604666
98,0.5623179418789667,2953.125,11.31612411771212,6.854290561689878,5.701392349586679,0.6935409904131867,3328.125,3.582308267734517,3.2630791352757456,3.2934669581375866,0.30226355896090995,703.125,1.2715755108631088,28.664118460281934,0.9517054852811464,rucwar1,0.586680969338242,3156.25,4.877745717535153,2.4194385591171965,4.607825048721078,0.6276556548865077,2703.125,1.7854444315930416,2.6856860138300087,2.599534386991802
99,0.12468694623451383,3046.875,7.4993118878977585,28.56121006359172,3.828747434196879,0.4330110050621272,2843.75,0.949562801734726,1.7637026625350531,4.77093840115972,0.07036829931162357,3281.25,0.5721894710345281,1.075694814687921,3.9480903369342815,rucwar1,0.549188845815151,3234.375,1.881131466113284,2.218223730085356,5.714518078253441,0.5638773349501309,3765.625,0.930246330384278,6.878798650964312,1.6378321564993474
100,1.0,3187.5,9.380058334700411,4.737535266188104,4.703127973509091,0.5688876872445296,2812.5,4.8013533681201634,2.3195811634524257,4.368523985659089,0.4295702919712056,3265.625,3.7521030666557067,1.7530643757241364,4.975617341969435,rucwar1,0.6580159961977946,3046.875,4.9256677001695355,2.924113376303921,5.386192763692986,0.5238568312137757,2609.375,3.8707761047018523,6.3006259391425194,2.899941895536129
101,0.12918775609678834,3062.5,4.6187164932939915,28.708829228150677,2.767895870607632,0.7569388202383399,1109.375,0.7186449827469257,32.91352410880507,1.2144301787348972,0.4322473717598634,3437.5,0.44370907994375053,1.7613304637614815,1.8234414185675536,rucwar1,0.6104998442889976,31.25,4.199254390884114,2.567393068622983,10.25922263634326,0.46115338908962505,3171.875,0.6135818283346688,1.855815699221921,3.696682503535652
102,0.5707949467462506,3734.375,7.394693086331726,6.989666075125115,3.7233414920852943,0.012716031693422614,4031.25,2.6611690271159723,3.038639435364985,3.025503993897509,,,,,,rucwar1,0.486677952989284,3265.625,5.942308504645673,7.792379118126007,4.018105233060397,0.587167570509428,3093.75,2.0762664678366014,2.4222903254814128,3.942900661083181
103,0.8622753958215771,3171.875,10.852473259805183,7.260866756273232,5.461850697698119,0.5451773516726821,3406.25,2.364869254807845,2.1986591997510634,3.2144094297058934,0.4901576905573778,3578.125,1.3518664985738131,1.961390770203508,1.647210860901357,rucwar1,0.6239483828771577,2984.375,2.8737484919449283,5.318418825856753,3.756387691680577,,,,,
104,0.6548426079451835,2750.0,7.0278762770479215,2.8972289831219484,4.7493944571685605,0.7357247395813011,2359.375,1.7872690923572203,3.783933457924405,2.2926636462214103,0.6550188192306234,2593.75,1.2877159745135855,2.8987088448413374,2.3524050033308064,rucwar1,0.9739744054260376,1109.375,3.1683472327633453,38.42371390048706,2.9945441882922785,1.0,140.625,1.4233849291159484,4.565905280671612,2.6276772596833986
105,0.8378500755424797,3218.75,5.586100411329847,12.334264149003387,2.833537622527929,,,,,,1.0,3984.375,1.5920402390960635,4.162355976794089,2.0569882526751777,rucwar1,0.6616278388491665,3531.25,2.880793122603692,11.82130346183223,4.18195858895092,1.0,2515.625,1.997758257193107,7.777736262065133,3.0060425784338682
106,0.605975182222448,2578.125,10.367160926035478,5.075822409564836,5.2103648539023455,0.3602841280215961,2765.625,2.619498973715213,9.37916388012107,4.393447375671006,0.34329821861608806,2343.75,1.4779248216598884,1.5227612111735596,3.039382692406712,rucwar1,0.6255325078643286,2234.375,5.837358209224428,5.340917548259141,3.5507089470637947,0.7126175372997419,2968.75,2.5141431193701758,3.479683452511182,4.078354857263136
107,0.2959857166780953,328.125,2.5585033075410246,11.363405813660266,3.5882506512252346,,,,,,0.4749739718706981,2812.5,0.6841857505583593,1.9046674763212368,2.3591288017176333,rucwar1,0.7543969860511053,2875.0,2.534277005897416,4.071611271871774,2.3498209578529146,,,,,
108,0.758287447997054,3015.625,11.454887895881324,4.137145513187136,5.741974307186035,0.5832422461319069,2828.125,4.651716379673399,2.3994754523907598,3.887108502820888,0.5441791092782666,2500.0,0.9914785399831916,2.193844161939637,1.4186719310283311,rucwar1,0.5185626331704694,3250.0,9.048982815237055,6.231340163220551,4.98470597853,0.7178191555942652,2687.5,3.7813123327504217,3.5438266623164054,2.8901277554288063
109,0.6788002252154132,2890.625,8.749717371964518,3.113327214101105,4.464332906481318,0.640552408073785,2796.875,7.165316489344439,2.7820467363299883,5.220676115378531,0.4171247337388853,2718.75,1.6641813511375454,1.7156329284900949,4.754807434902338,rucwar1,0.8886371510105339,3203.125,7.20651485316028,8.979655325579813,4.5064502108472215,0.9079265568760264,3937.5,1.7497810501055846,10.860895021092405,1.1440236786210771
110,0.7674734790963923,2906.25,8.339060906269253,4.300584707989259,4.226056621832435,0.6423868131646473,3234.375,2.8802619168741863,2.7963174648266147,2.9034565502359313,0.7358660675680679,2531.25,1.2337597935411786,3.7859580963067,4.218366552150669,rucwar1,0.7209019650055547,2734.375,3.4850947897572517,3.5829704068676165,3.9906602183780304,,,,,
111,0.6395646343022665,3328.125,9.059173536516935,5.548845064435851,4.832357413847552,0.7257280129945792,3218.75,3.015878868521699,3.646015806857577,5.261470484008468,0.3433739629839941,2750.0,2.428620062723261,9.13762120562049,3.0102504594933754,rucwar1,0.7248603704297829,2484.375,5.3626157221099975,3.6345182319321054,4.389153001581205,0.5337069319011162,3562.5,2.941994283059341,2.1445740209630055,2.380145766712844
112,0.8104333034495306,3406.25,8.837723542928135,5.275188196011868,4.537431382429663,0.634267111276655,3218.75,4.005933275622031,5.4684718319464025,4.26641222451755,0.4133242772915721,3546.875,1.5960558227498531,1.7045191428468058,2.206853474487644,rucwar1,0.5482722323605091,2812.5,4.224152442195121,6.641168010717023,3.5629231249472317,0.64833002439651,2500.0,3.389806368345523,5.687150279371622,3.1682971090156986
113,0.7987548722344229,3421.875,9.758742722809156,4.969064399734748,4.923829492631847,0.547258351112067,2500.0,4.002337623340183,6.626295608917104,3.553243550949555,0.7665400479129686,3718.75,1.9269413441883965,4.283389896470169,1.531564231841528,rucwar1,0.5978514083799621,3296.875,4.448577751486867,2.4866430489574607,5.634500638881126,0.7301098611782483,2843.75,3.330518565931319,3.705211329193645,3.456912718396584
114,0.7944580046006159,3015.625,8.785839981873671,4.865185813035055,4.584039206947924,0.4876964220892821,359.375,3.4299096094095187,31.23148205454933,1.926301946806782,0.7545752115970031,2343.75,1.942533317403949,4.074568043868339,1.7623886233695445,rucwar1,0.39533304870053204,2578.125,3.5043141854905167,8.269014850662304,2.5536339136541546,0.6623962456179388,3468.75,2.380165532213144,5.924104735330133,3.0967846222474296
115,0.7958342627410433,78.125,4.556429474960307,4.8979814802698005,2.9454501723838358,,,,,,,,,,,rucwar1,,,,,,,,,,
116,0.7508587190090151,296.875,5.119730900907656,48.1654423236036,2.8119031093666016,0.7902210005050638,78.125,1.2467169631203183,4.766921390642531,4.594007341732382,0.5337807642552446,2906.25,0.4647130829444925,2.144913644334224,1.4381025648944268,rucwar1,0.2484572703717167,3218.75,1.7563959587084348,26.611926656375342,1.3899798864299735,0.23770498455887745,3937.5,0.7225873193928145,11.806452643261624,1.4204581121170443
117,0.6475163332194155,3890.625,4.976634980909067,11.34804354634093,2.8542462381858904,,,,,,,,,,,rucwar1,0.7576836694821041,281.25,4.12494562747526,45.39520706875183,2.4289691988263256,0.5250855391837582,3281.25,1.7707150558117473,6.3169270416484276,2.234231113580099
118,0.2462890342177636,4000.0,11.028815415000468,9.287379801798524,5.546505451212076,0.6493691333439146,3265.625,1.1756721704931317,5.704004382368567,2.4003653569536656,,,,,,rucwar1,0.4861057118578133,3593.75,1.4704593530588022,7.783702003111698,2.5078386973433453,0.2542185814889675,3937.5,0.951243306482522,1.3408754565064385,6.84193026898949
119,0.7839890747731433,2828.125,8.006985352982278,4.629395475945444,4.043533759352136,0.14995067689656238,968.75,1.2360422717661586,28.23365579820546,2.521681868519235,0.7622357801350378,3468.75,0.9685532095032048,4.205847290933633,2.4167339455615644,rucwar1,1.0,3250.0,5.664803636339857,3.9567704991683854,4.541867194315238,1.0,3671.875,0.9857317195328492,7.125431809430609,2.108055299025815
120,1.0,3187.5,7.458934967171652,3.831760186714377,3.754937724853823,0.5156017971932867,2390.625,5.2405153719098845,6.193251714431058,3.999253291419392,0.7631176610256029,2750.0,4.4783423203447805,4.221505091217807,4.3330620430186615,rucwar1,0.7486560133598739,2921.875,6.686355482549069,3.9786111988101713,4.115354834323053,0.6414525350002567,3421.875,5.002890731115287,2.7890310143476142,3.940039119417141
121,,,,,,,,,,,0.4799200861259389,46.875,0.6739579280109584,1.9227814290135283,0.7043977606372172,rucwar1,,,,,,0.516512020685807,359.375,0.7347318340212163,2.0683037485615614,0.6486844239980841
122,,,,,,,,,,,0.6494678954373312,3968.75,2.19445990783075,2.8528057401407523,3.263176326621013,rucwar1,,,,,,,,,,
123,0.33353700551219606,2812.5,9.437093776520738,9.002750414689075,4.738565738303599,0.6974834653651483,2593.75,2.018983749708836,3.3056044397937967,2.0501160256561874,0.392042935015752,3265.625,1.6478960691176234,1.6448529963639942,3.294558918639793,rucwar1,0.6367673563447446,3046.875,6.624633347530147,5.5061130516072305,4.132561533527377,0.4676662529645644,2921.875,1.8510278722965805,1.8785207692899348,2.7283849035280876
124,0.7827776269440008,3328.125,8.222634687328013,4.603577366048769,5.34896904186463,,,,,,,15.625,1.421838436510089,1.840812046094718,2.9733227069181787,rucwar1,0.6143506766365672,3515.625,4.320080651375356,2.593029312948147,4.623399860943203,0.6232686835199971,2812.5,1.4623397789253674,2.654411662251817,1.9915731462492767
125,0.08135439000000677,4250.0,5.0068325887484,19.594063046793565,2.959449530926246,0.5140969051728583,1562.5,1.0069777179818915,6.174070574848344,1.2227973409933064,,15.625,0.6613388259493143,1.1102798610125897,2.0339267929204503,rucwar1,0.4999983329123999,3390.625,1.6551298102873546,13.999953321702833,3.5912226816948163,0.3305396771586653,359.375,0.7433205114195778,25.393588566755252,1.4087980126451218
126,0.7213274293323768,4187.5,5.215245647482271,71.7688143906143,2.781950779582066,0.6546614539945941,3703.125,1.185131134280156,5.791418372302672,3.7483355420345457,0.6350250766530527,3781.25,0.7982676685636694,2.7399142681630053,3.897949439044712,rucwar1,0.4092696573476948,375.0,1.2289856678395037,5.078459295878346,1.3304986243521268,0.6623245735496224,3343.75,0.9413577477747048,5.922847336046544,3.461611587463972
127,0.8801116539707502,3812.5,4.664160399292736,75.06984872244567,2.6006443919693982,0.7994613645132091,3687.5,1.4508485540840246,4.986570281445181,4.15367914938718,0.6549894386379257,3328.125,1.126812564690287,5.796923990106733,3.4352949623219597,rucwar1,,,,,,1.0,3984.375,1.2773496594394829,2.451277991406414,3.5683509879810553
128,0.5919704466253157,31.25,5.816870462848179,2.4508028688836734,6.4881076854097275,,,,,,0.5003364437565283,2937.5,1.8097107613935444,6.004040043573212,1.1301105335085757,rucwar1,0.2334161140077219,421.875,3.2814119391984526,16.958352813759706,3.647421031853346,0.5964536504827478,140.625,2.808882898993671,2.478030097896471,4.413995435754139
129,0.5161352550163993,234.375,6.0429099919860665,2.0666932451007405,4.9958923783669125,0.2698584705544049,3234.375,3.9589754508980213,27.391949633636408,2.663804033071348,0.7563428029607745,3890.625,1.6328780962979963,4.104126667101951,2.714670554819209,rucwar1,0.6158416129987596,468.75,4.494921277334087,2.6030929789299933,3.470083287429909,,,,,
130,0.5052079019898787,109.375,8.907461693732932,6.063152609075487,6.311194896472039,0.6588670015511511,2984.375,2.975164977208117,5.862815995796693,2.1895950900671504,0.6197506622613753,3437.5,1.9281965490833282,2.6298533639718755,2.5599676252891843,rucwar1,0.5170589404496337,281.25,6.508380555789348,2.0706460555063018,5.411532386237608,0.5726498359745595,562.5,2.1627427807146296,2.340001441863187,2.5824418899816117
131,0.617812869741788,3703.125,4.721823591704887,41.86430869399013,2.7602888087603565,0.7024962174610954,3953.125,2.024325698865435,3.3613018008240942,3.1790552214513137,0.6020015057759341,218.75,1.0635655372267807,2.512572320027468,2.369104490232665,rucwar1,0.7320119538291581,46.875,4.635104256756961,3.7315097232452734,4.699484890484199,0.6113852366166144,3171.875,1.2993712880400032,2.573242434985559,3.568318325845288
132,0.6590943173992216,109.375,11.310716536035756,2.9333626602260594,6.62966636497682,0.7042511988640646,343.75,5.326581223768506,3.381247856826878,4.5512282322775945,0.28367999445105885,3062.5,2.012859512538845,12.564217012343507,1.7094010921859801,rucwar1,1.0,3796.875,5.4147864058336586,8.436034317321344,2.9424706678442125,0.7225720081696818,218.75,2.9091186828983027,3.6045389414476414,3.847820112464437
133,0.5665679194511266,359.375,10.01429329048396,2.307166554754456,5.828934690232545,1.0,3796.875,4.0093408267973265,8.057996196501165,3.7537071791098064,0.6687220166170667,3093.75,1.2380921451629376,3.018612917732213,5.00298316370526,rucwar1,0.22397657715079167,3031.25,5.650381451182168,15.463450775675568,3.0484842984745604,1.0,31.25,1.8306395888352451,4.739226512693593,2.0316399420856013
134,0.843215109742148,3406.25,6.1077628671040545,12.756331281099564,3.1692532786679672,,,,,,,,,,,rucwar1,0.2331187838538672,3015.625,3.2524994530914415,15.647794922275608,3.6696996307833434,0.6438634878328624,3906.25,2.1848681395005936,5.615824077766519,2.1543430151887604
135,0.6650760286828251,203.125,6.502394578500446,2.9857522471958102,4.022873683701178,0.5888198701016973,109.375,4.1912576606942515,2.4320241356199057,3.5912472636916086,0.24546087299204997,3125.0,2.7986888356456125,14.578435506213452,3.0739678220642097,rucwar1,0.4299865873496038,3500.0,5.19788070427135,12.280412784415093,2.9205123296749864,0.4419311093318049,421.875,3.511210956394629,5.375680404632477,3.3996618720242036
136,0.5528528861377382,234.375,9.272078422122961,2.2364004351105753,5.84864968517962,,,,,,0.659274197520368,3828.125,2.684063892366801,2.9349112768170187,3.4552107760548143,rucwar1,0.6259123480083549,468.75,6.740381479162156,2.6731702975920046,4.0421516893263725,0.5631347309959343,3000.0,2.9317151169909748,6.8671057482760895,2.768359655910108
137,0.329036973411603,3578.125,5.495120189174264,28.317506698704534,2.930907563042342,,,,,,0.5959515350752391,3781.25,1.7204195859814848,2.4749506230303666,3.93588564889598,rucwar1,,,,,,0.7128016627212064,203.125,2.18864487567993,3.4819143086795266,1.6252440728887627
138,0.5745868504959137,218.75,16.992958448779618,2.3506560649705417,8.961564809683914,0.561259744176249,671.875,2.6458956589202183,2.279252899013024,2.5027717060137404,0.5469729123722913,890.625,1.3045338756625011,2.2073735264629164,1.3689502916215373,rucwar1,0.5756621805845983,453.125,9.725565671574019,2.3566129490359167,6.514565973983657,1.0,2156.25,2.565853414151118,12.29342480742278,1.6635498392120522
139,0.7804747862560644,218.75,7.016144639083576,31.886997764936126,3.955905306562607,0.40474053149345823,437.5,1.0075474970147695,6.71975871301246,4.824331084994195,0.10157021270466593,140.625,0.4953609087008815,1.1130530333488124,3.339427639635768,rucwar1,0.6122648964652913,3812.5,1.8887433722975624,2.5790803847361303,1.4054006952361462,0.473300966902609,3640.625,0.9634494004170427,7.594469988822567,1.3587971889008066
140,0.7599293454931579,3765.625,4.288515500602529,4.165440386932005,2.566370321729736,0.7282511012512969,3593.75,2.1192188606396694,3.679867718340745,3.0101633239515584,0.4173017090327136,3375.0,0.3963076591145141,1.7161539951318332,1.4987504962095812,rucwar1,0.6442729884446109,421.875,3.566572658912897,56.22288819887906,2.662613222589704,0.6376245887173146,2546.875,0.4884850158185177,5.519138268572591,1.2721184659126257
141,0.5134386420289427,3484.375,7.744084766524838,6.165717747315341,3.967142142757136,0.7036386637231287,3062.5,1.9314737530159876,3.374259316558636,3.635053513012165,0.5999178643405646,2453.125,1.2838321048064236,2.499486757517303,2.4835173590044253,rucwar1,0.3524906128085694,2875.0,3.2239406236466563,9.266274927727268,3.8639363235081805,0.7145899337101201,3375.0,1.4267816355372542,3.503730660236556,3.3995357747792836
142,0.43901171224076496,3750.0,8.107187832992869,7.130273639004598,4.232896663780002,0.7753817539462322,3593.75,3.2377220973972785,4.45199807926835,5.70334491773408,0.5521524707694696,3390.625,1.1404764752274603,2.2329027955522065,2.903889716824246,rucwar1,0.4110533449861637,500.0,3.573418297817171,5.093839950461252,2.1917500586828385,0.6346944260344953,3093.75,1.8409788032832748,2.737434277677977,3.1937470647696604
143,0.3421872847807693,3734.375,7.519015930454607,21.282653369408024,3.9223402705199697,0.639769519652913,3531.25,3.0913547817381053,2.7760005178809024,5.753058863599852,,,,,,rucwar1,0.5269782127639517,125.0,3.3548604540208635,2.114067527086185,1.8808503731974835,,,,,
144,0.5521915483269335,2984.375,5.273977990055445,6.699292942756301,3.0000667384957653,0.7442982989128308,3578.125,1.7226903754597394,3.9108069901306517,3.5282418223110468,0.6011325039476128,2781.25,1.165225043979452,5.01419649330694,2.8274986272066784,rucwar1,1.0,3437.5,3.128530237277337,8.583411674855029,3.04542715042248,0.6302373794138552,78.125,1.395649465056754,2.7044377779852593,4.011890435301435
145,0.6613551003166989,2625.0,7.877679626356773,5.905891397952218,4.177905242539014,1.0,2093.75,3.9189302714185286,4.476721673696375,2.9593874242950453,0.6264670668136887,2437.5,2.9703557767402233,5.354280231570471,5.084551225625273,rucwar1,0.7994034776170651,2984.375,4.0226922425288585,4.985131288024121,4.130669642333284,0.6958413161488934,3656.25,3.5404437342149766,3.2877575196555138,2.311865418128683
146,0.7915890215899248,2781.25,8.299086948598937,4.798211723915871,4.347503451233337,0.7285831696209417,2218.75,3.4347074109998847,3.6843698992557283,3.2217744897286273,0.5835776491151894,2500.0,2.3465900507241573,2.401408084544954,3.683526825100326,rucwar1,0.6436724857358941,2656.25,5.567675559038284,5.612813829800472,5.3028940709792,0.6352852696689033,2968.75,3.3171133307248786,2.7418689645251675,4.199491361446787
147,0.451383848303859,3000.0,9.902471680801689,7.291072250850277,4.9723824595254875,0.4479487784494486,3109.375,3.979301476966684,1.8114261158435452,6.194325739163305,0.7709134897885347,3531.25,2.7224167601755207,4.365163182576397,2.163600153564873,rucwar1,0.4335031154293231,2593.75,4.498470225319462,7.060939095951825,2.5860946797423603,0.6610696426416856,3390.625,3.945316846088175,2.9504586363823653,3.3409438728003735
148,0.5175222769454515,3375.0,12.129290681713245,6.217903659897728,6.074926051210491,0.5247130972053358,3046.875,2.583954442887293,6.311977002438197,3.5085156744008605,0.6571543858217397,3609.375,0.8753488133971268,5.833529487590624,0.8172077988720876,rucwar1,0.657467040506835,2859.375,3.7689359058964986,2.9194270866069867,3.810606669690926,0.542400140721861,3734.375,1.2416526087528608,6.555946072038751,0.7670779976417574
149,0.12261169884778975,2921.875,6.12785223352021,30.773147948910264,3.102463523314685,0.615939178756816,3140.625,1.006219805813915,2.60375426153351,4.501758001601738,0.4181236225809025,3718.75,0.8600896281306594,1.7185781014783288,1.528624926510025,rucwar1,0.7631440597785579,3546.875,1.2995238602164871,4.221975598606804,2.008451242060535,0.5364710469962717,3203.125,0.8982395215536592,2.1573625412606248,4.241727648275671
150,0.6076542371237439,3359.375,9.516017376754267,5.097544536579561,5.185056020656961,0.4935715716111734,3265.625,2.52049294442155,1.97461268748566,6.041824848821091,0.7818422633228445,2421.875,1.6065364174142738,4.5838392680057325,2.159246286126653,rucwar1,1.0,2937.5,4.055498881446401,8.884965647212939,4.270517768011473,0.6141120508972231,2812.5,2.014079924606759,2.5914258331339117,4.18526665932148
151,0.7725685249935461,3468.75,7.103030903734545,4.396928789085251,3.5669485692471135,,,,,,,,,,,rucwar1,1.0,3921.875,3.7890233589848923,16.060482358666714,3.831024645722468,,,,,
152,0.3738465568719709,3578.125,6.844516253438166,30.343999874987645,3.4351017431084494,,,,,,0.5702001828313359,3250.0,1.286352020546223,6.979993662544359,3.1595285646510383,rucwar1,0.5643609961370932,3687.5,2.0812087653871933,2.29547857545532,4.5223802331334975,0.6226680850967661,3015.625,1.628236847969387,2.650186640736308,3.2604660298128385
153,0.3868252231267372,93.75,2.129227705042084,1.6308563850249342,5.2124836836948125,0.5420367220490755,2796.875,0.22289255669296829,6.550743573639722,0.2800907706508925,,,,,,rucwar1,0.4181013686724293,2968.75,0.3169802242444024,8.592561884176916,0.28620907270038626,0.6291972373863013,2421.875,0.21538771622991104,5.393703072497317,0.25153820256422416
154,0.5058491880912368,2765.625,9.50487530134811,6.071021088505063,4.7735199405303135,0.6612512970500932,2453.125,3.965258038537484,5.904081646906718,3.7195101897010105,0.40192358836276204,3093.75,0.7428865702220655,1.6720271532904858,3.47956180725043,rucwar1,0.6963030235217644,2890.625,4.199325472213738,3.2927558634146123,6.739203107171665,0.7973500100800612,3171.875,1.5035128738079235,4.934616579033985,3.184267491969998
155,0.3468256679731828,3078.125,4.745286353038045,85.73515102197987,2.5110543909160574,0.6664011551579275,3468.75,1.3421356762888044,5.995224596616367,3.835678328264816,0.7474631670125358,2875.0,0.8649393516055177,3.9598184081513352,3.9395382376918113,rucwar1,0.915147001431736,187.5,1.989111725228513,11.785087349570839,1.4124570185548355,0.6332616131788819,3718.75,0.8760844219831658,10.906957503608849,4.055689709815422
156,0.5054023097113849,2765.625,9.515928157309489,6.065535805978782,4.770001676574196,0.6623489972368399,2453.125,3.9742293464934666,5.9232757599801005,3.69805676444428,0.3949731253985417,3093.75,0.7419337735469194,1.6528191423872158,3.441593190902968,rucwar1,0.6949401850341959,2890.625,4.221088884227728,3.2780456518407566,6.744592642329772,0.7922551650549515,3171.875,1.4962700207479136,4.813597412732378,3.167604818888509
157,0.4924751151401071,93.75,6.901030295606263,1.970346735364631,8.713116689655335,,,,,,1.0,2937.5,1.605925425296005,3.1163393690559356,1.075426598018605,rucwar1,0.6468313325980346,3468.75,5.706781992967264,2.8315082630527684,2.987928735627321,,,,,
158,,,,,,0.6119372529449694,2953.125,2.848329895287041,2.5769028529249454,1.7344844451973511,0.5802334961842961,2328.125,1.3685225201854083,2.3822767917638434,0.8369945207376928,rucwar1,0.6731818844466066,3968.75,3.6123365316304423,3.0598059055163565,2.180550632207694,,,,,
159,0.6056416843096409,3171.875,6.134280184527855,2.535764963519057,3.6551888583325787,0.6236219702214589,3453.125,3.1459488703921585,2.656903221977103,2.4729393311450982,0.6893613010365613,2953.125,1.2704527389164189,3.2191739256469702,2.0265867356070464,rucwar1,0.6624874273811305,687.5,3.1482263903861787,77.03416734451571,2.685442350633799,0.6539744768569203,2718.75,1.7141846760023336,2.8899602287040125,2.1692326578820005
160,,,,,,0.15260181678910625,2140.625,1.5162320613163471,24.78173828557016,1.4821967312477695,,,,,,rucwar1,0.6219113183432066,93.75,5.6385837324254515,2.6448821361643957,3.8320515595157514,,,,,
161,0.4226896456348685,2875.0,10.122497818833489,8.660852801607035,5.070954419234872,0.6466551785881763,3000.0,0.8799242756343388,2.8300966630964126,3.9493114204551314,0.5347632464227571,2265.625,0.3505391087773664,6.448329752395438,0.7328512431022547,rucwar1,0.6318246920148118,2531.25,4.953148926412188,5.432194817585269,4.52168618536561,0.18478619525999374,2468.75,0.7109469225971412,1.2266720634336252,3.3344295863306814
162,0.6642004389794383,3046.875,8.332850643271806,11.911867864994235,4.231874637104718,0.3862029463030927,2484.375,3.504506206116627,8.146014989620653,2.090135079046551,0.6165412292948135,46.875,1.6249010117382356,5.21568458669486,1.2100936840242946,rucwar1,0.7964421135356181,3218.75,4.4527378957765995,4.912607501330967,5.684244640867727,0.5308958866921905,2953.125,2.745182737625377,2.131722940881218,6.582299090256238
163,0.4444025440841064,3015.625,8.58412516108634,8.999321265353133,4.403143570105266,0.7023434739702785,3687.5,4.372051256222763,3.3595769370101034,3.61750631385112,0.614793698463987,46.875,3.875250538406175,5.192023058877764,2.6095150965736646,rucwar1,0.6690222772668877,2906.25,5.898975010801839,3.0213513820274898,4.6811735558213945,0.7913521727489667,2531.25,4.077344305491892,4.792764981908277,2.2630219716157547
164,,,,,,0.4851233657585306,1609.375,2.8853530618681633,5.826638461501916,2.0050955952875578,,,,,,rucwar1,0.7865809146007238,2296.875,4.144352542273746,4.685616556406586,2.702013415127273,,,,,
165,0.7688988649969611,1468.75,7.774231656779442,4.327109860307913,5.080027413394905,0.2877494555359461,2593.75,3.7222734661088506,11.232002645950587,2.4458237273225603,0.6438328649218502,3203.125,1.6007371142736408,5.6153412345615825,1.8402030708052752,rucwar1,0.5870371554536917,31.25,7.140681244698357,2.421525358046741,5.912804965150838,0.5300372612887871,2796.875,1.9562595830837832,6.3834848018524895,3.1809213338418028
166,0.6314099150947943,31.25,7.8430463154413035,2.713040965974928,5.221755406755019,0.3492759866476228,2546.875,4.349835286775097,9.22049882420876,3.1418464947698137,0.4607645338427155,2890.625,1.1690184962739592,1.8544774273217401,5.976891329362361,rucwar1,0.3277083918519729,2796.875,7.3711391701010776,10.412148411733142,3.852861405718112,0.7430216202483959,3109.375,3.3128701177802844,3.8913779476958434,4.036735052211137
