,peak1_accuracy,peak1_freqency,peak1_prominence,peak1_width,peak1_width_height,peak2_accuracy,peak2_freqency,peak2_prominence,peak2_width,peak2_width_height,peak3_accuracy,peak3_freqency,peak3_prominence,peak3_width,peak3_width_height,peak4_accuracy,peak4_freqency,peak4_prominence,peak4_width,peak4_width_height,primary_label,peak0_accuracy,peak0_freqency,peak0_prominence,peak0_width,peak0_width_height
0,0.7339504602521768,3015.625,4.979007957082934,3.7586984775386436,2.8726915286804915,0.5902115785704269,2796.875,2.175959501124704,2.4402836871560107,3.3311588067551536,0.4900153003830256,2875.0,1.0244538625659791,1.9608431404923576,3.609672310301797,0.3351836501555807,2593.75,0.8612944519310293,9.025048799422764,1.7313758243481838,scptyr1,,,,,
1,,,,,,0.6160484279121273,2953.125,1.4439062457963656,2.6044951308888926,5.741095778228844,0.5069669772523463,3171.875,1.0427641646651526,2.028261706339748,4.2502989499286405,,,,,,scptyr1,0.20347057898094176,3046.875,8.008332409334027,16.320803296089366,4.160729177068143
2,0.7916405232150038,3828.125,2.408177248279012,4.799397730451631,3.5759496967007323,0.9510957354878976,1031.25,1.5995755279190824,40.89622898847715,1.4761496471108702,0.6903223738165218,3156.25,1.5286465075885691,3.2291645099588777,3.4880967567590826,,,,,,scptyr1,0.3944360421520993,3359.375,8.275814610167162,9.908119402157382,4.492251459698918
3,0.4644033626083916,2921.875,3.840475192841555,7.468306783030357,3.8828170908277433,0.2483434785126309,3890.625,2.86289365518958,1.3303948963566654,6.449695993060436,0.4071008821358201,3375.0,2.370807755848951,1.6866275726675612,3.305757807847603,1.0,3500.0,2.000718736621564,3.91905005138014,2.9753319052254987,scptyr1,0.8773424063203473,3937.5,8.273039885492848,8.152776929667482,4.151432535192863
4,0.5990129897236279,3046.875,2.323109810577001,2.4938463700127613,3.302669149444413,0.6596568134957459,3609.375,2.0047923408402544,5.876421445489997,3.7554855930935087,,,,,,0.8780725618414932,3171.875,1.0829818610721509,8.201599370110529,2.7537322943154408,scptyr1,0.8210511921323609,4000.0,6.4769725443376185,16.764571028709927,3.427087617521116
5,0.6940247665473905,3187.5,3.655107629819525,9.804715127260947,2.026944101226367,,,,,,0.6189214777024873,3375.0,1.6976956258255078,2.624131095006419,2.2974170556792126,0.5934956460003062,390.625,0.906561764345572,2.459998251336696,0.6995136097007904,scptyr1,,,,,
6,,,,,,0.4498964871919938,3578.125,1.9292818911083112,1.8178396914709647,6.572648792399281,,,,,,0.7004665770903895,3703.125,1.5726649158508348,3.338525598533181,4.058696299961188,scptyr1,0.4577126746095451,3531.25,7.62090586128618,18.440408860376465,3.8647386612164336
7,,,,,,,,,,,0.7350659518205025,3078.125,2.5966540739366906,3.774524289616721,4.6169190321317375,,,,,,scptyr1,0.5006482101367427,2937.5,8.44427943478779,6.007788618964441,4.63658443134683
8,,,,,,0.8054765353731207,3406.25,3.1949800939454818,5.140767988674924,4.153428416823462,,,,,,0.5320224574310366,3687.5,2.043637536363089,2.1368546757831552,3.105510989397797,scptyr1,0.8670554490582222,3218.75,6.238045256843091,15.043865926297993,3.35806121524181
9,,,,,,0.569665172817915,3281.25,2.1761158641957348,2.323771948805984,5.545715378953693,,,,,,0.6356956074165288,46.875,0.9419987703769775,5.489914589876238,0.7043312802506836,scptyr1,0.8508463542033765,3390.625,8.104867931612333,20.11348756496781,4.185602483497568
10,,,,,,,,,,,,,,,,0.4620882878166325,62.5,0.8996499734087753,3.7180822701964598,0.9643398698959964,scptyr1,0.31152216546326017,3296.875,6.4652332576188245,23.23967337418497,3.4170819342587406
11,,,,,,0.4581510636680074,3468.75,1.4589439746022668,1.8455328283366723,2.8705562848197896,0.3700736717219083,62.5,1.0019178207523969,3.17497445370638,1.3479436263377071,,,,,,scptyr1,0.3184096850781001,3296.875,6.487950356788062,20.540197965700546,3.4721880712162005
12,,,,,,0.4052676843200092,3437.5,1.8148836012623049,1.6814287262272671,4.3907759956953765,0.4587881774622213,3390.625,1.6682354249955702,1.8477053869794131,4.513191831251195,0.4355933266921945,62.5,1.5387247266010031,3.5435442112663997,1.5607463950558793,scptyr1,0.16105242034003342,3281.25,5.460380731841191,33.37514843460025,2.9822340765550286
13,,,,,,0.1425081323834665,2484.375,1.951822714742532,24.490028177609616,1.5942032640742083,,,,,,,,,,,scptyr1,,,,,
14,0.7404231331719221,46.875,4.559583859909578,7.704846831842812,2.824990791152281,,,,,,0.7259384878206389,3406.25,2.654571398371764,3.648815888257758,2.189456617203664,0.7091056131525484,3062.5,2.557736597120441,3.437673757948488,2.2453661259045066,scptyr1,0.5223255756407856,2875.0,8.791741502596475,6.28042835666659,4.709924174079488
15,,,,,,0.7951946084376429,46.875,5.515297026358301,4.8826839585203485,3.2864840576193157,0.631373778174041,3140.625,2.3513711581414167,2.7127750029463016,2.839209399995304,1.0,3375.0,1.5331454689264834,4.045455333758697,1.86591607202542,scptyr1,0.6660718679324911,2984.375,5.870366509725648,5.989312693174554,3.4059362611597668
16,0.4416740953472256,62.5,3.1081932658740867,3.5821372129308773,5.2149552863375845,0.4650820372846821,187.5,2.112455420943475,1.869445540628064,3.48157522981983,,,,,,0.2734354345134483,2921.875,0.549629145046842,1.3763401733338585,1.877526670626095,scptyr1,0.3883603734829709,3343.75,8.640162844083392,16.349496609539216,4.903973304488778
17,,,,,,,,,,,,,,,,,,,,,scptyr1,0.3755794400660266,2968.75,0.12430716515781533,9.608908458482604,0.08034468169395143
18,,,,,,0.7927335034640518,3843.75,3.4405219142855623,4.824706436944865,2.886705222765832,0.6262710236948367,3468.75,3.4045600650247425,2.6757357962617903,3.4809811035896923,,,,,,scptyr1,0.6532886761855358,3265.625,6.441712765943706,5.768487680172398,3.907299758713625
19,0.20447471120022245,3125.0,5.882045288795493,17.59843489214785,3.8580635653248834,0.648218509193033,3218.75,1.6054528051228931,5.6853474451203,5.795449123940892,0.9000704752674169,187.5,1.0386941777466072,10.007052497007816,1.4411244389774427,1.0,93.75,0.83589784937335,4.684877848454977,1.4983863748040964,scptyr1,,,,,
20,0.728090152870557,3578.125,1.9447412449770003,3.6776895377531114,2.2732854692445965,0.5192121898692182,3281.25,1.632525464945628,2.0799196213564244,7.471367873618864,,,,,,0.5540511300857784,562.5,1.2176151146667975,65.02987664388108,1.3165545846747926,scptyr1,1.0,3187.5,8.902575266308071,16.378078975617427,4.495310291402635
21,0.6361820636342654,2875.0,2.167607450493035,2.748627541536962,3.503079040191322,0.5517363782921594,3046.875,1.241178330570205,2.230830144525441,2.8912989481509137,,,,,,,,,,,scptyr1,0.2428964672289906,2640.625,5.168647653649987,15.849879812447623,2.6880784927966244
22,1.0,3984.375,3.937362705497109,2.315882228377234,4.391934705078812,1.0,3859.375,3.3546718773086392,3.3748540504048483,4.313826309129299,0.6445508422853223,93.75,3.1978162452815515,5.62668375094426,1.841440189407444,0.7187675575573607,3468.75,2.7682590232792528,10.667332594858381,3.9876275859989847,scptyr1,0.6292929939578807,3718.75,6.707543623993884,8.09264446342604,3.4131732913080413
23,0.2629322596333076,3031.25,5.092796113475601,14.924001414751215,2.876703093981676,0.7055736653355725,3625.0,3.325257397411652,3.396435312553649,2.8616301161233517,0.7286564079317533,515.625,2.674056935833573,3.685364347017586,2.4847823568368588,,,,,,scptyr1,0.44069377294774337,62.5,7.574318483050624,5.363787948171202,4.07121763098943
24,0.7423917539176902,3093.75,3.435592903597948,3.881863314579164,1.936249507214295,0.5350838723244442,656.25,1.7928201339675365,2.150925598128218,1.8114029676420205,,,,,,0.4181359752348246,437.5,1.3188024941911496,1.7186145859482769,2.106925174375489,scptyr1,0.7224001200369645,93.75,16.32327777703485,3.6023070331772398,8.378069897707343
25,1.0,2937.5,2.6859991004734987,8.23598446150018,1.5999019902933158,,,,,,,,,,,,,,,,scptyr1,,,,,
26,0.4975391223660299,3375.0,1.7142292569359698,1.9902046995357807,6.822357758863952,0.641804984878322,1062.5,1.6327806701518244,13.958876558629697,1.5695352329064356,0.5524286714289095,3062.5,1.4794951426226892,2.234280741781617,2.8462093461854607,,,,,,scptyr1,0.2863533558975975,3296.875,10.564261962581133,11.210029593934536,5.314273070513035
27,0.6201476524254976,2906.25,4.8068423574199,2.632601868555952,8.147639229504447,,,,,,,,,,,,,,,,scptyr1,0.6459732450028774,2796.875,11.703006966725061,5.649290545897458,5.8532368556856325
28,0.6129681925168061,3468.75,6.087572777337097,5.167533937341432,4.758298190301218,,,,,,0.6918730172708247,3875.0,2.3506641329716835,3.245415221811129,1.4234717879464958,,,,,,scptyr1,0.3623499742564259,2953.125,8.139456669862946,9.409550314066564,4.073100045223768
29,,,,,,0.5530483883355437,3062.5,2.1371580521369458,2.237378664495651,2.4689171933996787,,,,,,,,,,,scptyr1,0.7878207358638661,2828.125,15.213255955657267,4.712995890863311,7.60721549504383
30,,,,,,0.4547603021153944,2687.5,1.938651116655424,7.3362229777453924,4.169186697576402,0.2357661936166219,531.25,1.89496924141008,9.159500589389587,1.7644506317279742,,,,,,scptyr1,0.2736782864890812,3078.125,7.135631436226026,12.391203281663566,3.88118228651667
31,,,,,,,,,,,0.7329099845349332,3078.125,2.273809347748399,7.4881121876365455,1.4735410963673463,,,,,,scptyr1,0.5040332066550297,296.875,6.229998917266277,24.195168227025604,3.2639460450494093
32,0.4744307074838057,93.75,6.898901325831019,1.9026986816760931,5.29625795143517,,,,,,0.7146439601739971,187.5,3.5139234300579747,3.5043940216220903,4.739899367244943,0.4667612807946302,265.625,1.4287170045395272,1.8753326868127582,3.9684756577191296,scptyr1,0.6255621899933459,453.125,10.353593014309961,2.6706704645618693,5.5167307971240165
33,,,,,,,,,,,0.15083940453458403,2343.75,2.6797421377868225,20.019770218709308,1.6165234889889828,,,,,,scptyr1,,,,,
34,,,,,,0.4506711904378392,250.0,2.609304591216785,18.20403340573097,2.045721829455172,0.6292492688524405,2890.625,1.5839134592352218,2.697230014637512,4.372157354987259,0.4891967167334055,3187.5,1.1730756349209432,1.9577008072559463,4.12050203217906,scptyr1,0.2730584617459039,3015.625,7.065247878787142,13.756264395094433,3.6323333227230217
35,,,,,,0.5567534139750385,343.75,2.5196772329281094,33.84120819636786,2.41546022533383,,,,,,,,,,,scptyr1,0.4873311148761518,3453.125,6.944659353952623,15.604613878736556,3.5682450706711384
36,,,,,,1.0,3984.375,3.1877731711481294,6.366390414940327,2.90591707127906,,,,,,,,,,,scptyr1,0.4408206997347529,3375.0,8.500880597737241,12.518346077330733,4.304264548803438
37,0.20449099891017164,3015.625,3.899237480873509,16.34173841174683,3.0329684991169903,0.6059932471593008,2796.875,1.953517761618348,5.076055132508401,3.3427439069731766,0.292895167434552,375.0,1.6787862304679253,1.4142174596260342,5.292231768014741,0.5522158162312396,3437.5,1.4002257768019093,2.2332186715116507,1.6098706382629235,scptyr1,0.21589567778159569,500.0,6.940913550420077,17.854767029457136,3.4886166750615932
38,0.4374728786399769,265.625,1.0561264445181604,7.110768260078182,1.4627649134256508,,,,,,,,,,,0.21277681056683967,453.125,0.6877619587213735,10.162302263682546,1.5796698179732098,scptyr1,0.1952744381465581,3156.25,2.035298817292537,17.397235360282618,1.5354655499173826
39,0.34971396939311106,3156.25,4.4893457026697545,10.764493885048013,3.2600678586018685,0.4128490785405362,406.25,2.89849744648966,6.812558498686022,3.929193445742985,0.5196562918013261,156.25,1.8930757510372795,2.0818426117208397,3.865617304131328,,,,,,scptyr1,0.15654507730082354,687.5,5.328669118887427,21.340796663320692,3.3822854250898247
40,,,,,,0.1606831041231852,2531.25,4.1070287130069865,21.44601173695642,2.7559034999098784,,,,,,0.3498371594306471,1515.625,1.8162140640217843,16.918838348816138,2.304179763720258,scptyr1,0.19290857694215932,687.5,5.125242049570969,14.868204093329851,2.6654680421755743
41,,5250.0,3.720711781310946,79.7067481635707,2.1572021604535765,0.3645135112296337,390.625,1.6730098005035168,7.867987893298477,3.396556774287657,0.13940175021336088,2500.0,1.6627918037271625,23.239647541647262,2.3154596981620403,,,,,,scptyr1,0.22243577567054693,734.375,4.251729307232223,19.291010993896393,2.7930980354670094
42,0.3929351058282988,234.375,3.4307129709463697,14.825433139697347,2.619111635866788,0.3086318627111738,3296.875,1.5215729846051191,15.910481560715368,1.9540321369074696,0.6551799917434655,875.0,1.2564496612273692,5.800127463926245,2.440574979912591,0.1684720166083946,2671.875,0.973168868685116,18.03908022291512,1.8711903884701184,scptyr1,,,,,
43,,,,,,0.2730596029551497,2953.125,4.4511643010987765,12.380657391701845,2.9657853460521344,,,,,,0.7247584819573463,3031.25,2.5474694955044144,3.633172811686904,3.793202478895559,scptyr1,0.7746318929646266,687.5,6.420365795407325,4.437185070925062,3.302285862301169
44,0.7469731433703128,109.375,4.321276353326714,7.904299277317678,3.3533380064826046,,,,,,0.9096804757161808,3406.25,1.7292125508295864,22.143606444551462,1.3874315002504074,0.7793389646375014,2062.5,1.4413297188606735,4.531837704636956,2.6051034624781573,scptyr1,0.7475821539930314,1921.875,4.8067888672207335,3.9616850227475315,2.7817049873448623
45,,,,,,0.7850863966700133,3046.875,2.0932756602099394,4.653032588470269,5.160319477265073,0.6695474018036034,343.75,1.3870280080366206,3.0261526326558763,1.1154204081846562,,,,,,scptyr1,1.0,3187.5,6.12768646879262,23.72588411535276,3.20303477780942
46,,,,,,0.8863157038715982,3656.25,2.522893417270038,8.796289672854558,2.5131093507221203,,,,,,1.0,3984.375,1.5138190815139154,3.1727962264324105,2.5742992498477943,scptyr1,,,,,
47,0.5885351457619905,3375.0,3.1919908667078007,2.4303412301201206,4.409981949415082,,,,,,0.4420004330100896,3031.25,1.3320593799535851,1.7921160860292955,4.845028761238078,0.7597575115769042,1343.75,0.9610981968023488,12.487383142305118,2.262596752249957,scptyr1,0.1580796972097207,3156.25,6.3828231081745574,21.37969584572872,3.229840977246146
48,1.0,3609.375,1.833938414082123,3.0737711379841244,4.358038100745421,0.7784232896263501,3781.25,1.6945854952896962,4.513109696022099,2.3483272322722675,,,,,,,,,,,scptyr1,0.6842012561274287,3484.375,9.851200158952603,12.666294840026493,4.926502989350103
49,,,,,,0.5247176711849715,3546.875,2.1618813396080934,2.104012582359616,3.3854330423648253,,,,,,,,,,,scptyr1,0.4773227420417433,3234.375,9.09388505915043,7.65290614637658,4.55013325226978
50,0.11996561940093585,3265.625,4.641540918394644,29.54430028324697,3.081220134653967,0.5956453741347894,1609.375,2.4169163216757648,2.4730766906901778,2.0761232434263666,0.4856501794417738,2343.75,1.4294425610967452,1.9442020975426717,1.760479297680479,0.4869949756661016,3421.875,1.3696364265631629,1.94929864731526,4.4930122153402845,scptyr1,0.5814379545483979,31.25,6.935821652757302,2.389132055490274,8.645049747549104
51,0.4940203143988595,3296.875,3.2711414547401163,7.905455720515164,2.669762754467566,0.5170300583774066,3046.875,1.5511516133634575,2.070522228858352,3.220573353777301,,4093.75,1.287283975251325,6.723990110234468,2.4367510832345842,,,,,,scptyr1,0.6015546547735217,31.25,9.104414536788227,2.509754504552174,9.480870654895092
52,0.31406935269622105,312.5,4.7103297208091695,10.205113341290758,3.6728117773833895,,,,,,0.5778080342013139,3078.125,2.619950318044868,2.3685907857299924,4.9093270362896835,,,,,,scptyr1,0.5518487639943089,3265.625,6.242163740492152,6.6941687514656385,3.8430789505800167
53,0.5327608224784484,3312.5,1.3126936257195778,2.1402314876600315,6.4619970115374015,,,,,,,,,,,,,,,,scptyr1,0.95184502257392,3203.125,8.527149899534844,20.766285303217963,4.5177937452601435
54,0.7422984349635917,406.25,5.439086645623147,3.880457613281159,3.5034973171710897,0.02952267696070765,4171.875,1.7175346527245123,12.36504935779334,1.383839659240062,0.4635644290112093,3265.625,1.6342041625473724,1.864156767525202,7.108810687543037,0.5337326754535174,3312.5,1.6221785384476748,2.1446924271878918,6.7694752204569575,scptyr1,0.9323781523454209,3203.125,8.284199230688786,14.788120033456151,4.493520536038601
55,0.2995714997737621,3062.5,0.994408045796442,11.421579786396478,0.6868388256358364,1.0,3984.375,0.6368371422394732,6.1621752821962446,0.6381427687689024,1.0,3609.375,0.33003646063646463,4.932195046196399,0.5673438527893264,0.4025183972692133,3859.375,0.2357431052911785,1.6736917010155707,0.5525012448060816,scptyr1,0.4520900342478158,31.25,4.372529272799676,1.825117377865496,15.633627884867778
56,0.4405201713983241,62.5,1.6647864333277878,3.57474907540216,2.851180723922254,0.4683972137478052,187.5,1.1457564613736295,1.8811037599144476,1.8892529929799995,,,,,,0.4629172498668017,3484.375,0.6709982774892751,1.8619104779514828,3.892942586427705,scptyr1,0.7540168454333008,3390.625,9.682516639219552,12.195957098300171,5.156576958032673
57,0.5766563796067208,2984.375,2.8028111218760463,2.3621473238949875,5.837149516878028,0.6042439151037253,2828.125,1.6047795053037133,5.0536178124063165,7.132227140292276,,,,,,0.3332520862977149,609.375,0.6902735138221803,8.998903298674747,0.5413116300631501,scptyr1,0.24417055995987255,2890.625,8.664679806768229,14.55354795311493,4.494324499482653
58,0.6736816769832175,3093.75,2.9289602692534484,3.064492336057299,4.987640605475254,,,,,,0.4518398038766077,3359.375,1.4041210866004352,7.297136910501963,5.351454542235173,0.5380268415947003,3031.25,1.1470823410236566,2.164627926548661,5.448335053502644,scptyr1,0.9379646990138166,3203.125,8.402530146809678,16.119854084736716,4.351295223176672
59,0.8970276685313636,3406.25,2.019169100857222,19.422693178595893,1.2537921536998282,,,,,,,,,,,,,,,,scptyr1,,,,,
60,0.12334457879393836,3265.625,3.3480428623331795,29.658175117688106,1.8706325521615623,0.1892011651251065,453.125,1.9699733146759804,27.13373410729507,1.2476044260003163,0.5107144979446818,3109.375,0.7462095807984053,6.131389520838129,2.360102797699529,0.5651730818945973,3750.0,0.5380285600640293,2.299765627107746,0.9524220200297598,scptyr1,,,,,
61,0.1395998973990259,3031.25,4.511049408872727,24.407249530209693,2.6743314228440185,,,,,,0.7866254170033359,1312.5,1.0388145061006335,4.686593810546,2.2106846436150187,0.3996316538338319,3250.0,0.691123478901833,1.6656441106294153,3.416449422223736,scptyr1,0.20478071749242052,1718.75,7.594067578342731,13.832662564863243,3.8526463375809614
62,0.66736099644212,359.375,7.057923181991528,3.006262011682576,5.324562353430792,0.6657967627975405,250.0,1.0912118305102636,2.992191243779612,4.661003427664687,0.29777436082976616,62.5,1.0821441932028186,1.4240437036471971,3.3447778084316937,0.3236200366879949,109.375,0.6273459648091179,1.4784589346841919,3.236328996244259,scptyr1,0.7166966075210828,3406.25,7.529346494039539,10.589354309349659,4.099103116182723
63,0.3628681099755101,3515.625,3.2177889593057203,36.09927608413375,2.124081278479662,0.6295665736611615,906.25,2.1022754665888934,2.69954040023724,2.6354974402709064,0.7405543381858883,3640.625,1.2252996705876231,3.8543716360787816,2.4998820023009047,0.4520875709886602,3093.75,0.8575066386094878,1.8251091726544928,2.612511461135768,scptyr1,0.2840099992420445,375.0,8.220703715249469,13.966675497442534,4.246705158594411
64,0.15967061783126654,3312.5,5.24314810425717,23.800191239753786,3.1261092609527656,0.7535692328527877,921.875,3.769544578554377,4.057934857633349,3.2097373218466307,0.6218248289877655,296.875,2.288356032536774,2.644277246767341,3.5949636310538,0.4527073781214202,765.625,1.2786633275443284,1.8271761029182232,2.6616360548147457,scptyr1,0.5396017122852631,375.0,11.763263355643115,2.172032404733009,6.001963911786633
65,0.8846330246499279,3656.25,3.3352089082570138,8.667991831852902,3.0527702637724192,0.7540464868005434,203.125,2.440358223719145,24.39485381586839,1.6829389260511856,,,,,,,,,,,scptyr1,0.3451875288785463,3343.75,7.1111741667799775,18.325857446557787,3.6697927410114937
66,0.23785052650991426,359.375,3.910570598120054,14.432864395520825,2.3945925329833826,0.3031342231979232,3546.875,1.9041361082972068,1.4349965707729382,4.053058730805168,0.6757543971450821,2734.375,1.4313603426508583,3.0840819156688615,1.58268543654738,0.5412473889065449,3359.375,0.9858497986335945,2.1798241052327967,2.5449439467434067,scptyr1,0.6013126730858951,3640.625,12.590365208123007,5.016462438072153,6.474984243867726
67,0.11574634187268062,3250.0,5.3812611012157925,27.141533178191683,3.1505288435394134,0.3709298839648544,3375.0,1.4949621778198177,1.589647917632334,4.973358527866704,0.6050771232469252,3609.375,1.140591563847444,2.532139966723804,2.6777560837100545,0.4068343204657144,1250.0,1.1189135667736518,33.71739244202847,1.3416550824791602,scptyr1,0.6541636503189581,78.125,7.0336144461275065,5.7830820902561575,3.7259902287108018
68,,,,,,0.34615306579358285,2656.25,2.9380262475165004,9.176459636202594,2.5708599305299846,,,,,,,,,,,scptyr1,0.2125513049035588,531.25,4.655931533544021,34.28794811412219,2.4392740037049303
69,,,,,,,,,,,0.3486114159628396,3421.875,1.367012864101441,1.5351819551430026,6.458334681488191,0.10330393374417646,3375.0,0.9564775361407144,1.1152050707387673,7.0827314108877735,scptyr1,0.13197135563081974,3328.125,7.169653106158795,23.040714301006204,4.011684649780433
70,0.5998054191094804,3593.75,3.781325247213701,2.4987844607360334,6.456588433152269,0.7679078888551049,3421.875,2.1022094899673403,4.308634167129013,3.604991123287183,,,,,,0.4868599009661506,31.25,1.246594282441802,1.9487855302729609,1.648309155586766,scptyr1,0.5711821499468268,3734.375,10.397633793488874,6.99597742871012,5.239237779400572
71,0.6420062313172155,3531.25,4.12206899863832,2.793344710103298,3.953126812304191,0.7879868385747549,3140.625,3.1528222719016497,4.716688309714187,4.847310545000108,0.6160121130332501,3687.5,2.7929039191836624,2.6042488160221358,2.5316134717777605,0.4919555443575526,2937.5,2.2845419044351063,1.968331686122724,4.20896345471834,scptyr1,0.5529992101271142,3015.625,6.595847059827548,6.7113975365750775,3.3026310692409004
72,0.8226724508162989,3968.75,3.452538896970908,5.639281682983494,3.3814139927748634,0.7689059101794079,3640.625,2.827884729569073,4.327241777478348,3.1587095929695184,0.7683520897706739,3578.125,2.5890383940989787,4.316896271630611,3.2145779101782836,0.001492326963364321,3171.875,1.983922557973569,1.0014945573315686,7.324940831442088,scptyr1,0.3886736131488544,3234.375,8.894017250548297,8.178936992650165,4.4552652083069715
73,0.3050829484640186,4046.875,4.9690764576209645,5.756082673692872,3.092987617820916,0.7991438790140301,3093.75,4.29921129887496,4.978688202735184,5.4152434668390415,0.6451303382138527,3921.875,2.365881977269725,2.8179360133710816,3.766031034930296,,,,,,scptyr1,0.7341972343608473,3265.625,9.458654122632202,3.7621880930974783,4.7790281248593285
74,0.755661317400931,2921.875,1.6877622804882604,4.092679838340956,2.531928054080764,0.5212876417162,3343.75,1.6402630387826418,2.088937088620469,4.604008617351622,1.0,3671.875,1.533635110810141,3.1856416555988005,3.70298568070104,,,,,,scptyr1,0.2365090589848031,3484.375,6.85877649828675,26.195464707683954,3.5551437955777696
75,0.7773583787756593,78.125,1.7139829989525914,4.4915231684931385,1.4319215151540052,,,,,,0.5071785029867562,3015.625,1.3246293910200926,2.029132264035809,4.3533215909695535,0.4539542994011317,3296.875,1.267270469786366,1.831348546290656,6.628024104581328,scptyr1,1.0,3187.5,8.085957572140185,19.027173091427557,4.270415655713647
76,0.7107803962201403,46.875,2.5941124271725675,3.4575802847761072,1.5208668239135577,0.274711062310545,2953.125,2.1464998893756704,13.78760860720817,1.3142651219106862,,,,,,,,,,,scptyr1,,,,,
77,0.5975388206541847,3468.75,2.9750074302421874,2.484711697226203,5.421951306134804,0.2414683610528681,3312.5,1.2895701981666343,1.3183365711521728,6.1514256546566575,0.48903626966346897,281.25,1.016529177109073,21.52794679331776,1.2307418688956735,0.7769292973212211,3656.25,0.9592174744728332,4.482883623852644,2.591037566175352,scptyr1,0.2241859556933934,3234.375,7.029550296581212,15.46762408861153,4.059468196645547
78,0.8753430132163645,3156.25,5.3554156117342355,16.044026505079554,2.9894766818916145,,,,,,0.7007239521770927,3421.875,2.40759076618464,3.3413967047297315,3.476385853691432,0.5903942893000023,3015.625,2.2257191898433297,2.441372212050084,4.403909993468999,scptyr1,,,,,
79,0.7384231049204791,46.875,6.463830545004139,3.8229676198885776,3.6074596254132985,0.6794356067743543,3234.375,2.3442062439784603,3.1194980513512576,5.476667521460338,,,,,,0.687627296094214,2765.625,1.8291300775717527,3.2013040432034927,3.0194840090912414,scptyr1,0.6157861637880335,3125.0,10.071817499570797,5.205434608285742,5.2196682898142654
80,0.21613338522736505,3125.0,4.518860614696041,15.308726987282993,2.507482296392395,0.5842162808827716,3234.375,2.138471922092043,2.405096577911109,3.6797348821556106,0.6107379165557159,2968.75,0.7610038051045853,2.5689632834304352,2.5128033935415512,0.2700213734853761,546.875,0.6375880036677124,9.589321859219897,3.6221003440060313,scptyr1,0.9333006204351136,109.375,6.488283886803055,14.992643207830472,3.5014579688851937
81,0.6515650229874412,3890.625,3.0276808803920705,2.869975938046992,3.373138636839877,0.5731436433532086,3312.5,1.2434701536389845,2.342708464869986,7.138287914323684,0.4483676850177564,93.75,1.0760883395462713,7.251206811785048,0.7212939693454742,0.41297081002635294,3703.125,0.8335890067593583,1.7034928025383067,3.199645723274396,scptyr1,0.7543635380847806,3375.0,8.26416812259883,16.284227385511628,4.253696354604221
82,0.6406458979098896,78.125,3.008935543771438,5.565541031443372,1.995765950513661,0.7264126760909515,3687.5,2.316546249505049,3.655140105586327,1.8754186890631457,0.6179911928256099,2859.375,2.194726878010286,2.617740693982199,4.962995695510104,0.7713859676292295,3359.375,1.456529428762733,4.374184688620431,3.239391956347736,scptyr1,0.170723036998363,3093.75,6.702382614873983,28.940873882629038,3.488322549644526
83,0.21229123660593696,2968.75,2.7786035596796914,16.50356147364144,1.7915887563849535,0.5723985021607534,3062.5,1.0283080374062958,2.3386260456364028,2.5978713815485155,0.7072539878626978,3218.75,0.6331406842633107,3.4159303920115747,1.7606552576728671,0.3949977869515161,2796.875,0.5755872043412229,1.6528865158380202,1.9314844814361052,scptyr1,0.7870319560677601,62.5,13.385749594780414,4.695540145535497,8.101193311482978
84,,,,,,1.0,3437.5,1.9617955737849968,7.877901612485629,1.2157806444129895,,,,,,0.7256447677810574,3140.625,0.8903370744202226,3.644909528103966,0.920431729170036,scptyr1,0.7312036611979321,46.875,15.727470825860696,3.7202887675355,8.705710214543108
85,,,,,,0.6066954788627222,2312.5,0.8890655814022536,5.085118254468085,0.7195563050771171,,,,,,,,,,,scptyr1,0.6977325958013221,46.875,17.191787933477105,3.3083289369260216,9.674715987910107
86,,,,,,0.5191926830919388,2843.75,2.5125097294157146,6.2395057115440125,1.363032630981715,0.5699398533635163,3078.125,1.206398008816154,6.975768444165567,1.3382102017797413,0.6178834136431506,3203.125,0.9185740659050452,5.234004676604768,0.9454159235262424,scptyr1,0.6820035702864198,46.875,16.77653207398525,3.1446893944711936,9.547087463405315
87,0.5728628085066539,343.75,4.623330212288135,35.117522657199174,2.9599082473860627,1.0,1531.25,0.5809654737987386,7.228027220696831,1.7541768050092619,0.5358586971191017,828.125,0.5033640253045006,2.1545162944841536,3.074535374380492,0.2291379360231113,1031.25,0.475778206404426,1.2972489459929903,2.714149212949457,scptyr1,0.3965523040451453,3265.625,5.490483022742132,9.942866697843641,2.874056183957721
88,,,,,,0.3133051135107441,3375.0,1.30189104760281,1.456250832320194,4.856518896064363,,,,,,0.14432063017662278,3421.875,1.2049921442772995,1.1686620424264902,4.34678232893842,scptyr1,0.13223393173027198,3296.875,6.979589848829174,24.20007046584882,3.507799186504024
89,0.7580318355545927,3484.375,2.6241867982234885,4.132775079283704,5.245328580021922,0.6109801196690243,3093.75,2.577101949484689,2.5705627155846287,4.2240096116459505,0.6519295372266214,3765.625,1.7472024454676096,11.491925997191885,1.48159341086584,0.5392291443479845,3328.125,1.6913456220039291,2.17027615295882,6.142988487632449,scptyr1,0.2716306252044195,3250.0,7.1348290987036895,24.712735904158198,3.573692273544888
90,0.6102550993420794,3218.75,3.3882240544211633,2.5657808436028797,6.2662638784863525,,,,,,0.4073925781025009,3281.25,1.7324096004371992,1.687457772293925,3.975709105543333,0.4140052509481691,3156.25,1.7008426374079681,1.7064999330080184,6.19800820024866,scptyr1,0.2546467473395878,2968.75,9.137698877217831,12.074811464062206,4.734266427507384
91,0.5403056366665842,3140.625,6.812647114365291,6.526075234522949,3.953637223851551,,,,,,,,,,,0.4933364418643965,3218.75,1.3466998667771937,1.9736963196637876,4.545150314373309,scptyr1,,,,,
92,,,,,,,,,,,0.5697243268160566,3812.5,1.5928352515927369,2.3240914193457063,2.0702010219921685,0.5993890548323375,3406.25,1.2733920082367511,2.4961874159016872,3.0545274937509177,scptyr1,0.5546051771614975,3250.0,4.8819334212937715,6.735596926971425,2.5265365851467707
93,0.452479049578511,3593.75,3.4757997084765697,7.305656517656074,2.4911049617389733,0.20716491264244485,2843.75,2.4271041335622145,18.91944521526361,1.993308917182255,0.4103301518503735,3750.0,1.9947307282872644,5.0875926748059905,3.0147923660524865,1.0,15.625,1.81581203229108,2.233876991776335,4.200666692132057,scptyr1,0.2433277521376823,2484.375,7.240058273052411,13.21576155099001,3.891779264790504
94,0.8422490450559008,3156.25,1.2931762847684027,12.678211683147795,1.2702910175339897,0.7774970442003306,2968.75,0.4470359666346183,4.494322317679007,1.0164179273352258,0.537543718165242,3265.625,0.3469593443547889,2.162366561510595,1.6095198996333893,0.2513979475373184,718.75,0.29855228024085195,14.694055358001249,1.3963696047609409,scptyr1,0.22039801027845995,62.5,3.5349538743402427,1.282705807815065,11.358005638581178
95,0.6596353052062867,3906.25,2.377144663244894,2.9380250516466617,6.267322753089608,0.4018462664411656,281.25,1.6709573886222098,20.061732171432947,1.0217940656814113,,,,,,,,,,,scptyr1,0.804097745003787,3734.375,8.326894226064073,20.418345873952923,4.2064499236562245
96,,,,,,1.0,3125.0,2.473717981081644,4.2391290658847245,5.082423285597182,0.5923805253367028,3312.5,1.9606178246595096,2.453268457857717,5.200814776418596,0.6373068822915025,3421.875,1.6996188148675302,2.75715184869793,5.155858556486062,scptyr1,0.8787113278712161,3500.0,6.270253636926237,32.97917216665388,3.233800299911712
97,0.6579270466094516,359.375,2.5551153649856957,46.773648256641394,2.326928054534644,0.4748647266592221,3296.875,1.6718693226426895,1.9042712435564508,3.9268445728383012,,,,,,0.3842295481365843,3234.375,1.148681560535751,1.6239817889504875,3.632553119906613,scptyr1,0.7903637449027534,3390.625,7.9771213034810575,9.540334514524858,4.1233717152078215
98,0.3671880336410317,3328.125,2.031808512218479,15.802482461792465,1.1381190701671988,,,,,,0.3525323860590656,3390.625,0.2309912518502619,1.544478794720419,1.7113425821389303,,,,,,scptyr1,0.4066531736876846,62.5,3.101772122011416,1.6853549318112266,6.3996072939569135
99,0.8986242884608309,125.0,3.2630522075164405,19.728591490351697,2.4335368556730685,0.12628237734414605,3093.75,3.1558196380064936,24.03522540402236,1.9459591985545208,0.710567078023524,3375.0,1.058691599671585,3.4550319748396703,2.7305731650693605,0.5978373529839991,2937.5,0.7017968855107617,2.486556141948739,1.6827589126743383,scptyr1,,,,,
100,0.8499831231356663,3234.375,4.078708079876908,19.997750004574613,2.3827869720866115,,,,,,0.7479633298917364,171.875,1.2763458234486005,19.838383033120643,1.579244023588356,0.3839082741489795,3109.375,0.9188682646046692,1.6231349294923234,3.2979777289100913,scptyr1,,,,,
101,0.3541620061675799,3328.125,3.507824786133761,18.580511079553677,2.1337574635589944,,,,,,,,,,,0.8021918879113213,171.875,1.4076930047131877,20.221617595777737,1.4577771867216354,scptyr1,,,,,
102,0.843065502877804,125.0,4.3101005698751225,12.744170572278405,2.9015209990350197,0.6215790937034577,3203.125,3.214490711567904,2.6425601317501446,5.622443793068169,,,,,,,,,,,scptyr1,0.5621197089780314,3031.25,6.892210890419701,6.8511875540191625,4.0647619594472335
103,,,,,,1.0,3125.0,2.6284785259249985,3.954563994930908,4.349640961843417,0.6023862782699628,2984.375,1.6736207977711777,2.515003746975708,4.081261143342748,0.41519614790377457,3187.5,1.6691047638295242,1.7099750564492808,4.293617056171406,scptyr1,0.609961054692604,3328.125,7.681928521247733,12.819232694979775,3.885514511246397
104,0.5638831237540249,3546.875,3.452736041393268,2.2929633189337717,5.311258909977799,,,,,,0.6779642023676651,3718.75,1.9284419289579464,3.1052448434372195,3.2671754855989006,0.5218086225714771,3218.75,1.7156483877985875,2.09121294778987,5.105030949117921,scptyr1,0.4847997162213671,3406.25,7.651690156792452,17.468934477270295,3.8867108133997257
105,,,,,,0.5397022443971846,203.125,2.6283318503442605,15.20754753807708,1.7891667620044394,0.3799513952960072,3203.125,1.17564930599237,1.6127767926796537,5.4335656342812975,,,,,,scptyr1,0.1924320905420321,3109.375,8.057501536072115,16.097717415152715,4.373308551030257
106,0.5520079590064828,515.625,5.110973977451172,2.2321825132926207,2.9314787923090417,,,,,,0.5736334427406347,312.5,1.3073580122818946,2.3453997105867863,1.4522154351865733,0.6627793131828386,3015.625,0.9161112222765312,2.9654171262102693,4.8314099576277165,scptyr1,0.14076198586009506,3125.0,6.582072070272255,23.276437577101323,3.317858994887494
107,0.24386178889056745,3312.5,1.307420547962051,1.3225095429746432,8.50249406725344,0.6067884928660539,3046.875,1.2279241228507085,2.5431605684402143,4.577770301891322,0.5547671984259664,3156.25,1.1477003850196432,2.246016008849068,5.622007953741701,,,,,,scptyr1,0.6273726181885955,3265.625,9.773235812292802,10.734584185830158,5.291086101242804
108,0.5897599785394051,3125.0,1.2762485069990168,2.4375973763838488,4.90928590330704,0.4390551618995182,3390.625,1.0631042983259675,1.7827064839143247,6.3100711286511935,0.4882830035995592,3562.5,1.0172203284939432,1.9542051701121463,2.9888348721689257,0.1891265596873656,2953.125,0.7944997786279377,1.2332380742603275,3.44917316189023,scptyr1,0.28984741627405586,3312.5,8.587380298899394,14.081480838291386,4.465398993515303
109,0.5107214128188813,3078.125,5.583659667777536,6.131476174512159,3.9225242501617097,0.7027355600492143,3296.875,2.6912431740287808,3.36400815437446,4.176934088206252,0.6932438390773359,3765.625,2.2550870523040163,3.2599182262295585,3.867453394496861,0.4338090948867541,3593.75,1.6165736935719446,8.830943688507205,3.7787007045349754,scptyr1,,,,,
110,0.6148883846139465,3843.75,3.15907523131063,2.5966498024152145,4.11838727458875,0.6223581475952606,3390.625,2.074893793003987,2.648011584606479,4.695633008863737,0.6589346302577201,3296.875,1.828909199570732,2.9319892569440067,4.626981104511907,0.7415329820224785,3656.25,1.454981126193042,3.868965595010536,3.3000300992326497,scptyr1,0.3246089082952418,3156.25,8.89966282079583,10.364365307708256,4.986009476131796
111,0.5412169963291056,3734.375,3.1079757001571564,6.539039101265472,2.104513646757918,0.5232408572152957,3125.0,1.7690891892799634,2.097495171585166,4.924048809741088,0.5549912987912667,3296.875,1.5459605400523992,2.247147072144429,7.184918113999844,0.4619141647552376,3234.375,1.182435771302293,1.8584395546207304,5.027601043403147,scptyr1,0.5094839292150577,3359.375,10.675778484639787,10.193345942771684,5.338756207869491
112,0.5959884044492806,3359.375,2.6110291328900708,2.475176482588012,5.148853018698672,0.9572759494665809,1046.875,1.8184508205908103,70.21806131544999,1.4311779561134979,0.7979186097309127,3140.625,1.311246999335049,4.9485011888943395,5.64675101732288,0.4924154185042488,2953.125,1.0359331604336162,1.9701150043864573,3.079623755305507,scptyr1,0.18818672216091925,3218.75,8.117968724210549,17.245344936049573,4.061202185600723
113,,,,,,,,,,,0.5266008646457736,2562.5,1.9138391475451453,2.1123823964142616,2.00181365067738,,,,,,scptyr1,0.20082627874557898,3140.625,5.492777260044472,17.51809353543925,3.2481363613526266
114,,,,,,0.5624561664004579,234.375,2.4035111760146757,2.2854853004630407,1.7691108453534097,,,,,,,,,,,scptyr1,0.2582264692963423,2953.125,6.764088247149824,14.829323971111819,3.921050252412685
115,0.25440798183034863,437.5,3.987271036224031,28.165537570470182,2.652731805719997,0.5368667330392897,3109.375,3.5732317826627926,12.955234331091587,2.56880248923706,0.3044781240759137,281.25,0.90456031390993,1.4377692990193545,4.14527083241002,,,,,,scptyr1,,,,,
116,0.25969726993550923,3234.375,0.7099662181135007,18.911182454751184,0.6120059681917461,0.186878355974494,203.125,0.3969234903052268,1.229828288728509,2.495095573247348,0.6364716042193185,3125.0,0.2694812934887707,2.7508167494109728,0.7629652145083182,0.579696443798291,2953.125,0.17652143319089084,2.379232783650508,0.5330267355388614,scptyr1,0.4170444265503444,250.0,1.3853165679745068,8.57698292583835,2.595920327644164
117,,,,,,,,,,,0.7442796661440941,2625.0,1.3789275646362602,3.910522033666211,1.3743407151977791,,,,,,scptyr1,0.9465388530359088,109.375,4.933496811090746,18.705172948715074,3.748240427905815
118,,,,,,0.7252060161583591,3093.75,2.5071322739729167,3.639089859319057,3.9935427352099344,0.5317300902331648,2890.625,2.373375841481734,2.135520517425362,4.4549393196304585,0.4937645160295451,2968.75,1.941315859851088,1.9753652828855481,4.6079219533511635,scptyr1,0.2428283451981409,2781.25,7.717099991984464,13.20704484456283,3.8986462170431526
119,,,,,,0.2913765205690277,2968.75,2.004360946441665,1.4111866583972132,4.750588892444384,0.16141605667680636,2828.125,1.992547963236456,1.1924864624012912,8.533054436623868,0.618124300181407,2734.375,1.7835038572196336,2.6186531389010668,3.5513132409054053,scptyr1,0.5689056622148327,2875.0,11.984512989239313,6.9590336431072055,6.013377374699953
120,0.5300068996183094,78.125,4.648237215929577,14.893835663364339,3.32973588923274,,,,,,0.6049501630038383,2671.875,1.2161314153773386,2.53132619318032,5.192719929828579,0.3107996995757347,421.875,0.4424330467807844,1.4509569995608091,2.8641915368728537,scptyr1,0.1811727442345009,2578.125,5.5519452660317485,18.318882150517712,3.4724825956203165
121,0.308468287770427,1453.125,2.3864771662801334,47.72015428418233,2.233047957642708,,,,,,0.5648175585510071,3265.625,1.6715987477658418,6.893660484120487,4.277638154006607,0.3996386783490132,3375.0,1.3531324300720655,1.6656635994637554,4.452537476007577,scptyr1,0.27019280050747274,3500.0,6.50040250044356,21.92359846700009,3.406296728230698
122,0.6215013848340308,3468.75,3.6442682782345655,13.210087962428956,2.6424835976759313,0.27178638390900145,343.75,0.9221106894015412,17.851904596048502,1.207573242606856,0.5112868219165528,3531.25,0.7003709356858638,2.046189963449791,3.649984306116507,0.5365428383147425,3250.0,0.5765258319752264,2.1576967251163524,1.7447684405276815,scptyr1,0.5104123685453776,1328.125,4.571871350778141,51.063381494589756,2.3502915904199564
123,0.11601787516483908,4109.375,2.3212976779967986,10.181201346891784,1.720778507032324,0.6974349329786387,3203.125,2.2046839440214328,3.3050742104652784,7.357690166728437,0.6474548787680652,2984.375,1.7439005425380412,2.8365163486182894,3.654270220340656,0.4349520215694662,3281.25,1.5832772392291885,1.7697612205915334,5.5428167460166815,scptyr1,0.3905787819925219,3125.0,10.733645842929787,9.845407121887208,5.573771725347986
124,0.7766144094494908,3718.75,2.7217414543112217,4.476564479990003,5.013259480584429,0.7088381283248844,3312.5,2.601432978263853,3.4345156329940782,4.6706466365330686,0.08800493958504174,4140.625,2.115586148065499,12.061468836240179,2.467051630341284,0.9301638844735196,109.375,1.5298965322877072,14.319238583950494,1.5827684549285437,scptyr1,0.3421155558215763,3578.125,6.199891021677509,18.240285366506555,3.433813661852881
125,0.6931833918768934,3156.25,1.005291440366337,3.2592759763472827,1.7912774814661834,0.5078734025043313,3281.25,0.3725580410347047,2.0319974679051995,1.328410293522499,0.4710535554566503,375.0,0.3363425120014083,5.671651697347095,0.7136247205402851,,,,,,scptyr1,0.6573131836556622,3015.625,2.6240933613883493,5.836232690055879,1.4786779481635135
126,0.2665867467218379,2906.25,3.241060083128968,13.634877683628789,1.9745672031415424,0.3855354548577594,375.0,2.865743525514158,27.66636437268276,2.138348684509367,0.6574089173145536,2734.375,1.7265938130991,2.9189317835168533,2.5818646364881297,,,,,,scptyr1,0.1380480521124814,4046.875,7.757089285189915,16.242204724186024,3.9535545918067165
127,,,,,,0.6620017652056467,2937.5,2.0231128617805183,2.9585953329265915,4.509932820111566,1.0,3000.0,1.0671483988706392,3.340203720912569,4.6231470977115485,,,,,,scptyr1,0.7954675921198648,3296.875,9.306040526033284,4.889200740188045,5.057390394871764
128,0.3379783325837609,2734.375,6.114627042769571,9.063147469805642,3.3078104719309795,0.5303270067289376,2859.375,1.9950506203228144,2.1291409434369366,4.117591575732013,0.6123489996157403,1968.75,1.9594470364788203,2.5796399313009597,1.4121554120143407,0.6304739492206879,234.375,1.1232650030959308,2.70616915340894,1.5957383579077424,scptyr1,0.5090309717267609,31.25,10.329587085918824,2.0367883561149402,11.465150801113806
129,,,,,,0.11657076265371312,4093.75,3.580266586648942,7.923668024648067,3.3048322725339316,0.7708807216383766,3906.25,2.5935926571662016,4.3645388862550485,3.1588233325984914,0.635196642120438,3609.375,2.07304644920888,5.482405676376175,2.4546668759861645,scptyr1,0.5105179732491508,31.25,8.790256507789888,2.042975932411527,7.578086255777963
130,0.5282265395848432,31.25,5.056648056214557,2.1196614135945846,4.408602923234642,0.951520665629058,3203.125,4.656404120681273,20.627345919159072,2.6257048027739107,1.0,3921.875,3.186573704898172,3.579864003309865,2.973632303483995,0.5688029913430728,218.75,3.0735217046115704,2.3191255503250225,2.5599405803278854,scptyr1,0.5271837064691139,109.375,7.895215450452822,2.1149863354585863,5.6732038377736735
131,,,,,,,,,,,0.5157161526682099,3062.5,3.1471991344729724,6.1947141465254285,1.9792433783203291,,,,,,scptyr1,,,,,
132,0.7814026026475573,46.875,3.740321922123469,4.574619881625164,2.3568598902759903,,,,,,,,,,,0.6883950822603441,2578.125,1.7894388702820772,3.2091919705692646,2.6502361442502345,scptyr1,0.1863136436802666,3062.5,7.4198733626204225,18.43462150188228,4.078145119895882
133,0.43077588060351796,3031.25,6.147504146819508,8.783886398385988,3.3764410136704632,0.9098631601201448,3687.5,4.007429617126442,11.094242945868928,3.546288423228717,1.0,3250.0,2.8449260153447105,4.668898900403717,3.170626591483132,0.6589497094064451,3359.375,2.300583069836137,2.9321188914972818,3.095402177445825,scptyr1,0.609330491929708,31.25,8.33107134751576,2.559708345141882,7.384281309339674
134,0.36605166804910894,3328.125,6.014528872240586,17.351571801047214,3.291220901990127,1.0,3671.875,2.0555183656209843,3.9594310176675833,2.4196832057313733,1.0,3921.875,1.2472680362214712,3.2793594236300976,1.9064985669745316,,,,,,scptyr1,0.6183167925911408,31.25,7.500136331554108,2.619973791324804,8.858076896488477
135,,,,,,,,,,,0.6078245016497668,3546.875,2.5322453595258936,5.0997576554716195,1.9513953700736009,0.8383689360873473,3937.5,1.236986089805303,6.186929515853535,1.8872939159407556,scptyr1,0.9150674583364145,3156.25,8.098018651202985,23.548100184284124,4.114211552571298
136,,,,,,0.1942582046207083,2843.75,1.1301559767002052,18.61638565359385,0.8796748297406719,,,,,,,,,,,scptyr1,0.5603128201383115,93.75,10.805078745317221,6.8230326864288005,7.085433808992753
137,0.14410201460179362,2984.375,2.9034954311558545,21.030543717923933,1.8279915415807828,,,,,,0.6097013916430811,515.625,0.9712400728543302,2.562140829068813,1.2666885150763545,0.6127606067204381,2812.5,0.8739789021328013,2.5823818995555143,2.285060276016753,scptyr1,0.5804059462437126,109.375,4.744111749760046,2.383255889943639,6.157401454210109
138,0.2625909442270065,3250.0,3.4545070888310843,17.629292586287363,2.006980819858464,0.6128371016709115,671.875,2.0181954186788698,64.57230304839283,1.5113328605616083,0.733205777909659,3453.125,1.3326638916802644,3.7482071094530056,2.9734494127633417,,,,,,scptyr1,,,,,
139,,,,,,0.2347126803723705,3187.5,1.416824586243976,13.066987709747707,1.5558977996837622,,,,,,,,,,,scptyr1,0.6547652866685045,31.25,6.4097099516357865,2.896580098652469,9.074804990143667
140,0.6527422163484797,3656.25,3.8363640666534597,2.879705069486704,3.3295800019769466,0.6577668730460351,3281.25,2.696192832947303,2.9219848145633023,5.416739756896679,0.4806487370901065,78.125,2.4606763729807444,1.9254790955875618,1.8024310110067436,0.5081173100984389,3593.75,1.5026520476082663,2.033005065090066,3.57091303658908,scptyr1,0.2650485579664193,3125.0,8.44496131745853,13.606341083337979,4.241479610923817
141,0.7172404041289393,3531.25,2.6659095085456803,3.5365731688766573,5.9476637232638385,,15.625,2.1395660897834743,1.6799439880445233,7.067907730750169,0.7953882573734796,3296.875,2.098302946212084,4.887305035201763,2.4707603591823983,,,,,,scptyr1,0.6628572567079768,3640.625,9.78320737945065,5.932205393095642,5.02175422089747
142,,,,,,,,,,,,,,,,,,,,,scptyr1,0.6884316489473765,359.375,4.88206789490929,51.35309779040305,3.0999423275767417
143,0.27671986793218273,2828.125,4.48494372996228,12.443311520626876,2.845605333853287,,,,,,,,,,,0.7634272988440922,3203.125,2.5239272041463576,4.2270304017071405,2.501774218951856,scptyr1,,,,,
144,0.6947326318594811,2484.375,0.464703885459576,3.2758168882947416,0.2906498152128921,1.0,3000.0,0.4544078952430593,4.112663058467319,0.35354560036688354,,,,,,,,,,,scptyr1,0.7804107732621142,3156.25,0.7415624316608971,4.553957472575178,0.4154326411715652
145,,,,,,0.6214896189450136,3187.5,1.7104777824685151,2.641935466110056,6.761967876918349,,,,,,,,,,,scptyr1,0.2049737026815384,3109.375,8.731587497613418,17.60948039985658,4.403600992237044
146,,,,,,0.2237549944604933,2906.25,1.5080594317020517,15.45903666286361,1.1293328965790748,,,,,,,,,,,scptyr1,,,,,
147,0.3547826956024249,281.25,3.7180156405835096,17.0485198165453,3.6016836379296997,0.5077935177712769,1765.625,2.3084522131029703,2.031667676280847,2.0746828990872155,,,,,,0.6119883710651071,3015.625,1.038411141130296,2.577242343857165,5.428288073045591,scptyr1,0.2718184606400513,3109.375,5.832397904584713,13.73283921587702,3.582255522257938
148,0.6425258534385265,3656.25,4.946239572565879,2.7974050980160428,3.8800984544493,,,,,,,,,,,0.6002567927744032,3250.0,2.1145645699829614,2.5016059858539283,4.89905499715556,scptyr1,0.6473841526651793,3046.875,7.333843082688451,11.343789651637136,4.134743375064261
149,0.651550411648349,3125.0,3.282377330502169,2.869855592972641,6.358695263818616,,,,,,0.6792315122601713,2843.75,1.4452344722742545,3.1175132166071364,3.806051027333358,0.31273965485227484,281.25,1.308785581809078,16.005579366921822,2.219365118083028,scptyr1,0.7567494137200805,2984.375,8.465549868660823,4.110987008472222,5.152523243484376
150,0.6254988377850068,46.875,3.1470783688506567,2.6702186825949585,4.359013431655373,0.6027659028708419,3078.125,2.785191373694405,5.034814519836432,2.308631832665692,,,,,,,,,,,scptyr1,,,,,
151,0.27808626770674083,3125.0,1.6295513755348137,13.852070618235246,1.685547242476715,,,,,,0.522802741692421,3343.75,0.8425298032180529,2.0955694581033133,1.6049022214562063,,,,,,scptyr1,0.966377894989702,109.375,5.524639849054679,29.742337658326715,3.438690817331432
152,0.5990183670998013,625.0,2.7940506407668186,69.82863478679332,2.231930495822854,0.6917588439809517,46.875,1.2825414703407034,3.2442131119512263,1.87353229089536,0.4288868265526141,3234.375,0.5104318604694069,1.750966439740381,3.5404700796772355,0.19610054123866727,3156.25,0.4589199760843712,1.2439366504125076,1.8807556053731893,scptyr1,0.4761590512080982,3406.25,5.832432087136597,13.362834685115047,3.6416049924660574
153,,,,,,0.5847200093923726,3109.375,2.0072609131069092,2.408013924621855,3.9436996948656726,,,,,,,,,,,scptyr1,0.4806389150701236,3453.125,8.132871153251433,15.403541451474268,4.307085687611068
154,,,,,,0.4878592498786165,2906.25,1.9332780084658483,1.9525882284567049,4.420424482654795,0.5488263648984197,3062.5,1.8117379316332056,2.216441569718171,4.580597166504108,0.7808991492285641,3640.625,1.542489517790166,4.564108247316625,2.4279139057969497,scptyr1,0.2378246629457325,3234.375,7.455168789437367,18.368476804968022,3.9902586436606717
155,,,,,,,,,,,0.6993600483344264,3265.625,1.4255086463521651,3.326237895063201,5.915973035965727,0.5630482809833827,3890.625,0.9566944723619599,9.154329473751034,0.9928313474951316,scptyr1,0.18363003701215566,3109.375,8.458070823130816,20.82389207190016,4.425119817574516
156,,,,,,,,,,,,,,,,1.0,3671.875,2.0272953318250906,4.562413899018424,3.138052905865928,scptyr1,0.2612204463849067,3921.875,7.377704312360518,10.82867001509902,3.803797536336415
157,,,,,,,,,,,,,,,,0.16779777135516805,703.125,0.2359805384005216,1.201631004555722,2.8043424253403777,scptyr1,0.3410763912816001,359.375,6.978999098960076,25.799652304255478,3.6705553042792003
158,0.6383822225038858,3531.25,1.3449007477959307,11.061403086143857,1.1988288673407446,0.3465257426652597,218.75,0.7310820549939745,1.5302821630320975,4.089549076559437,0.535091198846912,3343.75,0.7039933002931121,2.150959494678858,1.2724322414176945,0.7428169343451825,2453.125,0.6615954070667331,3.8882808922659247,1.14872915564087,scptyr1,0.2626568381043487,328.125,7.814283783516358,17.63086805684618,4.163825521057399
159,0.6669256607748055,3500.0,2.460689401831581,9.006998278458411,1.8673604325721769,0.6775876621462174,3296.875,1.1545498622422936,3.1016182775657626,2.1379506968762763,,,,,,0.64017671528805,3140.625,0.5501661460075036,2.779141991326469,2.0491659321624858,scptyr1,0.2793885140668224,359.375,7.062614258453804,20.81565488867458,3.819773657229249
160,0.6797883535716958,3484.375,4.770959128866346,12.491738025823507,2.807972616021904,0.4757116250957241,3578.125,1.4865924225350056,1.9073472689196649,3.467519881868744,0.40232219294048494,3312.5,0.8401511980959162,1.6731422652613617,3.1159579272062983,0.5564710466883569,3156.25,0.6885768693995846,2.254644240321681,1.5777632787496256,scptyr1,0.9719684875349472,93.75,5.674364375203576,35.67413642937419,3.2363451679528814
161,0.6590241701890869,2937.5,3.3545109672646265,2.9327591945580025,5.1669520696981115,,,,,,,,,,,,,,,,scptyr1,0.7451678469143916,3156.25,8.452471952244194,11.772454785139216,4.248192797721864
162,0.2259128581320877,3250.0,5.092991694908248,19.377663300031344,2.8512197685854543,,,,,,0.6234176991566648,3531.25,2.6249134321657657,2.655462027186502,2.9231027998044237,,,,,,scptyr1,1.0,31.25,5.8833078702895465,4.703635632371885,7.34431166976851
163,0.8030654362771315,31.25,6.034232242327821,5.077828803110592,4.659512783203028,0.5180083399836855,2843.75,3.1013777944250043,2.074724695373675,3.373773300168477,0.7559492357930228,3656.25,2.805216143691244,4.097508169045966,3.4359442349122298,0.7912664777335985,3093.75,2.654522563702777,4.7907973244648465,3.975900995790477,scptyr1,1.0,3250.0,6.926978628693523,3.61221920760417,3.851166897031237
164,0.7860535864932503,46.875,5.862101891895995,4.674067602299169,4.196060303390518,0.5334139619867118,3265.625,2.2145966024721497,2.1432274404480154,6.131469013852817,0.5182811797999003,3562.5,1.8095778117455987,2.075899794790274,2.8545900553305,0.670723693866552,3015.625,1.6799802812791622,3.036963126021959,3.827015995659597,scptyr1,0.9457377711100649,3203.125,7.4713743884078205,18.429025501853005,4.008624197930715
