,peak2_accuracy,peak2_freqency,peak2_prominence,peak2_width,peak2_width_height,peak3_accuracy,peak3_freqency,peak3_prominence,peak3_width,peak3_width_height,primary_label,peak0_accuracy,peak0_freqency,peak0_prominence,peak0_width,peak0_width_height,peak1_accuracy,peak1_freqency,peak1_prominence,peak1_width,peak1_width_height,peak4_accuracy,peak4_freqency,peak4_prominence,peak4_width,peak4_width_height
0,0.1988266776812323,2390.625,2.6072978782467917,16.22620179410768,1.6996623207189365,0.07309555145776869,3281.25,1.941671020180462,44.23325410130661,1.5845771306326009,soulap1,,,,,,,,,,,,,,,
1,0.7299111452344691,46.875,3.4470168850978125,3.7024852464501667,3.1273990755612218,,,,,,soulap1,0.3025026885415001,3109.375,5.765489919073636,22.939156520249874,3.0030606717251738,0.0358806310864479,4312.5,4.144173248351244,21.781535230087233,2.5699994722680817,0.8363496268335012,1078.125,1.5320242196605856,6.110587960484481,0.9367495629616728
2,,,,,,,,,,,soulap1,0.1105692329957848,2531.25,4.353861124465255,28.10786508342309,2.1909852434927672,0.7162947936431174,3703.125,3.770206894994381,38.772640591455065,2.267636327082192,0.2759363775160905,1281.25,0.6417291548838829,11.048752832735744,0.5211268048835012
3,,,,,,0.587824312543495,3656.25,0.2771688308769027,7.278449678855878,0.7128006361195076,soulap1,0.2539712398049161,3250.0,0.8871915678017896,60.31939035196533,0.5288083672438774,0.27977921402737205,2187.5,0.4228261906910202,11.107704964660714,0.3693599527541871,0.3296985034815745,4187.5,0.24665025588213885,22.377989722401992,0.663892573493561
4,0.538151012888687,1250.0,2.865120608323241,6.495629705206981,1.7183331827542647,0.6622521848831138,31.25,2.259294395667647,2.9607889533021097,5.3807387956328885,soulap1,0.24255660548145475,2500.0,6.692607042933497,13.202306696933194,3.525538345933603,0.7733831075670061,3750.0,3.1496915842166464,35.30186966254266,2.2882421468153487,,,,,
5,0.16673442021889218,3312.5,2.830240861144638,33.602732045352674,2.3518167116982442,,,,,,soulap1,0.0691046361631974,4437.5,4.4066885116596,52.637494936101426,2.287637682516836,0.19541480779644804,2218.75,3.0365121916366915,17.400270519095187,1.8905089427370545,,,,,
6,0.16432061359230846,3312.5,2.9049365711076613,33.505672696274964,2.4352130210858918,,,,,,soulap1,0.07382251687427344,4437.5,4.3039010627694845,52.905626505442,2.2481348809164903,0.1942315248951232,2218.75,3.1586203542131117,17.37471796495612,1.9830121623615657,,,,,
7,,,,,,0.7542870282704534,3984.375,2.289945818123124,12.209367616545961,1.851963269381386,soulap1,0.7995672554632568,1796.875,8.036705646601527,4.9892047445205785,4.226984021068752,0.31547631702430895,2656.25,5.612508939694997,10.226088847021801,3.4001948352228566,,,,,
8,,,,,,0.5537193174753481,3906.25,1.7571842318919058,6.722226879793936,1.9408794310915831,soulap1,0.4212486920508333,2609.375,7.862480911650941,8.639289330883315,3.9849276307404353,0.4722270038842089,3218.75,4.548019845606993,7.579016034239117,3.5901550681649783,,,,,
9,0.5698844151274085,1203.125,3.5562376965214484,6.97486932701743,2.578161564202312,0.9699043707228676,3453.125,1.200371714903795,33.22741620690539,1.07343838281238,soulap1,0.2679690938425565,2359.375,5.814922405108848,13.660625413333605,3.149599584608453,,,,,,,,,,
10,0.22357328430458726,3406.25,3.2160364243305555,25.75903120758389,2.2081138950882986,0.6492970900544104,2359.375,1.1087753823342414,5.702832634922515,0.7558589027841577,soulap1,,,,,,,,,,,,,,,
11,,,,,,,,,,,soulap1,0.30955097016116784,2343.75,5.5431047247580345,11.586662670620882,2.9571039964000163,0.4494634153995621,3468.75,4.762643722962332,14.531277709375386,2.852755062584898,0.5072019754244201,1187.5,2.4800257967350974,6.087686740594663,1.5114784211612824
12,,,,,,0.5682076505407008,1093.75,0.6109993491634413,6.947784053507832,0.557866937825354,soulap1,0.4685453903823678,78.125,5.700731293439263,1.8816282367359165,12.18213782387751,,15.625,2.317120910225293,1.7191478433189653,11.139770155768918,0.34902186939934354,3328.125,0.4263609382544276,18.433798980201715,0.35326749213873865
13,0.12213127483982378,2171.875,1.8653602865599288,26.19981705784474,1.7984402536908433,,,,,,soulap1,0.8851793500460129,93.75,6.464248537484401,8.709234797057299,4.2621518065341695,0.03739158567086531,4468.75,2.49293121810916,32.20416478657592,1.9475882174867276,0.08434099788988425,3343.75,0.9363388476646456,40.40805574426105,1.4085141645602923
14,0.7749256459879746,3875.0,3.214943473356352,4.442976208415871,2.2389930252581443,0.2439012827712491,390.625,2.7178908513177213,23.806415207227847,2.741563884545537,soulap1,0.6480332851190438,2578.125,8.483188240059311,5.6823555053393315,5.150751833430367,0.7764426079818967,46.875,3.6881616403896658,4.473124288008429,3.3589645956591987,,,,,
15,0.4224069199538197,2437.5,1.883111554173106,8.65661340610285,1.1464805683060306,1.0,1234.375,1.0788728193421644,4.381272594304207,0.8194698881178859,soulap1,1.0,31.25,10.054175513747703,3.3019757816659503,11.049943379680393,0.33300717683490977,3578.125,2.03819966684527,16.491931574018366,1.1625252089070526,,,,,
16,0.8705741397814678,1156.25,2.039007309104166,7.72643116539095,2.4113064112721134,0.33882961524297706,390.625,1.1617381305193124,9.074816625679583,2.069255948205381,soulap1,0.9022704719249268,3406.25,5.507465053476545,20.464643996476237,2.773140488627313,0.1384299261034394,2312.5,2.9478648424625136,26.69544903756878,2.736626443972668,0.6603375098647823,968.75,0.9377427365391752,2.944099007228928,2.6778848271750064
17,0.11996481155998615,4171.875,3.774914497003244,20.453727574129765,2.6837582712647854,0.388593673533291,2093.75,2.4638427291304312,9.813441144244848,1.6167732835233577,soulap1,0.17863181865197408,3140.625,5.557736468250026,28.002058665399606,3.0155208815012537,0.4184604079594877,234.375,4.468820633700905,5.158720130255566,2.5314582176555747,0.6022512604392551,125.0,2.1689090404201057,2.5141500161744155,2.619169607734265
18,,,,,,0.4918703548344828,93.75,1.616472552162172,1.9680016891639183,10.004356916788907,soulap1,0.426687569617882,3546.875,3.6736529408883554,19.186746034214536,2.0689732454891736,,15.625,1.82543937374564,1.4763605349847986,10.674091376664435,,,,,
19,0.4673197114465648,31.25,1.5271480075222623,1.8772986751877645,11.604725167065467,0.10053322085467943,3140.625,1.3006693858062959,38.911942954977434,1.1401856352169093,soulap1,0.17852691392129516,2265.625,2.3494606980351143,17.04255469504045,1.285731368840747,0.17850564417539228,4375.0,1.590140517105212,32.86693305749821,1.1497139618609729,0.05373206413128073,156.25,1.2001983719395923,1.0567831394201814,4.564520925138655
20,0.4566162613357567,2203.125,2.6991231085337986,7.361280280180779,1.7861772818996628,0.9375148456927208,3687.5,0.964477410327626,16.003801400287244,2.3308016226201715,soulap1,0.15950224514308187,3250.0,4.968156775605059,39.26244872077945,2.4897336350542982,,,,,,0.7611974705520533,3156.25,0.6908657028901546,4.187560334104319,4.5602715521958705
21,0.3865493854188729,2187.5,3.995660041937456,9.780738428466464,2.6890891297522037,0.0966590949154581,4250.0,1.6413519806935806,27.67504478019879,2.29714748861599,soulap1,0.7113199618048698,93.75,7.090265739582359,3.464042772933474,3.795155581298567,0.22367550135516406,3140.625,4.5378735191022175,33.49114970013957,2.44876859301514,,,,,
22,0.3990837376563683,2203.125,3.2204379250528063,8.320626871537003,2.286274295273924,0.8810445608576558,1109.375,3.0741605680632236,8.406509254304737,1.8027592103880004,soulap1,0.21928593323751244,3359.375,5.4356957475887375,35.86460292192774,2.9086792790904377,,,,,,,,,,
23,0.07063456629171316,4406.25,1.6146161735241351,52.724147275936154,2.3102785213932444,0.6974919485621329,2500.0,0.8863688126511701,3.3056971384624205,4.3907464766336695,soulap1,0.1445988819663363,2656.25,4.849258084689375,25.71892827375777,2.451231477226345,0.7220484678707431,3859.375,3.8849975966288137,21.58649730777449,2.431308039707294,0.4964988142414127,2578.125,0.7319581699871538,1.986092641456992,4.314140550824494
24,0.8162921088493222,3765.625,3.258334131095264,38.1039701460542,2.037758221596241,,,,,,soulap1,0.8581966972365185,1281.25,8.14205758243727,7.052021924115081,4.250929984391287,0.3302496121817013,2609.375,4.116626930206101,10.451655015538538,2.741941529756785,,,,,
25,,,,,,0.6768608958301157,3750.0,1.0966234287616905,9.283927451945914,3.161616854951768,soulap1,0.39108058363819775,3343.75,5.997641687080464,21.349294587571137,3.0294351941934385,0.3162130262656921,2515.625,4.163009985293054,10.237106392611564,2.883713439706792,,,,,
26,,,,,,0.7088121524460975,46.875,2.588608545743872,3.4342092515206613,3.7306587464652745,soulap1,0.3308860114816157,2546.875,6.448370694477389,11.956109328568006,3.656332253049052,0.24381246544601745,3421.875,3.3815046588645985,44.962391531690635,2.172310987363801,,,,,
27,0.4611790211127748,62.5,2.640796889765696,5.567711944318888,1.5373456744016218,0.4415412612843093,1250.0,2.4588250255473545,10.743855515267668,1.5442943050751463,soulap1,0.27779183775037064,2484.375,8.044136438014007,11.077138722831023,4.225706530823285,0.4490924230803468,3734.375,4.6727335801567245,25.41261109219019,2.978992414426071,,4593.75,1.3789649854807575,37.351834378949434,1.1347433003416536
28,0.11583498979792105,3203.125,1.3994419857977674,36.19233924749668,1.29767582846416,,,,,,soulap1,0.4858294554110542,2546.875,6.168505151735535,7.779519931850245,3.825402622264791,0.6551392217655048,31.25,6.141236897854418,2.8997208819149307,8.304839696297902,,,,,
29,0.12065643485252653,3250.0,2.9519980491423685,27.29308651502441,2.3862441400024776,,,,,,soulap1,,,,,,0.25837669397332863,2328.125,3.4890872416682592,12.135540950322197,2.012223297864475,,,,,
30,,,,,,,,,,,soulap1,0.7259068463749605,3328.125,4.741704593775895,10.94518400158222,3.194894570995266,0.7517818227314288,2234.375,4.160743219275471,4.028713815418939,2.9928855611849987,0.4061220453491163,62.5,1.3382856066241149,5.051542958457813,4.1746913316533085
31,0.3326653167740462,3000.0,3.0893893311828777,10.489489271202556,2.9564889625790256,0.6476285797761651,1765.625,2.3080598303766098,2.83791460546027,1.6124456826859868,soulap1,0.7907317001620686,4000.0,6.430199628061112,14.335663845519662,3.229769281772305,0.3084963158979304,3562.5,3.9799007043126733,20.2457345085287,3.2159506418937456,0.21425402401728832,671.875,2.159265921336801,10.181407534406539,1.1483449253435682
32,0.6209466050597945,1140.625,1.8166093034393425,5.276301509752983,1.4901466716269105,0.5389854015333184,500.0,1.710409578272345,2.1691287072599543,1.0714328273569191,soulap1,0.10501755898381272,3234.375,5.35292877046004,33.520210704845994,2.8757520272626538,0.3234779083450429,2234.375,4.586713180302168,11.825186640143302,3.00173520724576,0.08704654334360395,3953.125,1.4951847431060863,44.90918973039277,2.1826317921947203
33,0.1856929526467648,2281.25,2.275193503450908,17.19253203752146,1.5868143494158848,0.7715809820493941,1140.625,1.1078002498968675,8.755838362077569,0.7399894254509841,soulap1,0.8586845255200292,3375.0,5.578117608746929,28.305463465481523,2.814360893162488,,,,,,,,,,
34,0.3779691860538363,2015.625,3.073130738186757,8.038186996364374,2.3256505016343327,0.8144718430400897,1000.0,1.9541377266367548,5.390017431241361,1.414470736078478,soulap1,0.16046334185442113,3031.25,6.911797754824534,19.058131464255297,3.7013703872785673,0.7762674477822811,4015.625,3.660682558087292,17.87848911725422,2.5036807486973016,0.63423145521879,3203.125,1.5707833547231118,2.733969375628419,3.6525782446269854
35,0.5414169147353423,1250.0,4.68080487607871,6.5418897826740325,2.8375113115608417,0.15028492518240244,3578.125,2.1771051721683192,25.89103177288291,1.5551214303358725,soulap1,0.6099986519032237,78.125,8.208372821734292,5.128187401813065,4.465323212874568,0.18791850256164652,2468.75,5.070097985723803,18.471052532678442,2.8692398403916566,,,,,
36,0.9057003514753544,3968.75,3.691205837956268,10.604493395737821,2.3489863488017093,,,,,,soulap1,0.4710629698429044,2640.625,8.904069814183698,7.5623368604236125,4.452333492946575,,,,,,0.2936828155604281,3296.875,0.8706437668530576,12.742150691322989,1.8145750874693245
37,1.0,3437.5,4.718258309278825,20.094547219189366,3.0144754316991067,,,,,,soulap1,,,,,,0.25988090161162397,2281.25,5.455328217987377,12.160205052940368,2.970290823532802,,,,,
38,0.5452721774859448,1250.0,2.5100804675058805,6.597353079065826,1.5438075754178937,0.11745267875097265,3578.125,1.1694651541513343,26.06092551212913,0.8423973826973677,soulap1,0.6114604913708384,78.125,13.537779734422205,5.147481673244416,7.243753525307293,0.1876295968039271,2468.75,2.7376184701017707,18.464483616077302,1.5562928563561569,,,,,
39,0.8814325752885966,1156.25,1.929293166094336,8.434019735471438,1.555521310341741,,,,,,soulap1,0.3297188408732379,3515.625,4.786399294717496,34.313958682598575,2.4603235136824164,0.13271442839349967,2281.25,3.2946451731906765,23.06045511970569,2.6627086042574972,0.5331401231606636,359.375,1.2091915321079791,2.141970320452568,1.3321378773676809
40,0.8948983863190196,1281.25,2.154442937496275,9.514601774196775,1.344623430074313,,,,,,soulap1,0.8866644020942152,3906.25,6.063893296350361,26.470059323231172,3.0323785158518195,0.19888629992281914,2593.75,4.750034681717072,17.475671678878058,2.779021272090742,,,,,
41,0.3951248001739176,2156.25,3.1298470486275205,9.919401558743287,1.9626375065297903,0.05682750942203885,4296.875,3.0177445904567195,22.26528043362623,2.258835093426283,soulap1,0.9271494172671648,3218.75,4.333458962147999,27.453452326312828,2.454875569189399,0.5754468002181655,31.25,3.2747755300420733,2.3554174141517974,6.100536513486293,0.5483282664550276,375.0,2.4116417953370504,2.213997303199473,2.1946999457924123
42,0.37098210938203297,3140.625,3.501299171758564,9.538679407203203,2.5995965760149566,0.6581612521993547,3562.5,1.936385084352486,5.8507118132973215,3.0513141695203285,soulap1,,,,,,0.1850088551675575,2578.125,4.753736908755243,20.859122344814068,2.823175686044768,0.44170253458018616,3328.125,1.6127533354825367,7.164639368355694,2.964646168116725
43,0.6760054786990373,93.75,1.8224500245963604,3.0864719439841606,1.191459954819427,0.9325380645248676,953.125,1.1801139988536222,14.823173882531385,0.914542228888344,soulap1,0.13448758091325486,2828.125,6.352139625141631,25.418468314080968,3.231888861910005,0.20117636482193568,1890.625,2.9956870417097177,21.28129320586585,2.0632343729899953,0.5666842830700789,2906.25,0.8686411658014199,2.307786126672454,5.940557573730391
44,0.514779462017563,3281.25,1.8516492125333317,6.182755603202821,1.851462622176082,0.6977879014173305,1109.375,1.5414022590084049,3.3089343699006544,2.1697789511422183,soulap1,1.0,2203.125,9.18235526652608,4.143568845635713,4.769744214299804,1.0,78.125,6.873118121487481,11.197162489921222,4.170047408424587,0.3422929972693545,187.5,1.070563640472403,1.5204338646969455,5.0420381038353606
45,,,,,,,,,,,soulap1,0.3644123041474087,2203.125,5.987684967222535,9.440082051858267,3.0170840457457486,0.2542609546068827,3250.0,5.063527393190852,17.432371390916018,3.0229204748125094,0.5229755268665759,1093.75,1.951754897591809,6.2889855111498605,1.650141428456986
46,0.8707836587141095,3984.375,3.6197767301418367,15.477918505485375,2.246438980361499,,,,,,soulap1,0.3823024032548348,2640.625,8.869938516527556,9.713490924387287,4.50893516068436,,,,,,0.6526464919021513,1328.125,1.1069293841242178,5.757822948016994,0.6755826844506145
47,0.6179784861769801,31.25,2.318612471519585,2.617653623725685,2.54174152367898,,,,,,soulap1,0.9199159751724508,3421.875,6.393590320670811,12.486884895625252,3.4149809140552008,0.14179364633175962,2078.125,3.6957944448758187,22.139197547056256,2.431949301741971,0.6524211402570966,2281.25,1.6651948603509554,2.877044940937082,3.38611375199333
48,,4515.625,2.4984665720637125,33.39977631033645,2.0669525648669747,0.7660617502769659,156.25,1.824671257177959,4.274632306533571,1.278898515056615,soulap1,0.34800450020287943,2218.75,6.598302284515968,10.736270422385076,3.453039319682392,0.15821255505636467,3328.125,4.996776496756912,22.571018508445693,3.1615393433685584,,,,,
49,0.3483805419140389,3468.75,3.230214623437643,39.90058872147753,2.2039186987849795,0.501269142317613,578.125,2.5324715608171653,2.005089487839236,2.4579370993652336,soulap1,0.462097240648819,78.125,4.0923066641087775,13.013504538335905,3.0861694449413566,0.18183958676316286,2359.375,4.0757599027595095,20.77832137189816,2.5900693913197523,,,,,
50,0.6052626759993959,3031.25,3.854483559917521,10.133320962559594,3.043181344776812,0.6142460107435048,2250.0,1.6319452743675766,5.1846515025154085,1.5225694889082222,soulap1,0.8739261567320431,125.0,6.151772203041942,7.931859409366963,5.527915610960443,0.5185196284516984,2578.125,5.778214204617249,6.230783594257161,3.414922695100438,0.27072987458530484,4015.625,1.3356968740918456,10.969872097051619,1.5663788085410602
51,1.0,3437.5,2.1652499094710675,36.98366251423067,1.4686866439285402,,,,,,soulap1,0.20044206365631445,2546.875,9.222322375728519,15.008293276250924,4.6174556560073885,,,,,,0.866868125921008,1281.25,0.674143454365156,7.511349231113982,0.49856245875348004
52,0.15325240855351718,4015.625,0.8340925085841547,16.533852757802435,1.1078186284287526,0.7062195813663582,2281.25,0.7967446364737829,3.4039028354951317,2.4937876967194104,soulap1,0.14485559656987634,2015.625,5.915635461150218,23.38786282150329,3.170321757461087,0.13969742898831894,3000.0,3.8909049921996655,24.410016554181446,2.790994406190511,0.8309937649985575,1000.0,0.6012200784610561,5.91694146663562,0.7674356708830683
53,,,,,,0.193754073122966,2875.0,0.16833172084443468,18.60474515276249,0.2738479888624543,soulap1,0.4910140081219516,78.125,4.608564197225029,1.9646906122312244,9.351442403852307,0.2588125865746599,578.125,0.3410829445040475,14.84105072584052,0.5429920323447281,0.1600577441084048,3890.625,0.1444859457091969,21.43004459383113,0.21126903361358307
54,0.2453740883429867,2406.25,3.934018742715273,14.576758934564168,2.4109572696426014,,,,,,soulap1,0.6663962863072872,31.25,8.264825421053644,2.9975685490153574,6.846902870921903,1.0,3437.5,4.22912704680658,25.65856793738737,2.437776942712034,,,,,
55,,,,,,0.5289331146968586,187.5,0.7794373187257833,2.1228407922507198,0.8489254752960507,soulap1,0.5544742590130929,3281.25,1.8391068142489089,13.467235331249526,1.0203516029622683,0.4893652403949437,2218.75,1.1817050165886949,7.833387611712425,0.7168564474685044,,,,,
56,0.5803766193079546,3265.625,2.973847744397564,11.91544663634798,1.9234697877489455,,,,,,soulap1,0.6980530537036791,46.875,10.221693041536225,3.3118400840478537,8.913806140338988,0.6385855776061479,765.625,3.7875160043086944,2.766906736528206,3.0324553311259828,,,,,
57,0.266253037201318,3250.0,1.2756877894740175,24.531617727375394,1.9028050197557704,0.3571779439239946,781.25,0.8806175235340559,6.222561846146505,1.1880360571124675,soulap1,0.1436535420352638,2359.375,7.074135061390995,24.522784913375286,3.5937307131134903,0.6477664805651806,1171.875,2.085102841250765,11.35610264014126,1.6312636482764231,0.015453467909557372,4343.75,0.6323933335753255,23.361008596683746,0.9344031359594296
58,,,,,,0.206234209523814,2203.125,0.6013755290147476,17.637444404855614,0.44112879263111016,soulap1,0.5424932650108839,31.25,10.385091181304318,2.185760172522465,13.088771567659693,0.13843885577064186,3328.125,1.8517235011769235,25.53504199597856,1.02628097731824,0.5854114487141149,406.25,0.5565549836308328,2.41202994365958,0.7027657343197322
59,0.8808270220075131,2140.625,3.190892361262436,8.391163977315756,2.159814133166929,0.255460102435661,4187.5,1.9192085016822091,20.14667051298455,1.8205700869455093,soulap1,1.0,31.25,5.5596635942389385,3.1608848017654974,9.15986326365458,0.2474413364064134,3156.25,3.8414758933196222,31.89120152493655,2.089386761249644,,,,,
60,0.12968274703328686,3968.75,1.9753243901301143,27.576151016413235,2.367738783338126,0.22679444455722464,687.5,1.0971855284322138,32.33292857768433,1.118078122027958,soulap1,0.1235746309372,2921.875,5.948502653408146,28.524961602530514,3.043816421185675,0.187584563277214,1953.125,2.3099835616321527,18.463460099316567,1.829956146588116,0.769439147829572,2828.125,0.4467010498115709,4.337249756783564,5.236519319155326
61,,,,,,0.8864483759955897,2500.0,0.4630956972376224,8.806567134268024,0.2936587315083099,soulap1,,15.625,4.885227687417566,1.72760621117834,15.700384119122939,0.5726806857159974,3750.0,0.8148191931756197,14.041022250663614,0.4449546549130209,0.6108255421842643,1250.0,0.3737532230746994,5.139083410625447,0.2652498709751213
62,0.216720085186635,2406.25,1.348911880622414,15.320193679240816,0.9350825097528098,0.395411791665923,1203.125,0.9135388491783212,9.924110191518297,0.5937717835975459,soulap1,,15.625,3.5317099525569247,1.305643195381219,15.616577534931093,0.11733724529724733,3593.75,2.5499156648278367,26.05751729916997,1.3582368727358936,,,,,
63,0.2860270164210118,2359.375,1.5358319999668513,11.204905765338312,0.9237062776070968,0.5157473107992103,640.625,0.7827326824554226,2.065037577076545,0.5280700612339888,soulap1,,15.625,4.986701158771199,1.857341166206386,14.807180459269002,0.4126624547366429,3515.625,1.7970717215517769,18.728583058771928,0.9781738132370508,0.6515135911763266,1171.875,0.7612893144820845,5.739104737975468,0.5074296464959095
64,0.361811124707938,1390.625,0.18678505957804453,9.40160543734666,0.1345032873755337,0.3190538913771168,2125.0,0.13062688047808846,10.279814968260128,0.10990949347518864,soulap1,0.18867143759030125,3125.0,0.2365713910125776,25.88347184231827,0.15886633953839316,0.2535155333378062,4312.5,0.18766598975838086,30.811089884885945,0.1425200063182601,0.33246553473768725,203.125,0.11084358045009657,1.4980499914817766,0.2873763278798706
65,0.11038613542348896,4031.25,2.471359970443836,29.22616321000905,2.460606924719348,0.43202589074594655,1015.625,1.3124406864255094,12.324505441266368,0.9615631270573244,soulap1,0.2534244824741383,2046.875,5.134749436736392,14.733941499252223,2.573290839350332,0.09001136019850986,2921.875,4.190040979782712,35.16527415878582,2.595300876068128,,,,,
66,0.7469104797931894,1015.625,2.0822567610434435,15.804684432336126,1.2730482485967447,0.43953963083935577,1843.75,1.2362850621547774,8.92123738827081,1.4985730450657682,soulap1,0.6123407592327357,3625.0,4.757775853077798,54.171287026297385,2.400401105970809,0.3089391286258698,2812.5,2.3312091796809926,10.129353708134204,3.2227360883765157,0.26423399730472474,2015.625,0.6727114242741088,12.232149850673974,1.777304443856513
67,0.21094058610248945,3031.25,1.1591187376602643,15.207980272013655,0.6658980479425729,0.6480459921166108,1156.25,0.9227090813918096,2.841280330955413,0.7747752181515555,soulap1,0.3759077303827253,62.5,8.661895752272143,9.613963018127924,6.521392863336022,0.3395404403605531,2015.625,1.2695288769287658,10.598680718349184,0.7439780309798101,0.7235982157984381,3468.75,0.4340746395019983,7.235843306067552,0.3814654060108544
68,0.24074779466155796,1953.125,1.0089373062904403,15.805024885836074,0.6004900640103525,0.4303216257984081,1031.25,0.5634848894240438,7.021505784919476,0.4708197130618622,soulap1,0.7721983410488741,46.875,8.885964971478009,8.779567318379769,7.1171488947334085,0.3151823053922865,2937.5,1.4537340767941442,11.681941139944794,0.7987636910070837,,,,,
69,,,,,,0.389635936414243,2250.0,2.9853739024199784,9.830198660044461,2.11054804677757,soulap1,0.2767677039007013,3250.0,5.597387516694794,24.88826909014116,2.903774862743339,1.0,93.75,3.422860059851044,4.5955048426384035,2.3157782058240755,,,,,
70,0.10922327311080272,4265.625,2.5837505380277355,22.45231537407216,2.3874739662663065,0.43603189431015,3062.5,1.7357823050987946,8.865749586820982,3.557834858071258,soulap1,0.7498199817879374,46.875,7.005509809891522,3.9971217811342536,6.229977940521808,0.10308148960994457,3234.375,4.3341348136010485,33.44785468520823,2.2900346126296824,0.6060298738407913,2156.25,1.5169707924376992,5.076527044062658,1.5690815970041037
71,0.9603617631688453,3421.875,1.886811718406099,25.22816552763567,1.8077363758583025,,,,,,soulap1,0.7781439627783495,78.125,13.58739884029734,4.50742748551362,7.41752190111698,0.2582816284957069,2343.75,2.3751840935956614,13.482206163666687,1.7375682640045609,,,,,
72,0.30273338060246624,2734.375,3.242085064513022,11.473372993120366,2.8276060534543723,0.6153443228069708,3375.0,2.620856273308889,5.199455301413252,2.6602065446923397,soulap1,0.22339921650180367,2250.0,5.357671481380239,15.451954536983635,2.694579059050977,,,,,,,,,,
73,,,,,,0.2857815310960293,2203.125,2.8070067456383576,11.201054506860745,2.1088822382697474,soulap1,0.3071936966674743,3296.875,6.458114100398312,14.434048812630836,3.682720484094861,0.7646430897085441,62.5,3.769594486282888,4.2488661104602485,2.4437547090580094,,,,,
74,,,,,,,,,,,soulap1,0.6084885222682119,3265.625,9.149275800027628,10.216814135753822,4.668248394510299,0.4868136404115901,2171.875,6.804736809274809,7.79443943757218,3.5036008517921857,1.0,1093.75,1.0593324989022443,4.444809719045239,0.7664190266266668
75,0.1015382435775788,4093.75,2.4974065239819168,27.825335715509286,2.481902493558421,0.4927709487019405,1015.625,1.235547332482543,7.885983639469237,0.8910407161481974,soulap1,0.2643212953694499,3062.5,7.2985748317451575,12.233601357972846,3.7470043205235166,0.1839041158031901,2218.75,3.2197051513279478,20.830885597139314,2.2294963367632663,,,,,
76,0.6292553576745961,2406.25,4.332635511861267,5.3945486236982285,2.880241501129773,0.6200395435315931,3109.375,2.9880883764817274,10.527411292160592,2.2445350420285943,soulap1,0.7750345970828588,78.125,6.974053936862942,4.445127948710931,4.522717834968237,0.4144505373884048,468.75,5.973129230721948,5.123392969433823,4.273192097313613,0.33729972248606643,3812.5,2.3540268634941133,10.56284452793642,1.9176125112233693
77,0.8915244502605554,3500.0,1.7477985615584593,36.87466908080111,1.445666129287875,,,,,,soulap1,0.2498230924890644,2406.25,7.748842145820989,14.66320795783713,3.889930902832302,0.5831999778507118,1218.75,2.0473531841770782,9.596928472732401,1.705780184317252,0.7995674877457999,1437.5,0.5108643017275037,14.967631579627295,0.9506974597250272
78,,,,,,,4046.875,2.3700017397573654,2.347486250213876,2.524749126463215,soulap1,0.3819309831446976,3265.625,8.811366739080729,8.089711445883013,4.4938980781437285,0.41150164803976175,2171.875,5.003540143392092,8.496200513298675,3.2774552253144784,,,,,
79,0.1809091242663257,718.75,2.2183108823990727,23.196449335345555,2.7133343549368183,,,,,,soulap1,0.2150905451204287,2218.75,5.142605909163701,17.83645223403255,2.680794470707317,0.4786244509250944,3328.125,3.0203002377479766,7.672013018441959,2.74129247893399,0.4320702293138996,1843.75,1.6144238428877156,8.803905444082703,3.4786051684252577
80,0.08853009586224414,3140.625,3.1698520266069887,35.10812573704425,2.8459484307000054,,,,,,soulap1,0.3910178527482072,2234.375,5.426360449781464,8.210421311304344,2.732808904339952,,,,,,1.0,1093.75,0.622512568417806,8.887472992466073,0.5406074861745316
81,0.9381376860079024,3171.875,1.8125127008540256,16.164930398945955,1.9245955981576284,,,,,,soulap1,0.13862334035592572,2437.5,7.103600867277428,24.37957862554265,3.5786761730371217,0.4345730766475831,1250.0,1.830688736017584,10.611450838644174,1.2796656146473426,0.5484202480238962,2343.75,1.1371518223286987,2.2144482688252083,5.582591720369584
82,,,,,,,,,,,soulap1,1.0,93.75,8.298609422449875,12.36321437934582,5.544634956107163,,,,,,,,,,
83,,,,,,,,,,,soulap1,0.3721811072276053,2375.0,9.562022206807008,9.556896214933118,4.803907197869913,0.5560889589586678,3562.5,4.152557231043442,6.758110798421598,2.5960768815170576,0.642955076518746,1203.125,2.4893455098920136,5.601536021012792,1.5608322011818048
84,,,,,,,,,,,soulap1,0.14908172739834813,3218.75,4.683663740861527,43.48243678781728,2.4406920620415757,0.21254301806954226,2484.375,3.494605379098288,16.508838321720614,2.63045961191662,0.7202272729482715,1171.875,1.4368121038260633,10.722989447950424,0.8958757387129673
85,0.519733049671008,2484.375,3.7597430643575938,6.246526016301857,3.280507847312545,0.6392170615880821,1812.5,3.561088963594081,2.7717496963735755,3.0302441546831256,soulap1,0.4011601772875221,2109.375,6.511412806186483,8.349478124805103,3.3076074799399686,0.8070893273578679,3734.375,5.688722700605784,20.734985499845237,3.182166526229965,,,,,
86,,,,,,0.6256518486093237,1156.25,2.7421377822302864,5.342620212147821,1.6511128018663186,soulap1,0.2068980162976739,3406.25,5.439576231780928,29.00005355254862,2.8731853745767313,0.19192256058181725,2328.125,4.105060991138017,17.32507222337506,2.587022689944064,,,,,
87,0.3742080835643764,2093.75,3.3241164930557776,9.587851556432227,2.0672647002341584,,,,,,soulap1,0.6172475284488215,3109.375,8.541942234300315,10.450618342944267,4.363554860983493,0.15216648215357864,4109.375,4.270964508346491,18.871629468768283,2.8569874794084598,0.7948363768107071,1031.25,1.8344732390513032,4.874158412952943,1.067832292673767
88,0.3784743513337817,281.25,1.5791652311045592,6.435776236401379,1.0112073092195588,,,,,,soulap1,,,,,,,,,,,0.310239891287851,3125.0,1.3704641286875412,20.29691166997088,1.1580432226043482
89,0.638656367941463,3640.625,3.5427626432088433,5.534897594863395,2.8733683113190374,0.7377970048785667,1156.25,1.5381083838369183,3.813838966777908,2.0096534139889557,soulap1,0.81991689537672,31.25,4.445315539307017,5.552991781721682,3.635745619652475,0.17321272389482434,2515.625,4.3256401843245955,18.14251432443652,2.9109184470945952,,,,,
90,0.20314866117425626,250.0,0.1833609183026164,1.2549392230094265,0.5087558184219383,,,,,,soulap1,0.4720837373234292,125.0,1.6225671454999642,1.8942398079004672,1.5914674103081707,0.630439558399973,3437.5,0.26086708980174833,5.411834641556653,0.1523979731207613,,,,,
91,0.666297808981134,1125.0,0.5156001317476755,5.993367900562959,1.0150132625246209,,,,,,soulap1,0.5466412079090992,93.75,12.315692034972574,6.617275439093027,6.766497852411022,0.7181465610526527,2281.25,0.7138232091344164,3.547943227993784,0.7444132924725613,0.3495343737769917,1296.875,0.21343556110579345,1.5373602534642714,0.8391003147030371
92,,,,,,0.7963979799302147,1046.875,1.7494324173465547,4.911542624465348,1.6606416491268396,soulap1,0.3547360631024067,2093.75,10.027728836156449,10.848274015832589,5.04079658780011,0.3266570549122449,3140.625,3.821869100196535,19.306655092830514,2.4491609275986006,0.7934132756264787,421.875,1.124997270582436,4.840582099515451,1.2504113404975539
93,0.30773951849936354,1125.0,1.8461279239157664,18.77905838539196,1.1932326025939113,0.8284929722456207,3984.375,1.4444665093600142,11.661329720343955,2.166696555185785,soulap1,0.16730299380248792,2265.625,4.985425286767431,18.013755169478856,2.52311632511308,0.07627173456635439,3000.0,4.14505238508121,45.46791688818036,2.7391354997147865,0.7448420985127691,3406.25,0.7471413096717723,7.838283621015308,3.3662496067185157
94,0.3715134057952366,4250.0,1.6802361494540448,30.231352864480872,1.5518611019453177,0.8857371240466753,1109.375,1.4012788574396402,8.751748909317584,0.9568803502064,soulap1,,,,,,1.0,3187.5,2.8454604546358366,24.23220437307762,1.63591419691049,,,,,
95,0.09814088452825932,4218.75,2.9258419501271162,25.50287467901154,2.1424726167551382,0.7422101757486015,140.625,1.1524774278815548,11.637387195991016,0.6981296357243034,soulap1,,,,,,0.9534605772322572,3171.875,3.5188720026937257,21.487159498959528,1.9067201310763149,,,,,
96,0.09475246684881823,4187.5,3.908348918199574,15.46538320990035,2.5910594106771283,,,,,,soulap1,0.19856357987752027,2015.625,6.417384850771056,16.220875010912618,3.2289939649456763,0.17887909469755506,2953.125,4.930467701437372,21.92125408543828,3.1629552239431717,0.6568736075868613,1015.625,1.2162798645670942,5.828755945977818,0.7545686347180905
97,0.4642084538666409,2390.625,2.4920776196476835,7.465589983393272,1.5653473427760918,0.32413883671198584,3562.5,2.3796642043310894,23.67350111102877,1.5180508165763509,soulap1,,,,,,,,,,,0.5559444031155214,1187.5,1.6108932822858268,6.755910793711834,0.9551854856350871
98,0.2995060048738678,3546.875,2.7070920639601472,11.420511889697936,1.9461763911591143,,,,,,soulap1,,,,,,0.6657980219923055,2375.0,4.965034499736305,5.984405035310572,2.8333651126348123,1.0,1171.875,1.6017827009544574,4.918920155788213,0.9708334185752032
99,,,,,,,,,,,soulap1,0.6838569055306088,3328.125,10.47296629995618,3.1631246024158197,5.285632193740175,0.6686388606711027,2203.125,6.83779411352455,3.0178553889128064,3.842008971873232,0.7178269803706785,3234.375,2.426369325542233,3.5439249341189907,4.652590636616355
100,,,,,,,,,,,soulap1,,,,,,,,,,,,,,,
101,0.11818051567650367,2421.875,2.3413155124201155,32.886549362478505,1.8044662510184184,0.2274229830984477,3406.25,2.155254629614224,29.770494716814536,1.5643309927278992,soulap1,0.9107318113182821,140.625,6.16499235202254,22.40439768673827,3.3344887513976382,0.6346780449265291,1718.75,2.6869972749042192,2.737311530589196,1.8693871957952224,0.05416168251012832,4437.5,2.0897793574972536,31.717894533619642,1.448517413025494
102,0.6520711690982669,62.5,2.536793506599349,2.874151007860668,1.4412226319042,,,,,,soulap1,0.17807422691104569,3281.25,5.409206350017247,37.7163011733968,2.8547599591087884,0.1541563628187239,2250.0,2.886129866180686,21.28052894029437,2.456753258026154,0.42850007348494606,1109.375,1.4233067937074044,10.498689013990543,1.016175136593351
103,,,,,,0.472159714340726,2296.875,3.4850253821711594,7.578049854614619,2.2405797968022987,soulap1,0.32778455724566913,1140.625,6.553293111777418,10.413328160564491,3.9735090361528944,0.6633680571992541,31.25,4.828267067022606,2.9706034183211916,3.5290052418393683,0.8669600509266728,3406.25,2.3910651316715517,15.033078514617188,1.886559197624092
104,1.0,3125.0,0.9288635885240604,3.4632773511297326,3.9428422459393353,,,,,,soulap1,0.09273980617211908,3015.625,4.346816265045415,48.497663954985974,2.493650758753601,0.2687104667465952,2296.875,2.5175888993892483,12.307026958201165,3.0196512876942214,1.0,31.25,0.7712366897828599,4.306038819452706,0.8108730954965695
105,0.3673085034556288,3625.0,2.31049176994583,17.38604052698622,2.252767204158377,0.8011229355016359,1203.125,2.2866470400359966,10.056463801115953,1.721604316813396,soulap1,0.17315757274716548,2390.625,4.7601349612699835,19.35072448224463,2.7731422570866093,,,,,,,,,,
106,0.4227872179798945,343.75,1.1841483500796048,1.7324633673222571,0.8514588762201989,0.27384532663864497,3296.875,1.0808264103372416,15.148287828378526,3.204592788289644,soulap1,0.6781194015437577,4375.0,4.296710276181261,99.4157465640173,2.3224073866011703,0.09503848761811262,2140.625,2.070179760112956,33.15058109050301,1.441827104577348,0.6212813779703938,1046.875,0.9400453392415342,10.561931120691767,0.6778310168438311
107,0.3601145182473158,1171.875,0.9714377497212704,25.00447416962025,1.00275560086246,0.8333683910562387,3906.25,0.6087780323306766,18.003787030661808,1.8375849540440876,soulap1,0.1041413345881349,2718.75,2.9116692475559183,79.25357284718369,1.6969663550717098,0.15021770775837173,1843.75,1.275073913140422,22.358667829945222,2.2029153104149644,0.6406196531325548,3531.25,0.537039917481539,11.130269183794212,2.222965772874955
108,0.6836505325726099,1031.25,1.0698028665066217,18.966366685529977,0.9865704092409201,0.9193047807300588,3546.875,1.004403712910748,12.392307859711053,2.1266421798652617,soulap1,0.12726684411509806,2828.125,2.7480492588500547,50.416326804252655,1.6841738067721936,0.17998465765145655,1750.0,1.5811511511762506,17.07285129556682,2.226318207524167,0.5239477655338398,2046.875,0.7670253700066558,6.301829469121529,2.5081958005780782
109,0.21245043399256192,1890.625,2.354778463096222,16.506897547928073,1.5800864107073356,0.6511775305238487,3265.625,1.8815020269510407,2.8667878004010565,3.7402102480590202,soulap1,0.13011943480925914,2812.5,5.8778356158168314,28.739577593066684,2.9554276214459567,0.6140983274369345,3734.375,3.059182203916393,10.365334706721967,3.28668078800857,,,,,
110,0.05023125150083352,4500.0,0.6999522068276077,47.379954405858705,0.39235390824753696,0.3554712534539323,3296.875,0.6412062338977309,17.066732956361278,0.3907409679353157,soulap1,0.8861476122478951,93.75,9.159506839905148,8.783302833993586,6.788014882958715,0.22276042523468587,2546.875,0.9956592980137564,14.152650427407053,0.532296889933913,0.7823943268321492,3875.0,0.23996349272081055,9.190936848679003,0.2534981540336709
111,0.11242391598053814,2125.0,1.5199368872698162,31.54659133355608,1.4989895713517956,0.9737613712609832,3968.75,1.4655013456707615,38.111747757343856,2.32357942321607,soulap1,0.12193203404908147,3343.75,5.103202493311702,44.41569617878532,2.5858574088937942,0.4277162205356825,1109.375,1.8278930307302208,15.726463553491573,1.07643573310608,0.5422055873122821,3000.0,0.7787034376973501,6.553159926935222,4.092128681462828
112,0.9278425896494537,109.375,2.961428248872011,13.858590477983062,1.6006108101761327,,,,,,soulap1,0.6132396164122488,2406.25,12.952275831309347,5.171160451975879,6.573861089858188,0.4419031718852911,3625.0,4.550606391982468,7.167215075405978,2.7384166614892926,,,,,
113,0.38070246913669614,1062.5,1.6049937776817098,9.688396450791542,0.987769313948046,0.0332355417948661,4296.875,1.4549612116388198,20.68756234288071,1.6173334768974967,soulap1,0.9264197102626851,3218.75,6.46312476630084,27.181192234225907,3.37005298665182,0.16395931403716013,2171.875,2.3670220075393207,22.7261667033804,1.4263733951209756,,15.625,1.2611942143299515,1.106143413271655,4.632198593842073
114,0.4052136369821043,2671.875,0.4755408815550778,8.406379686700317,0.7075206488221322,0.2760582844107448,2906.25,0.4699658737091764,11.050613368078077,0.5868840066591714,soulap1,0.5414213378678013,62.5,11.205775358806314,6.541952881216184,7.215617283829617,0.232730899786086,2000.0,1.7160015984526364,15.63988435954792,1.2698502796591369,0.8812633650864283,3781.25,0.41110471331482,8.422000511703063,0.5291628848185834
115,,,,,,,,,,,soulap1,0.9150773467420934,109.375,8.98999148181656,11.775421064189324,4.965895032017512,0.2610296706169688,2578.125,3.5933267579028936,13.532343048670215,1.927805347618261,0.2750808048469424,3265.625,0.7689753805818957,22.071425487114876,0.8815216695850258
116,0.4925851554586124,2125.0,1.3184519224531002,7.883096135303817,1.6133191969402545,0.5597522645484866,2375.0,0.9876230879168488,2.2714483675297292,1.4872446666109318,soulap1,0.17314818904873086,3062.5,5.192243366644089,22.978724540907823,2.7537383491198764,,15.625,3.26709734429136,1.5425574913328288,11.715759257731245,0.1048228119505854,4234.375,0.9693181410253316,20.10775100203557,1.1088063044969072
117,0.6577375302694992,140.625,2.9798350680692383,2.921734307554682,4.87609389671339,0.6165957160976726,2218.75,1.3722482156831894,5.216425804228892,1.2175640745407952,soulap1,0.4373847108696831,250.0,5.686909410264647,15.99672133672741,4.786026165583639,0.34414072518823635,3328.125,3.5652546709195705,9.148303958531416,2.184759585721686,0.7164221403213624,2843.75,1.1580069109780462,3.5263683883263752,1.331204894801524
118,0.14956127830053267,3000.0,3.3431155289949515,25.869000832930652,2.5382435472841935,0.397235817141016,2000.0,2.25875278294022,9.954141554233146,1.9063065681725104,soulap1,0.15223046292878914,4000.0,6.090928188660908,25.95044884014516,3.203215251296607,0.6329032767530135,968.75,5.5997045858388335,10.896310826802884,3.411765036056282,,,,,
119,0.18731426980188925,687.5,2.610824898709537,12.304879522816613,2.630000132967014,0.34906065930193986,2296.875,2.477251680033325,9.217448731191553,2.343921050709321,soulap1,0.7495543035007296,1015.625,4.880872848973014,15.97152618676222,2.6138459641307596,0.1306015399773418,2968.75,3.292009021305752,24.154632157334053,2.6372252333923987,0.5919307529442077,406.25,1.9296489447849683,2.4505644745713404,2.362717137223465
120,,,,,,0.5110580713782449,1281.25,2.5371767476769707,10.226163287108877,1.6277021779678422,soulap1,0.2332990583654181,2625.0,6.448873341106387,14.347184674833386,3.3123317698410397,0.7444024751325918,3812.5,4.152592914593319,19.562004767431773,2.767880910989126,,,,,
121,0.4201587769742009,1250.0,2.773759083861304,10.347660293433538,1.742602292155342,,,,,,soulap1,0.1569761238242099,2296.875,6.656218724806559,21.35170842568945,3.3692053192852014,0.1225203743488824,3578.125,4.297228256796029,26.21143480446429,2.8669901001704705,,,,,
122,0.15136419684446456,2250.0,2.0256203463442874,23.56723570421228,2.240488032377565,0.9264008197410112,3906.25,0.9392812707074688,13.587107852031664,1.4853278087172113,soulap1,0.10873759137808847,2968.75,4.562041276048164,28.05010034996934,2.6151468015163433,0.8632291339395664,125.0,3.2635950878315265,14.622997262562325,2.4364599754297225,0.41065633386207656,500.0,0.9283805368283962,6.7872113162982295,2.766923021342253
123,,,,,,0.5927906043145701,3593.75,3.479435661584984,12.278695071816347,2.4620291592796444,soulap1,0.5375598206120172,218.75,8.807911761352537,2.1624418564222765,6.322638302715695,0.6332303601397218,437.5,5.284268669741798,2.7265070259930795,3.55496170239283,0.3098269227331364,2390.625,2.6429833121281168,10.142383455061038,1.7830807380755198
124,0.3565351932055996,2234.375,2.5234164792791747,10.878605832185995,1.7735481712533248,0.6488074406065072,1125.0,1.9653912069619173,8.542322209732973,1.2691688726466208,soulap1,0.9618439375189584,3421.875,5.943221104389588,26.208155008050625,2.9732352164071636,,,,,,,,,,
125,0.9546659818715224,3968.75,3.5340417625844305,22.05849031881485,2.5648331934364377,0.3202269984424483,2109.375,0.7657631035150283,1.471079312812833,4.428872358569487,soulap1,0.20379108842507587,2828.125,5.630267073392181,16.327373144173464,2.8806816116246505,0.16882464849841627,1953.125,4.709259323904358,24.06231123657412,3.300702607352535,,,,,
126,,,,,,,,,,,soulap1,0.22500669047477628,2140.625,4.185918426551575,15.484004639151578,2.4222048177845257,0.15556918169030687,2968.75,3.0299290029946184,21.316133435336727,2.3901259489282634,0.3960899214548224,1046.875,1.1525775325172345,11.591129621255925,0.966691874808156
127,0.3634611614243951,1531.25,2.34428648874567,10.996972338190758,2.4984414945006512,0.7979798718668971,2843.75,1.9586705112596725,4.950001810419309,4.41992679939384,soulap1,0.9505375215407368,2953.125,6.592893680855997,20.217345170513227,3.3446619775673505,0.4016138833178717,1890.625,4.959898569757787,8.355808834141243,3.672793215417346,0.40763607124393664,828.125,1.3846203148759808,3.3763028147238927,1.5319788198782247
128,0.4907479461571838,2062.5,1.100867698973743,1.9636641471624896,3.9033798565636135,0.1472771340703214,3968.75,0.9388476680984944,23.45427899156317,1.325225977835766,soulap1,0.11416485167430344,2843.75,5.217825590710292,30.47971177372256,2.6103331373722702,0.11731068061328365,2187.5,3.9308338923471866,31.7212402880938,3.0921130145964173,0.3378300844417902,1078.125,0.7290622550631918,13.5916775868819,1.0917461570979026
129,,,,,,,,,,,soulap1,0.07985422839146594,3296.875,5.026730881129172,44.55815726711072,2.51742712208193,0.22405752978815,2375.0,2.2156307303656675,14.176308711387774,1.9054483441189207,1.0,2765.625,1.081501197775062,4.236408278309142,2.6967920756317127
130,,,,,,,,,,,soulap1,0.8350122381347301,3406.25,6.68337654590998,12.122111224426535,3.359496655993333,0.5317297202731566,2281.25,5.700171048383203,6.4065564907300825,3.3581606537311184,0.4516237105794996,1140.625,2.1992776815568176,7.294261398914642,1.3920238284156978
131,,,,,,0.6494715871607616,968.75,1.4092792654381434,11.411343142202014,0.8451947561219887,soulap1,0.14560170171108489,2953.125,4.54724407174682,42.134915380913576,2.2742927964467268,0.2003240667576857,1937.5,2.1407028212790884,15.006078714093066,1.872457421252404,0.7042243178573657,3843.75,0.7939558630171909,13.523762234351125,2.5142024105652903
132,0.11087325232535594,4078.125,1.6532485248385183,26.99277697220089,2.4226355672243005,0.7264984223319868,1000.0,0.9345619223425168,7.31257207747327,0.6676736827944038,soulap1,0.12961658907313378,3000.0,6.506852795939468,25.276217037009392,3.2545295256803595,0.18185097900593827,1984.375,1.8397633443409656,20.778610697773345,1.490149863118738,,,,,
133,0.3052365256992976,2718.75,1.4637652906223777,11.514710107712858,1.8596835467488295,0.5772380649624531,3578.125,1.13335568941215,2.365397442679381,1.3345351188081858,soulap1,0.16477051272844834,2140.625,3.5360365750959373,21.55096326735385,1.891199937089069,0.2291347271137736,4234.375,1.4926901448097474,23.35038382596417,1.4882695071978411,,,,,
134,,,,,,0.8643045559665148,1187.5,1.1060249924763836,7.369444177899097,1.186299582228444,soulap1,0.09227780300429787,2343.75,4.583827596259907,37.456393721041714,2.4158859944015094,0.557675608462639,3453.125,2.568894811254306,11.303921049033251,2.5324384342779886,0.7011154124961416,453.125,0.7833760990512793,3.3457730569231536,0.5272859089134777
135,,,,,,,,,,,soulap1,0.3651363424132451,4218.75,6.3595242719291045,31.50282704167387,3.266327577674059,0.1215587752744186,2953.125,3.657224341812662,30.736262415774718,2.356710783083582,0.5763365166479785,3937.5,1.5419617378898542,2.360363919231389,2.8815044787174617
136,0.6634156245038749,1890.625,1.695372217348772,5.942046469186224,2.114269211402192,0.6061873391070445,1109.375,1.3158536072465532,5.0785568840399264,1.5678375000406348,soulap1,0.4034820890381332,3375.0,4.526780435367192,11.73476918524159,2.654372885014145,0.3953006095373161,2187.5,3.6708516422267015,8.268571258479795,2.3696725693279754,0.4927160180140386,3531.25,1.1824694340138486,7.885129714406588,2.623276199711313
137,,,,,,0.3106204344066513,2156.25,1.8724712664684091,10.154057865024043,1.5463332246454469,soulap1,0.3780584524277979,4203.125,5.283677175167586,25.72589025842905,2.6512145634083195,0.8978506757425402,3156.25,3.503878084997428,19.57917993621913,2.3181829649196626,,,,,
138,0.014555990419076069,4171.875,2.2119809095453102,12.177251962902687,4.330682391718411,,,,,,soulap1,1.0,3921.875,7.034485484574067,4.569608323246882,3.551050872822464,0.5624557215389829,2734.375,3.3804698719492996,6.85644893027046,2.5530701365325807,,,,,
139,0.5470715800100892,1187.5,2.4061945340762985,6.623563167148633,1.4681170895210844,,,,,,soulap1,0.5713120956645221,2468.75,7.979787766922272,6.998098079418384,4.221334700678244,1.0,3671.875,5.7486279123056505,17.50681393718409,3.2390520806313643,,,,,
140,0.4409757679094872,4109.375,2.7122897424313526,17.888312216098853,2.121476854317243,0.8818795799624829,31.25,2.71216517646922,8.465936708338688,2.4454576062425506,soulap1,0.2721521963851584,1968.75,5.340389208857107,13.739136053355109,3.132982074803414,0.2721805312287912,2718.75,4.020131669201687,13.739670933622026,3.0153379138327527,0.8086983449420042,1671.875,1.4310271410309359,5.227346306527436,2.8639047358444154
141,0.08909970825484359,4218.75,2.280432206738524,27.445374896195855,2.2117337496214238,0.5630159057731314,1062.5,2.071382750888356,6.8652384368994746,1.6878717326739567,soulap1,0.18672855862736928,3156.25,5.78886331601604,27.05123883714475,3.0182556138029666,0.2826097567943816,2093.75,4.581081937247445,13.93941455812886,3.198430021843929,,,,,
142,,4406.25,3.54152268872733,25.61475373348537,2.593456589582832,1.0,1093.75,1.3295869085163978,4.547251335404937,0.9797422362997548,soulap1,0.3933766789527081,2218.75,7.2726927023852515,8.242347147761905,3.6895555998600704,0.34437698869409405,3312.5,4.830821146230101,19.828468152918987,2.8597907593567,,,,,
143,0.6634156245038749,1890.625,1.695372217348772,5.942046469186224,2.114269211402192,0.6061873391070445,1109.375,1.3158536072465532,5.0785568840399264,1.5678375000406348,soulap1,0.4034820890381332,3375.0,4.526780435367192,11.73476918524159,2.654372885014145,0.3953006095373161,2187.5,3.6708516422267015,8.268571258479795,2.3696725693279754,0.4927160180140386,3531.25,1.1824694340138486,7.885129714406588,2.623276199711313
144,0.2484145601449088,3250.0,2.445724886169262,21.28833150770572,2.2155415931689233,,,,,,soulap1,,,,,,0.2351866398606283,2453.125,3.757573236711616,15.690102481752206,2.6100153657059084,,,,,
145,0.7418236240029681,1265.625,1.625965510545586,11.619963245725046,1.234017142834602,0.5168669711481485,3531.25,1.3916394512132082,45.53611259466615,1.6084979095401064,soulap1,0.1383954934431073,2484.375,5.936594286167717,27.855007509080682,2.968959693914955,,,,,,,,,,
146,0.540677578412591,2062.5,1.3900731995336364,6.531359800882484,1.2671534605621546,0.7739895472195936,3656.25,1.3477260941932498,4.424574119019212,1.5538113517184886,soulap1,0.5360728284109813,3078.125,8.409301309561613,6.466532213934697,4.5144527137396935,0.8826534923662169,109.375,7.360129760439425,8.521770440078344,4.244514283420152,0.6631765109815928,3906.25,0.8633754725299808,5.937828165810317,1.3670982533195188
147,,,,,,0.18377165338245904,2125.0,0.3797816441618501,20.82750503636413,0.3637648427291377,soulap1,0.7894362220953612,140.625,9.281010078621604,14.247464734217756,4.921570799290237,0.14396222447991192,3250.0,0.9387589894342534,37.381527912782026,0.6122468489592748,0.7590627992045262,2531.25,0.1915124052015508,4.150459110085194,0.26938488173317554
148,,,,,,0.22177619999814746,2203.125,0.40002447908631933,15.419728874870485,0.3175861447000229,soulap1,0.7657764173600091,140.625,9.980362401442301,12.80827475263708,5.269923732194443,0.09231354242916877,3156.25,0.9631059649866271,37.457868536445375,0.5778470998116629,,,,,
149,0.7691348444227923,1046.875,3.1733696652128303,8.663065654059452,1.8350097327254105,,,,,,soulap1,0.16003159832588365,4187.5,6.146721445832917,16.66729364116199,3.090387427938869,0.2759912954498773,3140.625,4.975877498126142,13.811988636536768,3.2038629726933463,0.19024745832488632,2250.0,2.002149991757665,19.759122912910183,1.5467948446807367
150,0.6565138872428615,109.375,2.943854530610919,5.822651704740382,1.981667002530492,1.0,3953.125,2.224199856813008,29.086133278768557,2.2903518847181936,soulap1,0.19034418814837106,2031.25,4.8083686058757245,19.761483541270536,2.440209738463964,0.1855047328754568,3218.75,3.023152109063832,46.654660295514624,2.557400010172157,0.7221584876959171,1062.5,1.3165423115157229,7.198348380032947,1.312967138856339
151,0.3806499522053508,2000.0,4.755327323147628,9.687574936604108,2.746786692865953,0.2013008661869401,4000.0,2.9024863589476513,13.772395053798338,2.1584926474401738,soulap1,0.5550834017969528,109.375,7.8050642475934815,6.742836774614746,3.985212424815898,0.25884336210701386,3000.0,6.391539930038962,14.841666980507116,3.4682260419027884,0.786533224843616,1000.0,2.664136661447328,4.684569761581906,1.6483228275464368
152,,,,,,,,,,,soulap1,0.3451554473686619,2390.625,10.185586795329632,9.162479821952275,5.592599186558825,,15.625,2.8305820836031934,1.0807644673878662,9.67088012654006,0.7987722417295269,1187.5,1.0024590060316556,4.9694933173975215,1.0267104289372442
153,0.5511958258968013,2359.375,5.106406325637175,6.684429809492315,2.941957961500973,0.8876899490705071,3546.875,3.6119020280171794,8.903922593960802,2.32952687328511,soulap1,0.6804393731318363,78.125,5.98746499265304,3.1292966527210964,4.090497143535997,,,,,,,,,,
154,,,,,,0.5968719733082457,1562.5,2.4750782661641426,4.961203061004909,1.7020250897632319,soulap1,0.30177989749060785,3625.0,5.5788198986604085,30.076475776802088,2.8004440239296216,0.248373969765723,2421.875,4.647532559217108,15.965386398685098,2.7116074130561105,,,,,
155,,,,,,0.22805649103364636,2078.125,2.2107713282753862,15.545178967912063,1.3500948517391007,soulap1,0.1264274669155906,2968.75,5.250159480931336,25.183941993142128,2.636582036762736,0.5037734333242414,4140.625,4.17221130694924,28.212919138502716,2.7138642592001965,0.5663945904949318,3218.75,1.5950936806089009,2.3062442904977445,4.317480223462582
156,0.1465530385576006,2000.0,2.202580422800384,21.090941573660814,1.4959329185928647,0.7263952034144439,984.375,1.8625578434293217,10.964720054028367,1.3219263314444336,soulap1,,,,,,0.14317317202023894,3046.875,4.080029087415268,21.00774557029297,3.1265102334164516,,,,,
157,0.7588398570336669,1640.625,2.875575684711261,4.146622189304324,2.1364654454957455,0.6804818178536369,2484.375,2.8733370720256897,3.1297123477684465,4.862486957515915,soulap1,0.4470225940963979,2671.875,9.103789300858534,7.233568600264476,4.591286709076961,0.5623032338047018,2156.25,5.352412804896444,2.2846867448726016,4.004087534127182,,,,,
158,0.4630795577929946,3593.75,3.047490758846351,33.52451980783448,1.9337523437032944,,,,,,soulap1,0.3588621981397172,2406.25,6.949278280161363,10.918089652005024,3.492850280665147,,,,,,0.8780534349302295,1187.5,1.107937132878187,8.200312976653834,0.6922605811514272
159,,,,,,0.7096083264719442,296.875,1.6182362729000583,3.4436249078725254,1.2168756191119972,soulap1,0.28610088997976596,3484.375,6.607116473979236,29.415921248878988,3.3329866510484227,0.3039094099455705,2359.375,3.9828961206066817,11.492756997870714,2.994680607020604,0.8751382672603163,1156.25,1.51847380670056,8.00885890383114,1.1811729583708563
160,0.37444815671177456,2218.75,3.4881489237796592,9.591531164644778,2.323503092948779,0.6012048052022125,1109.375,3.0474919879516107,5.015105563180414,1.8849046726496443,soulap1,0.5547901720245672,3281.25,5.003606465626106,20.215187164503988,2.861177615123275,,,,,,0.4654271037175831,31.25,2.704792833295614,1.8706522664248515,4.484886651054851
