,peak0_accuracy,peak0_autocorr0_accuracy,peak0_autocorr0_freqency,peak0_autocorr0_prominence,peak0_autocorr0_width,peak0_autocorr0_width_height,peak0_autocorr1_accuracy,peak0_autocorr1_freqency,peak0_autocorr1_prominence,peak0_autocorr1_width,peak0_autocorr1_width_height,peak0_autocorr2_accuracy,peak0_autocorr2_freqency,peak0_autocorr2_prominence,peak0_autocorr2_width,peak0_autocorr2_width_height,peak0_freqency,peak0_prominence,peak0_width,peak0_width_height,peak1_accuracy,peak1_autocorr0_accuracy,peak1_autocorr0_freqency,peak1_autocorr0_prominence,peak1_autocorr0_width,peak1_autocorr0_width_height,peak1_autocorr1_accuracy,peak1_autocorr1_freqency,peak1_autocorr1_prominence,peak1_autocorr1_width,peak1_autocorr1_width_height,peak1_autocorr2_accuracy,peak1_autocorr2_freqency,peak1_autocorr2_prominence,peak1_autocorr2_width,peak1_autocorr2_width_height,peak1_freqency,peak1_prominence,peak1_width,peak1_width_height,peak2_accuracy,peak2_autocorr0_accuracy,peak2_autocorr0_freqency,peak2_autocorr0_prominence,peak2_autocorr0_width,peak2_autocorr0_width_height,peak2_autocorr1_accuracy,peak2_autocorr1_freqency,peak2_autocorr1_prominence,peak2_autocorr1_width,peak2_autocorr1_width_height,peak2_autocorr2_accuracy,peak2_autocorr2_freqency,peak2_autocorr2_prominence,peak2_autocorr2_width,peak2_autocorr2_width_height,peak2_freqency,peak2_prominence,peak2_width,peak2_width_height,peak3_accuracy,peak3_autocorr0_accuracy,peak3_autocorr0_freqency,peak3_autocorr0_prominence,peak3_autocorr0_width,peak3_autocorr0_width_height,peak3_autocorr1_accuracy,peak3_autocorr1_freqency,peak3_autocorr1_prominence,peak3_autocorr1_width,peak3_autocorr1_width_height,peak3_autocorr2_accuracy,peak3_autocorr2_freqency,peak3_autocorr2_prominence,peak3_autocorr2_width,peak3_autocorr2_width_height,peak3_freqency,peak3_prominence,peak3_width,peak3_width_height,primary_label,peak4_accuracy,peak4_autocorr0_accuracy,peak4_autocorr0_freqency,peak4_autocorr0_prominence,peak4_autocorr0_width,peak4_autocorr0_width_height,peak4_autocorr1_accuracy,peak4_autocorr1_freqency,peak4_autocorr1_prominence,peak4_autocorr1_width,peak4_autocorr1_width_height,peak4_autocorr2_accuracy,peak4_autocorr2_freqency,peak4_autocorr2_prominence,peak4_autocorr2_width,peak4_autocorr2_width_height,peak4_freqency,peak4_prominence,peak4_width,peak4_width_height
0,1.0,0.5869017772629203,2765.625,23.39312212317142,2.4207317895832716,11.69897178217546,0.5687323295176605,156.25,0.6822308163535667,2.318745569037386,0.36518120075548716,0.261779361906437,93.75,0.35658748191030754,1.354608566054826,0.34077771811294383,2765.625,7.896926858902871,7.175872013649837,4.492583051521611,0.652938774787565,0.5697232443319196,3093.75,24.314348418487455,2.3240855724295955,12.160323309023184,0.5499228603434232,2843.75,0.3509406949701279,2.221841350936046,0.19266983729870757,0.5603277126569544,718.75,0.34791253055302035,2.2744212650813935,0.17992289855070018,3093.75,4.252174402706204,2.8813359930597358,3.041007571547983,0.6518328222527741,0.575672557391274,2390.625,24.483891426173688,2.356670579333951,12.24437189113584,0.3566312121193438,2328.125,0.6874817450476881,1.5543184855052345,0.7090052422232975,0.3600897506327826,2453.125,0.4439318844674225,1.5627191484881848,0.4859621293396913,2390.625,4.066504408851603,2.8721834334596963,3.868367203210995,0.12940829917508334,0.6083366288322185,531.25,21.238548263307795,2.5532129721970307,10.736871528110624,0.5783780954498048,781.25,3.5352810972583724,2.371793280206454,2.4797164637366103,0.435571458902534,406.25,1.9452514365316842,1.7717034614437033,1.827884527173885,531.25,2.7614101396899775,24.121525601612962,2.2829424095138924,sthant1,,,,,,,,,,,,,,,,,,,,
1,1.0,0.5861106544602078,2765.625,23.39567804507304,2.416104716819433,11.700300205060817,0.5751110779198414,156.25,0.7092528903641938,2.353556301501648,0.3703225587302234,0.28967641140447864,93.75,0.3781283135656621,1.407809083149326,0.36696499305291097,2765.625,9.648291082152857,7.216894081068091,5.168949445308422,0.6620953889283568,0.5683498236381868,3093.75,24.358141969423485,2.3166908176166032,12.181324557193552,0.5516923179296988,2843.75,0.36008078185418113,2.230610895137829,0.18776916473802557,0.5632896293535803,3218.75,0.2219331504727401,2.289847155495295,0.1630774878253745,3093.75,5.296361681831592,2.959415075244351,3.4314018924213836,0.6556395093587173,0.5744835099416037,2390.625,24.508387135878,2.3500851867403867,12.257263889035569,0.36010801419162464,2328.125,0.70832654793049,1.562763751036357,0.7731778741643867,0.3257306868433132,2453.125,0.4654476828498691,1.4830869216312976,0.48254297048752925,2390.625,4.997438493696847,2.903933602074261,4.462133804034355,0.36880721257088533,0.5678351438810361,2328.125,24.451719330432244,2.3139317920953886,12.23074199572344,0.4681102378571579,2250.0,0.5368062340466431,1.880088828879252,0.7199216110487046,,,,,,2328.125,2.0601852457758163,1.5843020071142746,4.902180871003964,sthant1,0.8647991403724125,0.5794038761893541,125.0,19.93432400374283,2.3775777839793024,10.117937113473065,0.5163189713396257,187.5,6.942506780472825,2.0674782361624704,4.450027535932188,0.5502455164865312,2750.0,6.873390246521168,2.2234353111680605,3.4397057372285684,125.0,1.6837798520351277,7.396402676392092,1.2381117729748932
2,0.15690040152222262,0.6048774330747991,3406.25,22.74021765073548,2.530860253773625,11.370957023942303,0.5137273299089632,3531.25,3.7891243211247936,2.0564593930660067,2.0586633764589495,0.5428730748311004,3906.25,1.7997093534760717,2.1875762396417997,1.0660976456778823,3406.25,3.0896908309917936,41.51348199334072,1.6978450793491184,,0.6068953383717091,3718.75,21.524311735726208,2.5438517972742147,10.763971194694768,0.617671604777418,3531.25,4.9277607575200015,2.615552526298302,2.6852925521094253,0.5691480429701488,3968.75,3.5021698554295972,2.3209828426767842,2.016795780467821,,,,,,0.6143877956654384,3953.125,20.92394704244215,2.593278917936914,10.464077876842875,0.6157375936070457,3703.125,5.742402865522504,2.6023883246527646,3.2487989839760196,0.5293267614855797,3828.125,2.9720691020484997,2.1246162266550073,1.9723141314902275,,,,,0.5731611882693919,,,,,,,,,,,,,,,,3718.75,0.6162434165787658,2.3428047602923527,2.1135564268443945,sthant1,1.0,,,,,,,,,,,,,,,,3953.125,0.3771756560149089,4.617943235197657,1.8943905526588491
3,0.2709032393663803,0.6160989740003009,328.125,21.98016436244767,2.604838050109258,11.071635332075088,0.4967757070120433,140.625,0.5326845930024247,1.987185463687327,0.36183987104092985,0.5043869415173794,203.125,0.509969804247381,2.017703090918591,0.47666768191414566,328.125,0.7241107763350695,13.715600644432332,1.095697776080074,0.09010538321932993,,,,,,0.489737053369407,234.375,2.5529119602576706,1.9597738903114088,1.430752529423578,0.5736609358002674,484.375,1.7512287608983166,2.345550956905786,0.8857124215808161,4296.875,0.284094375494916,26.37668094456393,0.25468499770284597,0.6032388104532447,,4031.25,20.14152958942795,2.6432995049551096,10.07506639205995,0.6094132323621326,31.25,5.9566219486347185,2.5602505841343564,4.330305258965799,,,,,,4031.25,0.11166094971193824,7.561223423659669,0.3098934277135309,,,,,,,,,,,,,,,,,,,,,sthant1,,,,,,,,,,,,,,,,,,,,
4,0.7613614081452198,0.6075167256113427,3656.25,23.074733520313618,2.547879273473825,11.537367292080527,0.5732447060852912,3781.25,1.7253206731451614,2.3432632570923886,1.3413385887179234,0.359750932576023,3593.75,1.3027046235181305,1.5618921617855221,1.8786194473936768,3656.25,4.640257925971626,79.61830419935663,2.3202568500370506,,0.6133195476708143,3015.625,22.580564602007378,2.5861146949023635,11.290283354041254,0.5871896564790502,3140.625,3.2225320638610793,2.4224199216298246,2.1474801232010075,0.577600568635912,2703.125,2.1878948619852823,2.3674274294608324,1.1758651303585066,,,,,,,,,,,0.5516351698615809,3812.5,2.407971719718979,2.23032658402596,1.2660290249279618,0.5823645104981261,3687.5,1.8185578622065508,2.3944325258198944,1.139752684758713,,,,,0.7449903414054106,,,,,,,,,,,,,,,,3015.625,0.6167585916112572,3.921420096443427,1.6130337550299017,sthant1,,,,,,,,,,,,,,,,,4125.0,0.5876627612755523,7.995514115780566,3.1585760837305576
5,0.43491400773586897,0.6024524648142098,2843.75,23.566916023675898,2.5154224627066526,11.787655910453283,,,,,,,,,,,2843.75,4.386764294923455,7.078568668767019,2.7799219702227416,0.5328331703627796,0.619622458196647,3296.875,22.19458716869471,2.6289669870072885,11.105358569798582,0.6555178853680143,3796.875,2.566281644703255,2.9029083297062073,1.4470753452029295,0.6397892297626989,3609.375,2.072433797918772,2.7761524158237023,1.2205201008655142,3296.875,1.5955076862346123,6.421688805109852,2.505030146112375,,0.6206102549691929,3625.0,19.688696041245375,2.635811887637601,9.851896702704162,0.5100551827488697,3750.0,3.540317554349946,2.0410461847735633,3.0649118611056316,0.6197522708693816,4000.0,3.5049575017910364,2.6298644893589653,1.94165569442749,,,,,0.3655313544182689,,,,,,,,,,,,,,,,3625.0,1.029444685838063,22.065708207162373,2.7020539383072775,sthant1,,,,,,,,,,,,,,,,,,,,
6,0.07239521182225783,,,,,,,,,,,,,,,,4343.75,5.2598507605828795,46.35594872733731,2.630000114047982,0.5030072524531148,0.6190116334510174,3578.125,23.01845739303442,2.6247520601693566,11.509229292856956,0.47812236537353925,3703.125,1.1522183929330285,1.91615799116542,0.7371909860449145,,,,,,3578.125,1.3739578030509385,6.036305388373876,2.5537017538462616,,,,,,,,,,,,,,,,,4062.5,1.0727175908668576,3.8135016757547646,3.685113581968236,,,,,,,,,,,,,,,,,,,,,sthant1,,,,,,,,,,,,,,,,,,,,
7,0.2729499460870457,,,,,,,,,,,,,,,,4390.625,5.58171263809894,42.63805474349289,2.946069062052943,,0.6227454696630152,3890.625,19.154897251082,2.650730261891738,9.577779996766457,,,,,,,,,,,,,,,0.7629069058556824,,,,,,,,,,,,,,,,3890.625,1.4768461260344865,4.217752539815876,3.7315203623928923,,,,,,,,,,,,,,,,,,,,,sthant1,,,,,,,,,,,,,,,,,,,,
8,0.5936854616400713,0.532428322454477,234.375,25.10878761571606,2.138709524172665,12.563187842309041,0.5277274756728911,921.875,0.6821894029914335,2.1174215066286024,0.3447974280293531,0.5332813563709076,1609.375,0.34544098352685365,2.1426184997116025,0.17338303811510677,234.375,9.345009202991001,2.461147474654629,5.03788077399755,,0.5634912482795276,468.75,24.488708496825097,2.290904812466099,12.25745568918246,0.22552225751521193,234.375,0.6881548657759069,1.2911926904337623,0.41656657827810906,0.555291009216306,1140.625,0.39261936077751297,2.2486615308535534,0.19996688961193207,,,,,0.6170659795828926,0.5268391414800754,687.5,25.36363285068371,2.1134461610541067,12.70410175925654,0.539310700191042,1375.0,1.5701182091227714,2.1706603570230243,0.7878847120332229,0.49344135981818693,625.0,0.8996272396617158,1.9741051098073896,0.581330612882288,468.75,4.168808361087399,2.6114159272418753,2.7073136872281727,0.5176860706088484,,,,,,,,,,,,,,,,687.5,2.2000151187150165,2.0733384193617397,1.5211373415284088,sthant1,,,,,,,,,,,,,,,,,,,,
9,0.6814456433658276,0.5465291649531115,234.375,24.509047061042544,2.2052134838982553,12.284765523690538,0.5414740614938756,921.875,0.5835171388976265,2.180901702656115,0.29955403895284544,0.5564543274509612,531.25,0.5368854684531001,2.254559252608736,0.30628332593245033,234.375,6.076686501717182,3.139181678649585,3.457055403331146,0.9530074804012926,0.20634011940132846,4015.625,19.967200742040763,2.5199711474534467,9.983983093423385,0.5994834050230371,3765.625,4.288340175368923,2.496775445865154,3.224725658491745,0.5634724708725736,3890.625,3.9761036085495918,2.2908062682756736,3.072387489396407,4015.625,4.152931100554905,85.1199304518675,2.2520048915613247,0.5534450782355349,0.5450037937249921,468.75,24.462619046471605,2.1978205229157055,12.272797689466598,0.5139955571362167,218.75,1.988585646813923,2.0575943588241614,1.0927281347441662,0.5237288443362702,2093.75,1.0391648909981066,2.0996442637942323,0.5206957162247389,468.75,3.120979912258233,2.239366203934594,2.3387645663306165,0.5592822770683621,0.5499126177325502,109.375,24.559893463932777,2.2217907886290895,12.307749777950649,0.5721138406175617,234.375,2.2195002486938757,2.3370702184975674,1.188468563693361,0.5087643226798364,421.875,1.9646304032873518,2.0356827611856225,1.0798433718835256,109.375,2.608423166741137,2.269026063549333,2.0073658013584375,sthant1,0.8444463170947571,0.6340184716519786,3828.125,19.013001620944944,2.732378337545697,9.507154032241163,,,,,,,,,,,3828.125,1.5004801616524643,12.85729763928714,3.2936034913737484
10,,,,,,,,,,,,,,,,,4390.625,3.33047554030405,25.490529015955474,2.071347712808362,,,15.625,11.303877750513458,1.1350934753517272,18.88856782298131,0.5354348976884646,156.25,0.30419939928684864,2.1525508373838296,0.20046624141667455,,,,,,15.625,2.7239143879247116,1.0025491314563315,13.740180797841612,0.6368894682010163,0.5616148787668728,2875.0,24.379654431510616,2.2810993155678148,12.195377500909771,0.20714790179360676,2812.5,2.2810277068684783,1.261269286241685,2.8470631551849355,0.5212925350966117,2750.0,2.117246525077044,2.0889584418781055,1.3930652006488438,2875.0,2.25484391244453,2.753982361915064,1.5980057793832936,0.561584970486946,0.5982704568993369,125.0,22.855570610410005,2.4892368937611984,11.888157186182209,0.5842880186908557,437.5,1.2111086186636195,2.4055116161214265,0.674699322149999,0.09718581758924583,62.5,1.0593152087059439,1.1076476416550456,2.6668032256286085,125.0,1.5545360144353726,2.2809437010193205,5.311184627936188,sthant1,0.6823224320480231,0.5740626130121326,2437.5,23.799246008622315,2.3477629119898893,11.907199290465778,0.5341657562403681,2328.125,1.160462335073838,2.146686323292272,0.6331943223466816,0.577097210672721,2890.625,0.6130689565361063,2.3646096106169523,0.34197685928976984,2437.5,1.4546930811162273,3.1478458061954484,1.245794642620713
11,0.07231557651411524,,,,,,,,,,,,,,,,4281.25,4.1599641145493615,46.351969388924715,2.0871335447418073,0.7366721120333664,0.6185682450857994,718.75,23.056858783877026,2.6217009651567693,11.52869497802175,,,,,,0.496454130202039,1265.625,0.784970484663588,1.985916398045788,0.4329092331741236,718.75,2.046206202529588,91.14112517790383,2.058437237999704,,0.6087687082174082,3843.75,21.34662428568501,2.556032763748618,10.67353098727294,,,,,,,,,,,,,,,0.6792134528826264,,,,,,,,,,,,,,,,3843.75,0.978056435230203,3.1173377094087016,2.412372891363866,sthant1,,,,,,,,,,,,,,,,,,,,
12,,0.6164770290059995,593.75,22.65258010811207,2.6074057504514982,11.326432275164024,,,,,,0.4935826994197656,718.75,1.737001786531363,1.974656076824857,1.1306323963855953,,,,,0.11944686864898679,,,,,,,,,,,,,,,,593.75,4.951839172032347,26.119945726286396,3.1137687626980597,,,,,,,,,,,,,,,,,,,,,,,,,,,,,,,,,,,,,,,,,sthant1,,,,,,,,,,,,,,,,,,,,
13,0.690310281444164,0.5806794877780881,46.875,23.735914510965664,2.3848105944094193,12.032803203492225,,4046.875,0.2697494191932206,2.0826571329403123,0.13558988063901645,,,,,,46.875,10.176212239772843,3.2290384216281405,7.494251096464539,0.5176289984968099,0.5865369415699397,3703.125,23.446001561704374,2.4185957599139556,11.723945066024124,0.36004363251361493,3640.625,2.4491474756751357,1.5626065319543443,3.2415494830318434,0.44602652271411747,3828.125,1.7940659606486098,1.8051405726125438,1.6056642501924043,3703.125,5.417884931630783,14.511651774642814,2.8749112519784776,0.7481757950283556,0.5776778022687333,1859.375,23.531188868775654,2.3678603809414795,11.77292371213147,0.5976636263489916,46.875,2.967883937336793,2.485482460672106,1.6753859634322097,0.36659013829015485,1796.875,1.3319564937350803,1.578756600505983,1.4024121485175196,1859.375,3.188483732818137,3.971024151997625,1.858956297292407,,0.6111157603167806,1703.125,22.540355019711527,2.5714593134825634,11.277297480661595,0.6450014387955244,1578.125,2.2156611981286276,2.816912825243847,1.2479328518489663,0.550265515248846,78.125,1.0515096150603804,2.2235341827374384,0.7007660791176878,,,,,sthant1,1.0,,,,,,,,,,,,,,,,1703.125,1.3777642066889486,4.192450944995429,2.1343776340287546
14,,,,,,,,,,,,,,,,,,,,,,,,,,,,,,,,,,,,,,,,,,,,,,,,,,,,,,,,,,,,,,,,,,,,,,,,,,,,,,,,,sthant1,,,,,,,,,,,,,,,,,,,,
15,0.628301052513786,,,,,,,,,,,,,,,,4484.375,4.219370814298354,104.92362236631428,2.3932639886597484,0.8947323646210327,0.5666801616766768,171.875,22.1390108166081,2.3077641768476944,11.156318279549598,,,,,,,,,,,171.875,1.6530855734546068,9.499595924236008,1.5519838457600088,0.40606728127628156,0.6040860955906722,3609.375,20.45999396393383,2.525801667642668,10.230696515583668,0.6113540850023185,3796.875,5.008725519768788,2.573036178718013,2.689427484961154,0.37975505634881457,3671.875,3.584992585469502,1.6122662671191108,4.655687783399838,3609.375,1.4164950324589816,10.102154353262762,3.118702890467256,,,,,,,,,,,,,,,,,,,,,sthant1,,,,,,,,,,,,,,,,,,,,
16,0.7478212984037909,0.6184531698991393,3625.0,22.435272459902556,2.6209102555920936,11.21949956402819,0.6099578463896019,3375.0,2.3323657590226583,2.5638254500021844,1.4392457162006171,0.5782958399107543,3750.0,2.125429053264114,2.37133064987637,1.4590641829171094,3625.0,5.1028019861441285,83.2742807662853,2.6492795529173914,,0.6147278224002612,109.375,22.189572784942495,2.595567648383126,11.133958002391234,0.6179652466307728,234.375,2.997312131581597,2.617562908036078,1.580782723652236,,,,,,,,,,0.9205679271734755,0.6153102888798628,3859.375,21.789066671333885,2.599497649906482,10.89644622176176,0.5613617773141067,3734.375,4.026859434767383,2.2797830838287325,2.566591512557822,1.0,3984.375,2.6953809139080134,2.8149529765419743,1.5193363099644586,109.375,1.341692128111124,12.589373088424207,0.8945835906889257,1.0,0.6119065682557983,3953.125,21.773925174034158,2.576699109556472,10.890537802847417,0.6322202883035514,3703.125,3.7057433840206606,2.719018934968773,1.9830186421104816,,,,,,3859.375,0.7986595817267523,3.767909021905723,4.244288967653901,sthant1,0.6306312055125358,,,,,,,,,,,,,,,,3953.125,0.7954303642896252,2.707321286812004,3.5648696827155586
17,,0.5876135023714806,109.375,22.425807030608443,2.4249096557492207,11.225762500227779,,,,,,,,,,,,,,,0.9149948024302963,1.0,3984.375,17.156022426917215,2.583621502441474,8.583638578010577,,,,,,0.6073453148797991,3656.25,4.349571299951476,2.5467670141103156,2.3832607396963876,109.375,3.574162109708715,11.763986539529032,1.95978989342783,,,,,,,,,,,,,,,,,,,,,,,,,,,,,,,,,,,,,,,,,sthant1,1.0,,,,,,,,,,,,,,,,3984.375,1.3577708935973003,4.7183404465864385,1.8785881893867251
18,0.523204992927883,0.6171567584459557,328.125,21.16132700927644,2.6120351398676434,10.607553869517599,,,,,,0.5907448098873893,140.625,2.9878745960608915,2.4434632086763273,1.69763915986684,328.125,5.305921055585436,29.36272358632826,2.879831452611329,0.5958045020169024,0.6206551945008436,3750.0,10.449737042362772,2.636124142214527,5.235543874625063,0.5406489831586541,3437.5,4.890135565077388,2.1769844048160394,3.742571740064089,0.45673884516573526,3812.5,4.707894147867361,1.8407353279383187,4.7566048411920585,3750.0,3.5255309740477534,32.16265412373204,2.2061725985370746,,,,,,,,,,,,,,,,,,,,,,,,,,,,,,,,,,,,,,,,,sthant1,,,,,,,,,,,,,,,,,,,,
19,0.682379779313425,,,,,,,,,,,,,,,,4281.25,4.863797804522052,81.85876813446515,2.5172502889385613,0.77034941000677,0.5796056164102483,578.125,24.24866816244353,2.378718743721052,12.142861677105547,0.6080038076047851,3562.5,0.786766117395243,2.5510451871731163,0.3991105991938673,0.6004775473732996,265.625,0.5684202355372706,2.502988238646914,0.306817347854544,578.125,1.7785954858203845,4.354441240623331,1.3146369165154355,0.6825973410463309,0.5985095902817977,3593.75,23.345664309196476,2.490719518560553,11.674943799319221,0.5477707412200812,3734.375,1.2724211804510652,2.2112678040733726,0.8272908479295187,0.524166911625377,3343.75,1.112511249124222,2.1015772640272985,0.5772355769455643,3593.75,1.4869963524779952,3.150572220461356,3.4733644430908237,0.953263530282716,0.6217440835133095,109.375,22.924546263024006,2.6437127786081476,11.478791837542616,,,,,,,,,,,109.375,1.1200431718380948,21.39656687912359,1.6120986483727862,sthant1,,,,,,,,,,,,,,,,,,,,
20,0.4014031217119386,0.5798963967814953,62.5,24.035674044209205,2.3803652059605853,12.071812581113344,0.5365376529478119,250.0,0.1501594372842856,2.157672584106159,0.09084933115058258,0.5302985574553227,437.5,0.13673039430066303,2.1290119838303063,0.07945327865179042,62.5,16.244754608136038,3.3411467258563694,8.576191317801817,0.5750051527350409,0.5602058505202386,390.625,23.70757735885341,2.2737910478866397,11.866028651775968,0.5265232725386066,78.125,1.1966286103233326,2.1120362248037603,0.618039243341515,0.4974007114000779,203.125,0.37056727800224654,1.989656616478058,0.21204216822959987,390.625,4.6128450718103435,2.352969704069281,3.8659745586573284,0.057163377044153085,,,,,,,4031.25,6.801971862375883,2.7245745565920743,3.6485683381982534,,,,,,4218.75,1.4908962058328052,63.637748618521584,1.1616134876546511,0.4916572565368188,0.5830398410323061,468.75,23.147403627690075,2.3983106742759084,11.599794895019919,0.5234245525508002,93.75,2.034101067147325,2.098303648147116,1.0442546006024787,0.45691969405462296,281.25,1.0234962364169653,1.8413483034691005,0.6280001573171232,468.75,0.5707399584829844,1.967176698908517,2.0154617510150503,sthant1,,,,,,,,,,,,,,,,,,,,
21,0.20145138719716904,,,,,,,,,,,,,,,,4796.875,4.066697920416772,70.1272271996632,2.0577825290268814,0.446037683879414,,,,,,,,,,,0.5895438651636681,4000.0,2.5435642258853344,2.436313932544209,1.7168284627222992,4125.0,2.033816812068558,25.272477193110177,2.898508614297584,,,,,,,,,,,,,,,,,,,,,,,,,,,,,,,,,,,,,,,,,sthant1,,,,,,,,,,,,,,,,,,,,
22,0.878838239037764,0.6011515769729536,3828.125,19.311320844367266,2.507218136680933,9.655972333204602,0.5731662838403238,3703.125,5.340353311198512,2.342832728860401,3.95487074669014,0.4572610108851496,3890.625,4.143835485656409,1.8425062876556808,4.2463315083122435,3828.125,6.427692681252522,24.76028720757077,3.231163938683611,,0.610728914824626,3671.875,19.576441837321045,2.5689038772285926,9.78848432893516,0.591761126252965,3921.875,5.44514018166626,2.4495462443874203,3.492334051043145,0.5344877668163757,3484.375,4.239590494155313,2.1481712589184383,3.0786654797449153,,,,,,,,,,,,,,,,,,,,,,,,,0.6547855227389705,,,,,,,,,,,,,,,,3671.875,1.2326892428780054,2.8967498928032,4.760183372912961,sthant1,,,,,,,,,,,,,,,,,,,,
23,,,,,,,,,,,,,,,,,,,,,,,,,,,,,,,,,,,,,,,,,,,,,,,,,,,,,,,,,,,,,,,,,,,,,,,,,,,,,,,,,sthant1,,,,,,,,,,,,,,,,,,,,
24,,,,,,,,,,,,,,,,,,,,,,,,,,,,,,,,,,,,,,,,,,,,,,,,,,,,,,,,,,,,,,,,,,,,,,,,,,,,,,,,,sthant1,,,,,,,,,,,,,,,,,,,,
25,0.7328951065713785,,,,,,1.0,3984.375,5.460123717652605,2.06436286308184,4.135799818482916,,,,,,4109.375,5.4637689614410645,37.43847546796181,2.879822191805308,0.4583551035797774,0.5964759797841088,3593.75,20.67821538929179,2.478167221532402,10.339762045646266,0.5665411686783118,3906.25,4.820162297416849,2.3070241687101714,2.8383889350408382,0.41286309922873554,3531.25,3.8300135759288763,1.7031802952367627,3.7485774139834054,3593.75,2.1028759292645276,7.384912193277074,3.2893504715559043,,,,,,,,,,,,,,,,,,,,,,,,,,,,,,,,,,,,,,,,,sthant1,,,,,,,,,,,,,,,,,,,,
26,1.0,0.5966296911374351,3375.0,23.879474983534955,2.4791115707544975,11.942158033662391,,,,,,0.4814606756855544,1625.0,0.8443254309971364,1.9284940468537997,0.4381795134046089,3375.0,5.574767434042019,4.811937391239866,3.4575335590044403,0.4490897432228095,0.5949198172381561,1578.125,23.403365521035628,2.4686470544719867,11.719616583425251,0.569765491404272,1328.125,2.0356658711457745,2.3243137870645683,1.079557498177502,0.5587480359964847,1765.625,1.4298947240268183,2.266278864635339,0.7757084157913493,1578.125,3.4709634402165648,7.2607107070394505,3.633786761656663,0.5829221360496533,0.5686906388549983,3234.375,23.49651176459446,2.3185214374788643,11.757111118898223,0.5654828281220325,3109.375,2.6844741943438355,2.301405018535945,1.5778424074018187,0.5321304429782601,3609.375,1.4330879416402162,2.1373478675671436,0.8280050511073743,3234.375,3.2392990677176794,2.397633838747794,3.8929352676476983,0.7235245057892667,0.604115570327285,3015.625,22.74396926823515,2.525989720855449,11.388114493995628,0.4689810116259948,2765.625,2.5972779018844845,1.8831718298097542,1.3356199245337037,0.5104493714096523,78.125,1.6923544361207616,2.0426896455622625,0.9050087820762314,3015.625,2.2245755409738606,3.616957093628656,3.9395167019976443,sthant1,0.7631876648216847,0.6115868847865324,2312.5,21.684441405562115,2.5745783569908838,10.872367483803666,0.5732019716202283,3125.0,5.163457974819343,2.343028630652867,2.710390907740633,0.5757366662959231,2953.125,2.77029598533521,2.357026687339186,1.887083982831216,2312.5,1.361717269875259,4.222753005019854,3.0740496899057996
27,,,,,,,,,,,,,,,,,,,,,,,,,,,,,,,,,,,,,,,,,,,,,,,,,,,,,,,,,,,,,,,,,,,,,,,,,,,,,,,,,sthant1,,,,,,,,,,,,,,,,,,,,
28,,0.6126813356315837,734.375,21.29010038650007,2.5818533729342903,10.646090457496829,,,,,,,,,,,,,,,,,,,,,,,,,,,,,,,,,,,,,,,,,,,,,,,,,,,,,,,,,,,,,,,,,,,,,,,,,,,sthant1,0.34997600906256443,,,,,,,,,,,,,,,,734.375,1.270868661909586,52.305761747296,0.9935842638116574
29,,,,,,,0.6017226723699999,3703.125,8.215623704530298,2.5108132716231353,4.159872545044049,,,,,,,,,,,,,,,,,,,,,,,,,,,,,,0.5021165419977965,,,,,,,,,,,,,,,,3703.125,1.2408237688222754,6.02550647502477,1.3801031919971833,,,,,,,,,,,,,,,,,,,,,sthant1,,,,,,,,,,,,,,,,,,,,
30,,,,,,,,,,,,,,,,,,,,,,,,,,,,,,,,,,,,,,,,,,,,,,,,,,,,,,,,,,,,,,,,,,,,,,,,,,,,,,,,,sthant1,,,,,,,,,,,,,,,,,,,,
31,,0.5959285383977608,46.875,22.857605081353775,2.4748097676454623,11.495004916020637,,,,,,,,,,,,,,,,,,,,,,,,,,,,,,,,,,,0.6040748520925605,,,,,,,,,,,,,,,,46.875,1.565947272808939,5.051459879652721,0.949998457912447,,,,,,,,,,,,,,,,,,,,,sthant1,,,,,,,,,,,,,,,,,,,,
32,0.7549712868996407,0.5999976315235299,78.125,22.933878302925862,2.4999851971097127,12.008317383942718,0.4443734880106629,156.25,0.8372883725915337,1.799770130513842,0.6646218640854913,0.48295227409466424,328.125,0.8162741328482109,1.9340574378294164,0.5906403729220802,78.125,11.979051161902214,4.081154356756622,8.621906175764181,0.10216532552315838,,,,,,,,,,,0.5771883720566089,3890.625,4.538171205783306,2.3651194383279517,2.6857316862714797,4078.125,2.2586920404430244,28.95856078976891,1.2904668230218481,0.6222841579808425,0.6075350237318042,906.25,10.89077035610024,2.547998064715557,5.544419551838322,0.5963156472281068,31.25,9.678230599386625,2.47718296023493,5.371915219933627,0.527248776522192,156.25,7.858865271140124,2.115277444748786,5.888735030959117,906.25,0.5887501832618299,5.29498574724478,1.1079449949490092,1.0,0.6230525324882878,3562.5,20.144663820441533,2.6528895567362554,10.081538292152443,0.5916742474250836,62.5,4.410887331322115,2.449025058287323,2.457208761140656,0.563466678124712,4000.0,4.246332821944186,2.2907758695353095,2.2169171270586974,3562.5,0.5712456884791,4.181464058296029,1.2760527068536556,sthant1,,,,,,,,,,,,,,,,,,,,
33,0.9533892935856724,0.5858154538516993,78.125,23.386788706862497,2.4143826931725876,11.7863377559169,0.523366301620555,281.25,0.5284595436109646,2.0980472077404535,0.5048147821841045,0.35581584872898797,203.125,0.5052147425234426,1.5523511375232424,0.6649705731227564,78.125,7.0573154017021835,21.454298313157746,3.8089648073283646,,,,,,,,,,,,,,,,,,,,,,,,,,,,,,,,,,,,,,,,,,,,,,,,,,,,,,,,,,,,,sthant1,,,,,,,,,,,,,,,,,,,,
34,,0.611803994324769,3171.875,22.213528318353692,2.576018262373907,11.113438927938846,,,,,,0.5835048533745648,2734.375,2.3679112578841583,2.400988362294953,1.362909916638969,,,,,0.9197445952034231,0.6008906613168296,109.375,23.438640274679848,2.505579055853267,11.737360491402082,,,,,,0.5562392186569491,3171.875,2.026680258241524,2.2534663765767675,1.0268278266722612,3171.875,3.923384572128815,12.460220000568142,2.922474897524985,0.9199562013775077,,,,,,,,,,,,,,,,109.375,3.9033845766911663,12.493160209902877,2.800494815288019,,,,,,,,,,,,,,,,,,,,,sthant1,,,,,,,,,,,,,,,,,,,,
35,0.8317064440050284,0.6298081269567948,3734.375,20.766371622474608,2.7013018729433043,10.384648493824479,,,,,,0.2518756650320635,3671.875,2.659411444354395,1.3366762090994655,4.753889107313187,3734.375,4.442243138882379,83.18797423484412,2.379366327839721,,0.5736095508117729,109.375,22.70188760035905,2.3452682908442846,11.417659914171388,1.0,3984.375,2.8757836968879387,2.3562825752369463,1.4396200145057199,,,,,,,,,,,,,,,,,,,,,,,,,,,,,,0.8868768390107311,,,,,,,,,,,,,,,,109.375,0.9041019209226582,8.839922711272738,0.6117626790956562,sthant1,,,,,,,,,,,,,,,,,,,,
36,0.04687723596009952,,,,,,,,,,,0.5192180773568026,3953.125,2.4249095518796397,2.0799450913260102,1.5456875580310692,4390.625,4.999405575983597,66.09851571792134,2.7011453225715054,,0.5945953005988903,2171.875,23.807322231065008,2.4666709623180623,11.907478911276545,,,,,,,,,,,,,,,0.1828916662280312,0.6191283472288847,3953.125,20.58055727079128,2.625556385528512,10.292048104368565,0.5816267103421704,3765.625,4.866660376622058,2.390209950587092,3.0294523026473503,,,,,,2171.875,1.1293783822088634,17.133591007905437,1.140676016170353,1.0,,,,,,,,,,,,,,,,3953.125,0.9438456523510066,4.960984419338615,3.8062486014832055,sthant1,,,,,,,,,,,,,,,,,,,,
37,0.6847928726913641,0.5809472358298262,46.875,24.114515555774013,2.386334336632388,12.149690305866077,0.5011190058540099,546.875,0.5429269129309054,2.004486063278179,0.29574353838495443,0.5356895159872068,609.375,0.3443332980359778,2.153731251893177,0.20693633459546007,46.875,11.316888933660922,3.1725170954679816,6.381893098131369,0.9774171580787933,0.6151566938420979,3968.75,19.25009171119297,2.59846016287392,9.627823321848203,,,,,,0.631774926182342,3656.25,3.897843215367708,2.715730326651226,2.15612384013742,3968.75,1.2923063273780862,44.28140636546442,1.0503114571862127,0.24761512777092876,0.6150155489654041,453.125,23.15669570612484,2.5975075027384342,11.597698614957464,0.4705618595746326,578.125,1.4228007566415188,1.8887947876149767,0.9729550662407727,0.6294918908871058,78.125,1.2059193071023235,2.69899625785329,0.6575984161035743,453.125,0.9409835165020435,14.620176994535502,3.672058635393105,,,,,,,,,,,,,,,,,,,,,sthant1,,,,,,,,,,,,,,,,,,,,
38,0.0642541430702207,,,,,,,,,,,0.6209092427279379,3906.25,3.6077013869833214,2.637890744675502,2.17928900941466,4281.25,5.035382127693675,50.2273129524815,2.547908742755792,,,,,,,,,,,,,,,,,,,,,,,,,,,,,,,,,,,,,,,,,,,,,,,,,,,,,,,,,,,,,sthant1,,,,,,,,,,,,,,,,,,,,
39,,0.6129767595705329,3671.875,20.447508683223194,2.5838241623173133,10.223941480611964,0.5838367971404828,3546.875,5.803869561856683,2.4029034598178214,3.862210916586399,0.5654182450984447,3796.875,3.7506616428080592,2.301063007641744,2.7622927707985734,,,,,,,,,,,,,,,,,,,,,,,,,1.0,,,,,,,,,,,,,,,,3671.875,1.7373208060760628,15.01521951481817,3.022269540664955,,,,,,,,,,,,,,,,,,,,,sthant1,,,,,,,,,,,,,,,,,,,,
40,,0.6172044779425314,3609.375,20.19717528290277,2.6123607575792676,10.099575061847027,,,,,,0.5405185896774494,3921.875,3.6483423126429133,2.176366611432684,2.364754981496553,,,,,,,,,,,,,,,,,,,,,,,,,,,,,,,,,,,,,,,,,,,,,,,,,,,,,,,,,,,,,,,,,sthant1,0.4623084026842571,,,,,,,,,,,,,,,,3609.375,1.1378593321239578,7.439208683878917,2.4681177037978808
41,0.8941907059699589,,,,,,0.5685267263397075,3921.875,2.338042774024596,2.3176406536533705,1.3745653785387297,,,,,,4109.375,4.463456218630071,94.50965618540869,2.241176258358051,,,,,,,,,,,,,,,,,,,,,,,,,,,,,,,,,,,,,,,,,,,,,,,,,,,,,,,,,,,,,sthant1,,,,,,,,,,,,,,,,,,,,
42,0.08768522402991674,,,,,,0.5574082081800049,3937.5,4.953621604999025,2.259418313855008,2.8707787544231067,,4000.0,2.5636704418710017,1.9251305220261656,2.2343170501769256,4187.5,7.082721046628172,25.21059683105935,3.575918589206353,,1.0,3984.375,21.633267719066414,2.5177942134136515,10.816926418637424,,,,,,0.538093355612733,3671.875,3.019855843417359,2.1649396304453035,1.6775388531687714,,,,,1.0,0.6103417510577331,718.75,20.71643896418247,2.56635141874839,10.365963931560144,0.6294107181048822,1156.25,3.363623915742284,2.6984050776811586,1.8170046604119483,0.6154639449093352,218.75,3.356614375519039,2.6005363782187416,1.7364954938030144,3984.375,1.1954067273960165,2.381592544571646,4.680613063677068,,,,,,,,,,,,,,,,,,,,,sthant1,0.35785941706442137,,,,,,,,,,,,,,,,718.75,1.0421647826221179,7.7864569424069785,0.8849934552097034
43,0.3069843533683818,,,,,,0.591765058169671,3734.375,3.7397040462359294,2.4495698372032564,1.9368994780214428,,4046.875,3.1419731359996725,2.4909130768582486,1.8121302763005593,4234.375,5.477686796619222,25.97343954279887,2.7803291218895616,,0.5815162384594551,734.375,19.80180446105559,2.3895789798838223,9.907605077386272,0.5918254126059049,1296.875,4.628966349052815,2.4499320410520653,2.3855743643095906,0.6006235794026598,984.375,4.600300005519991,2.50390345655439,2.763963466453006,,,,,0.29438319634969357,,,,,,,,,,,,,,,,734.375,2.1802708647943883,8.503198859438605,1.4665184613039002,,,,,,,,,,,,,,,,,,,,,sthant1,,,,,,,,,,,,,,,,,,,,
44,0.09405207738937493,0.6099008315065084,3796.875,22.16016312133493,2.5634507344936424,11.0804680733729,0.48929239399729774,3921.875,3.504212096452833,1.9580675679122521,2.78111151174622,0.506420210318816,3718.75,3.08372447588672,2.026014883319931,2.190355782184379,3796.875,5.459362723412245,34.21830242810077,2.8323008263077463,,0.605065363936711,3968.75,20.6527476981924,2.532064571413656,10.326550786365324,0.5259228528389511,3843.75,8.760705754481965,2.1093613265021816,5.017103887710061,0.5598578929765861,3781.25,3.4324080698488975,2.271993485837527,2.2226064125749856,,,,,0.8325279432111635,,,,,,,,,,,,,,,,3968.75,1.3596730439291633,5.971145390904752,4.383374460023906,,,,,,,,,,,,,,,,,,,,,sthant1,,,,,,,,,,,,,,,,,,,,
45,0.7585656489632917,0.5910297453428062,3500.0,23.501883363631517,2.445165604618893,11.75231069872605,0.4866511264769404,3625.0,2.4379370854224303,1.9479929762718768,1.7225836899132851,,,,,,3500.0,1.7380956153792375,8.283825360443075,0.9599771243655127,,0.6162991737342234,3750.0,18.25094921771397,2.606197150347896,9.126919679557444,,,,,,,,,,,,,,,0.7760447161083079,,,,,,,,,,,,,,,,3750.0,0.3366830280933758,4.465177077418787,0.7308942539528056,,,,,,,,,,,,,,,,,,,,,sthant1,,,,,,,,,,,,,,,,,,,,
46,,0.615797656992798,3937.5,21.6265554831189,2.6027951630197492,10.813370263969002,,,,,,,4000.0,2.3901852076012444,1.1292289575750374,4.259190125414547,,,,,,,,,,,0.5573736324611712,3937.5,6.754020464385183,2.259241819596923,4.0572139212906,,,,,,,,,,0.48804970848181206,,,,,,,,,,,,,,,,3937.5,2.176179562561746,5.8599439236639626,3.552584432826235,,,,,,,,,,,,,,,,,4062.5,1.0722112720515171,3.4467510796956162,3.348116425492833,sthant1,,,,,,,,,,,,,,,,,,,,
47,0.5631836643077025,0.5825877738284722,3718.75,23.219016455237753,2.3957132477213747,11.61156752896896,0.3253341944283463,3781.25,2.3580868388957654,1.4822153305260315,2.6298503100263235,,,,,,3718.75,7.103438985145511,6.867875019475605,3.9191883512423074,0.9021419457750072,0.5578605854622044,62.5,23.798765017348323,2.2617300496617827,12.127756666390695,0.5589740273135373,3812.5,1.3498379336216058,2.267440155301074,0.6797804607404305,,,,,,62.5,3.0223320435918044,20.437765862395434,2.043898551450541,,0.6213983335329192,3343.75,19.74136767053778,2.641298463716481,9.87526908774876,0.5830234665551742,3468.75,6.895322929201832,2.398216493716234,4.552513552672062,,,,,,,,,,,,,,,,,,,,,,,,,,,,,,sthant1,0.6508689958216558,,,,,,,,,,,,,,,,3343.75,0.8904136096294677,5.728508714678213,2.313384136194624
48,,,,,,,0.6027993866037811,3937.5,8.806641667525968,2.517619475583416,5.0544894311365,0.5043226611845781,3875.0,4.9063916482406995,2.0174414315365254,4.082119053822326,,,,,,,,,,,,,,,,,,,,,,,,,0.06200943719328744,,,,,,,,,,,,,,,,4062.5,2.3552116856069194,5.330544035580374,2.7127486387582316,,,,,,,,,,,,,,,,,,,,,sthant1,,,,,,,,,,,,,,,,,,,,
49,,,,,,,,,,,,,,,,,,,,,,,,,,,,,,,,,,,,,,,,,,,,,,,,,,,,,,,,,,,,,,,,,,,,,,,,,,,,,,,,,sthant1,,,,,,,,,,,,,,,,,,,,
50,0.08857679758222214,,,,,,0.5848705811462102,3843.75,2.9508098781900545,2.4088873362940433,1.537436309335939,,,,,,4281.25,5.588794734623956,38.40148013255944,2.9366780399263774,1.0,0.6072619940238433,3437.5,22.845603748903585,2.546226707839196,11.425035987186348,0.5062136202217548,3937.5,1.9083376847043316,2.0251672402326903,1.0714788125721761,0.6358921750949552,3750.0,1.3793788242110459,2.7464391908105483,0.8413141201846924,3437.5,2.6943733210399365,4.3384443385468785,3.8745207141729185,,0.6263806279543694,156.25,22.228238187772156,2.67652074496252,11.118087762581606,,,,,,,,,,,,,,,,,,,,,,,,,,,,,,,,,,,sthant1,0.7819160552197884,,,,,,,,,,,,,,,,156.25,1.1055275120732484,13.756170831481638,0.9021182404959235
51,0.028023631703475993,,,,,,,4000.0,6.4710679599514265,1.850764013594329,3.436389838283927,,,,,,4812.5,4.237438121836275,75.10470663802153,2.221935956698026,0.7834967294469645,0.6113156085991344,3890.625,19.78927201784937,2.572781470323207,9.895607995232226,,,,,,,,,,,3890.625,1.971227502663508,4.618867869504243,3.2918616912413663,,,,,,,,,,,,,,,,,,,,,,,,,,,,,,,,,,,,,,,,,sthant1,,,,,,,,,,,,,,,,,,,,
52,0.6744329187846148,0.5366775640305554,125.0,25.296454999597334,2.158324143978964,12.655940901357374,,,,,,,,,,,125.0,9.23503380276205,3.071563612226602,5.22224407380255,,0.5211724839480916,1296.875,25.362094983275288,2.0884347003391355,12.693488482969878,0.49469408730660014,484.375,0.6563285715980365,1.9789992059854669,0.35474988719639944,0.5439257069337968,234.375,0.5281867118511875,2.192625226203752,0.2938829849573518,,,,,0.4783289147497938,0.5773974991596823,250.0,24.082391234512514,2.3662898303052273,12.149882338858745,,,,,,0.5795936856930345,1296.875,0.8205858587174527,2.3786512380254976,0.41312896812431016,1296.875,5.233833398036262,1.9169166708183099,3.8514613895691063,,,,,,,,,,,,,,,,,,,,,sthant1,0.27404511362938566,,,,,,,,,,,,,,,,250.0,1.0062989778487679,1.377496065904955,3.8313978840553524
53,1.0,0.6145544741549261,3671.875,21.672976964621174,2.594400331428261,10.837402996647773,0.38193153255202705,3609.375,3.7315582615651555,1.6179437273819133,4.889929391418926,0.39130406949945695,3734.375,2.218546971977658,1.642856391659592,3.363304921665751,3671.875,9.08160177423259,10.127098828666533,4.572779190982261,0.23302401390842475,,4046.875,18.114316103736016,2.542339801877006,9.057682187964534,0.5105571235702592,3671.875,6.689074265796682,2.043139349160697,3.355307789446176,,,,,,4046.875,2.101691120359013,6.519108929967217,3.5529856426063264,,0.6147653595651311,3812.5,17.86009569194204,2.595820559831168,8.930460024460332,0.4492312389841875,3875.0,5.795325030511164,1.8156440066710502,6.387372965042628,,,,,,,,,,0.6871459892911636,,,,,,,,,,,,,,,,3812.5,1.67212088158578,3.1963790322978127,4.918125336308637,sthant1,,,,,,,,,,,,,,,,,,,,
54,0.5518259533590781,0.5847705351670096,3640.625,23.69559969373992,2.40830693554517,11.848490359864249,0.5543443523616964,3765.625,1.75226976372626,2.243884948613072,1.4967609381616498,0.4306695541265314,4015.625,0.7692553125650794,3.5128983782548175,0.4507436348956624,3640.625,8.059617997965454,8.925104052722645,4.072707893213563,,,4046.875,20.606747037331875,2.662581267112728,10.304008413627015,,,,,,0.5099769359194426,3921.875,2.927299083263147,2.0407202707413887,2.435543269581193,,,,,,,,,,,,,,,,,,,,,,,,,,,,,,,,,,,,,,,,,4046.875,0.8215542176975341,2.982994331600082,4.003782367975066,sthant1,,,,,,,,,,,,,,,,,,,,
55,,0.5350543371508238,359.375,24.097016108244638,2.1507889628908963,12.073297093162044,,,,,,0.5535683767945155,1109.375,1.34776429084189,2.239984687508837,0.6939771822520043,,,,,0.4891483033380991,0.5742902945067768,156.25,22.053603749987957,2.3490185614664565,11.049262187052303,0.24844744919663364,93.75,3.961547287824643,1.3305789447871046,4.463220244049534,0.5415434077646878,1093.75,3.4932954253481108,2.181231586450238,1.7766039786724004,359.375,2.224977703310305,1.957515276027035,1.8976949991305982,0.7550955227822935,0.5779635502120936,953.125,22.993085805106634,2.3694635866227856,11.529004092079814,,,,,,0.6867443061140017,187.5,3.6547229845844535,3.1922803623927916,1.9362547377090333,156.25,1.9988978527984445,8.166449314122222,1.8154056583437201,,,,,,,,,,,,,,,,,,,,,sthant1,0.6382189652894701,,,,,,,,,,,,,,,,953.125,0.9451530176160807,2.7641028800753062,1.4739611635848084
56,0.8523920989906818,,4031.25,21.789013439410198,2.5831036042921482,10.89824109758555,0.5546947518344078,3906.25,2.617891496425729,2.2456506051061353,1.7404962287135022,0.5659393891689186,3781.25,2.449173316213923,2.3038257216782085,1.29387412363971,4031.25,4.608683381042053,67.74705101570896,2.52333565554771,,0.6147777822712954,3078.125,21.10005607898873,2.5959042702574777,10.553602735987432,0.255156445736755,3140.625,3.3640700116821463,1.3425638099119226,5.056677983541502,0.6281017456745448,3328.125,3.0730956137099548,2.688907485768624,1.826322449520988,,,,,,,,,,,,,,,,,,,,,,,,,0.7263330080455862,,,,,,,,,,,,,,,,3078.125,1.549140727084788,10.962228139299043,2.6777338715105587,sthant1,,,,,,,,,,,,,,,,,,,,
57,0.817880439627861,0.607416000090597,125.0,22.522614227020043,2.547225562505785,11.391000969957478,0.170956227241862,62.5,1.2996632235817214,1.2062089275130905,3.4902133793571437,0.4165080353539118,250.0,1.2170338789204505,1.713819659207374,1.3136299217887801,125.0,8.232376329689828,10.98179677083145,5.825773291457512,0.1139962386878478,,,,,,0.5386132089904101,3593.75,3.888072355906784,2.1673789095952145,2.0983875659915956,0.5605536652335367,3906.25,3.1672601143274854,2.2755907169675993,1.7517569939846018,4093.75,2.028368626026251,9.029307040584314,1.5265178035339937,,0.5913432254577085,3640.625,18.20482375080153,2.447041288181339,9.111663917565906,0.10847954880589383,4015.625,8.146792619800332,2.2433585200666926,4.556341051008524,,,,,,,,,,0.44045764311367575,0.5691202666837452,3437.5,16.81254153637515,2.3208332225410686,8.43196441784307,0.517945644235192,3875.0,7.483034418019041,2.0744548577171145,4.189293221115564,0.4876601779066273,3312.5,5.391726385588346,1.9518295414049476,3.187199492744386,3640.625,1.2583413412452669,7.148699201716795,1.5791619022880907,sthant1,0.44001882158475725,,,,,,,,,,,,,,,,3437.5,0.5855993301589473,1.7857743055400874,1.3041655413848492
58,0.9424261014169573,0.6124367825583603,3921.875,23.001048240151132,2.580224218905869,11.501396666294289,,,,,,,,,,,3921.875,4.895818921179088,52.10694557487537,2.5563780735438377,0.7884095786194374,0.616839384001364,3421.875,22.32676587905643,2.6098715740752425,11.16430409282167,0.5222935782793305,3671.875,3.024345713966817,2.0933358952933077,1.6794902251369457,0.49968737557962106,3609.375,2.2135259431274523,1.998750283702151,1.3532748306294518,3421.875,2.132039269877651,4.726111860240678,3.143797137812709,0.6466107351220158,0.6272297580892969,2859.375,21.994277214740983,2.6826175685975215,10.99904743606928,0.680190012327939,3046.875,2.7749211503115196,3.1268566916222085,1.7864879864921774,0.5603732597981477,3171.875,2.3575933614751543,2.2746569044932414,1.4015282882192586,2859.375,1.8237895524822585,5.659481480543974,2.774048856923376,0.649758624785813,0.6027996649891196,3046.875,22.762684805886924,2.517621240104461,11.38238126286093,0.5613903756324896,2921.875,2.526472693349501,2.2799317307321587,1.6401038753544317,0.6424818878061155,2859.375,1.9635833319085165,2.7970610883559743,1.6773911776155725,3046.875,1.6260862159173737,2.8551738051749567,3.283546810323295,sthant1,,,,,,,,,,,,,,,,,,,,
59,0.6210677032937924,0.549261990354559,31.25,23.20647638117922,2.2185836974046604,12.965025925275254,0.6425139306651457,156.25,0.15094676351764003,2.797311799759415,0.1289738931401634,0.5922978067348624,3593.75,0.10261566369484997,2.4527707147988735,0.05158846275189304,31.25,13.047049238455607,2.6389938484850664,11.585376551299685,0.632742120584194,0.5639029790709387,3562.5,22.3495974061605,2.293067716604895,11.177037655278934,0.5115033930502602,62.5,9.044201430996726,2.0470971256979222,4.777689095336379,,,,,,3562.5,3.1785265446201354,5.445764712200003,1.8797156409335845,,,,,,,0.5274629851061821,46.875,5.696142678468467,2.116236333834517,3.2362844722451367,0.6647198167645497,3609.375,3.9234825135403533,5.965160185430648,2.159713668145269,,,,,0.19356631124838874,0.5961636744392795,3671.875,22.111403512501973,2.476250739978667,11.058499043352725,0.5155285529427822,3609.375,3.302955814762134,2.064105131632033,3.2723920820614136,0.40115830077978865,3546.875,2.922124702643928,1.6698903922391537,2.7751404995075952,4109.375,0.9187042409231598,12.400275607880872,1.2593600870740822,sthant1,0.570913757681831,,,,,,,,,,,,,,,,3671.875,0.8349301105240436,2.330533821353555,2.131287326748085
60,0.5837432962973781,0.5488484547893828,31.25,21.65339064378266,2.2165500941222676,13.36387812430443,0.3404750914935385,156.25,0.12764158696984512,1.5162429608072987,0.15472532672354875,0.4295369370456027,109.375,0.10430899578050978,1.7529618742027822,0.2483566328980067,31.25,6.24560427723581,2.402363712355754,8.827981010338867,0.6024664877833867,0.6087124481840884,3750.0,23.524358672218508,2.5556652527256176,11.763436056528308,,,,,,,,,,,3750.0,5.237837819513168,12.577555970364415,2.8397801961375033,,0.5900698952422325,328.125,23.52670681312074,2.439440256750384,11.839092049111304,,15.625,2.0014301061382023,1.994002669113426,1.869671954066956,,,,,,,,,,,,,,,,,,,,,,,,,,,,,,sthant1,0.5741943707321124,,,,,,,,,,,,,,,,328.125,0.709175256536084,2.348489384039752,1.2635750065602767
61,,,15.625,14.490567130795672,1.398830413755754,17.756458210816575,0.524305051217939,1640.625,0.2604751452271004,2.10218755225452,0.13066246941038948,0.5278702418983192,3890.625,0.17968381768373962,2.1180617888200004,0.0909441663295137,15.625,6.554032221025176,1.47923798676086,14.779801725246816,0.5792879276772747,0.5463805198320411,1531.25,24.725597921369552,2.2044908645231374,12.368153484025504,1.0,15.625,1.0374003380692611,2.6982462700840326,0.7006249048878724,,,,,,1531.25,4.69694118793962,2.3769225220447368,2.719589649618059,0.7484218908398029,0.5761685895410031,1640.625,23.84457656250682,2.359428714632145,11.931369153512671,,15.625,2.435875054340176,1.1328463166848077,3.27228268428866,0.5521965807436504,515.625,0.7546419293136212,2.233122743146229,0.3950080575867379,1640.625,3.4150872693166763,7.949817282100895,2.543903933112618,0.5777442509249091,0.5551161238596382,218.75,24.422581696383368,2.2477775743989827,12.278004085923197,0.38945237430540725,31.25,1.9837018557786839,1.6378738658795777,2.3796156329589797,0.46037051973599996,109.375,1.056581900773045,1.8531233681132013,0.8877402548625895,218.75,2.5109826216203817,2.36823300142248,2.682802256269664,sthant1,1.0,0.5850598177073952,2937.5,23.61128471963122,2.4099859273084974,11.810798145734612,0.09002488905873796,2875.0,1.4247744469429848,1.0989311553429388,1.9063368632051638,0.5333770184912694,187.5,1.0794047607056871,2.1430577567497924,0.681513907283406,2937.5,1.739924264677321,3.685536071978987,1.0883887257204146
62,0.5744680531337449,0.5568261602861753,343.75,24.18134590951748,2.2564508786117443,12.101913363262996,0.5156103599006201,3718.75,1.1300172253610588,2.064453731493586,0.5661536604970538,0.5389189460775997,93.75,0.595420652852374,2.168816071476013,0.3210799475176003,343.75,7.882447518239109,2.3499998234311192,5.557102845486793,0.5242605832515301,0.5699863918137078,62.5,24.117550413435787,2.3255078001317018,12.399541430534107,0.11934608547012304,125.0,1.3062547901845565,1.1355198489452398,1.6660285395077399,0.4591911072428827,187.5,0.7213095471629954,1.8490820202712719,0.4656299768290599,62.5,4.210130321834479,2.1019910581189323,8.66320992690102,0.6039704003346478,0.6071575285135344,3796.875,22.974941115182197,2.5455496097866614,11.490233072794922,0.4216067615380594,3921.875,1.5158033297491729,1.728927541855768,0.9955167613479159,0.5078076020884682,3609.375,1.4237772933505997,2.031725813407917,0.8695825192655706,3796.875,3.653984350099646,15.150382711469149,2.255741474186433,,,,,,,,,,,,,,,,,,,,,sthant1,,,,,,,,,,,,,,,,,,,,
63,0.751293243654048,0.5947572698808083,62.5,23.774497198941877,2.4676568527358302,12.036747425171333,0.5323307641575956,2937.5,0.2637585536797475,2.138263377959248,0.13305085285520765,0.5106104240730882,3937.5,0.2160564315471686,2.0433618719932554,0.1125113089282161,62.5,8.125257198359677,4.020799493717801,7.742109962553373,1.0,0.5666814811334113,2937.5,24.003222793387177,2.3077712039994367,12.005911002818548,0.5931568666090592,3875.0,1.8111841818026548,2.4579498040565113,0.9242335188564436,0.12524885477861236,3000.0,1.517335712087448,1.1431822701379986,2.1439755255330124,2937.5,4.43026417839595,8.842302623089523,2.8628549106951953,0.4406364874211659,0.6198326403642321,3843.75,22.478414976932363,2.630420457343007,11.243843014318188,,,,,,,,,,,3843.75,2.9396990711949496,8.938731053351148,2.6317707558032657,0.6168656070559684,0.5633442359490755,1984.375,23.8259385906805,2.290133515524545,11.939987673016962,0.5595787555767211,359.375,1.188399832820032,2.270553504541944,0.6301722534527321,0.4541544989959524,46.875,1.1864799557489074,1.8320202294615684,0.8393545775399052,1984.375,2.3941452125000775,2.6100502027915837,1.8628309514005432,sthant1,0.4149372211506204,0.5668607125264575,234.375,24.25955321649751,2.308726150963812,12.237032720037998,0.5754319763240086,421.875,0.8706087667893594,2.3553351741890687,0.5810384190864275,0.508538877079577,359.375,0.7971847306849967,2.0347489422106726,0.5932180180779683,234.375,1.4354789288682888,1.709218285884912,3.4847897110052433
64,0.05131453762499305,,,,,,0.6310022229106962,3875.0,2.8396324081418522,2.7100434259743054,1.526269354359514,,,,,,4500.0,4.216633230054971,60.08313846962736,2.3022277247854546,0.6295839199052753,0.5864528623614664,3843.75,22.892620413906617,2.418104029712964,11.44951797331431,0.48538776795731364,3718.75,3.331773337228111,1.9432107084408585,2.112590541203133,,4031.25,2.9096309267342937,2.3537025413433526,1.6244218661470087,3843.75,1.4396104256514475,2.6996668172296268,3.1905225676600373,,0.6082683978041202,140.625,22.365453318831502,2.5527682586608478,11.374504737379054,,,,,,0.5926829594544929,265.625,1.6229032955803537,2.4550900170067305,1.181960068767585,,,,,,,,,,,,,,,,,,,,,,,,,sthant1,1.0,,,,,,,,,,,,,,,,140.625,1.0252423621783027,4.400231391394643,1.6410015322986156
65,,,,,,,,,,,,,,,,,,,,,,,,,,,,,,,,,,,,,,,,,,,,,,,,,,,,,,,,,,,,,,,,,,,,,,,,,,,,,,,,,sthant1,,,,,,,,,,,,,,,,,,,,
66,0.26423821241104606,0.5162308166734656,62.5,25.29441551145467,2.0671014906813943,12.80309483569046,0.5238799692345756,250.0,0.12224660956724033,2.100310710289527,0.06846856715907601,,,,,,62.5,10.406994895753028,1.359135547494167,13.596408036395374,0.4451437158553111,0.542032127405375,125.0,23.68552498981009,2.183559284048644,12.011459539972208,0.5052392632193297,62.5,1.4574227160704658,2.0211789773514397,1.0171222092904568,,,,,,125.0,3.579270903060172,1.8022684946994882,4.207531423314563,,0.5690311991823653,187.5,23.309490011009803,2.320353580358482,11.725193508570564,,15.625,1.2169692564740167,1.0189918063294505,1.3289573616216965,0.24713887225951492,62.5,1.0928971961345129,1.3282662142502129,1.3114546827418463,,,,,0.47903204918844766,0.5590703959841927,1312.5,22.247227768633618,2.2679357223747445,11.128100607657457,0.47885701830958693,125.0,2.7663895515642336,1.9188591905360317,1.67753734564605,0.5703713438873469,187.5,2.21662466079943,2.327591481090101,1.183779747988263,187.5,1.5563018051363309,1.919503874359684,2.637476967037088,sthant1,0.5935624209415347,,,,,,,,,,,,,,,,1312.5,0.9912268013889554,2.460402412386557,0.7813552222120259
67,0.7386985582572074,0.6114539295014148,3671.875,21.919076476945975,2.573697370602133,10.959601114339765,0.46836191464661103,3734.375,3.515770977404198,1.8809788605255449,4.830884183965249,0.407405367184171,3781.25,1.2068467029250054,1.6874941901655518,1.2811544237097436,3671.875,5.3632166613289165,68.88595745949988,2.6928570622569232,,0.6169061989864493,3734.375,20.934459994281134,2.610326759019074,10.46727706449754,0.5008554694040872,3671.875,4.152493894552318,2.0034277422736295,4.858821411857945,0.09382590777714572,3796.875,2.2535933563554225,1.1035407087693159,4.890877338112692,,,,,0.5573029636430016,,,,,,,,,,,,,,,,3734.375,0.7206314115660337,2.2588811712612937,4.759233025676825,,,,,,,,,,,,,,,,,,,,,sthant1,,,,,,,,,,,,,,,,,,,,
68,0.08968555658811994,0.5976188523115622,3859.375,22.842930972960833,2.485205894323599,11.421538235474971,,4046.875,3.4679669210606288,2.012516260900952,2.4562399518986187,0.39924494774572084,3921.875,1.6184288811346257,1.6645719353463448,2.4556971713655753,3859.375,6.147700570030898,40.64529599390198,3.0996531542859134,,,4046.875,20.24891163708722,2.625134486538059,10.124560450651318,0.48013902923209717,3859.375,4.785281584354533,1.9235912219431839,3.6393253703811523,,,,,,,,,,,,,,,,,,,,,,,,,,,,,,0.36895698809070365,,,,,,,,,,,,,,,,4046.875,1.0632436002701309,7.923390174105407,4.312847354813315,sthant1,,,,,,,,,,,,,,,,,,,,
69,,0.6219855151563591,734.375,22.401322982473854,2.6454012745401343,11.201036436977796,,,,,,,,,,,,,,,,,,,,,,,,,,,,,,,,,,,0.20230143789755328,,,,,,,,,,,,,,,,734.375,0.859529895219651,45.129829374540854,0.6291256630724289,,,,,,,,,,,,,,,,,,,,,sthant1,,,,,,,,,,,,,,,,,,,,
70,,0.6161710300550198,3484.375,22.63949287336365,2.605327055285443,11.321399275759948,0.5927603995482753,3921.875,2.558725422378459,2.4555568733756843,1.492774191804995,0.6168539296964124,3234.375,1.607080985809875,2.609970654814873,0.9848937603828849,,,,,0.42644997261905415,,15.625,11.37083206952007,1.2619737664586055,18.385956990970133,0.5831788506418507,3453.125,0.4025283471435209,2.3991105094831937,0.2020323508826532,0.5319148447933195,3328.125,0.35025482133210817,2.136363413529864,0.18615167995485565,3484.375,1.7247579784197349,17.435270722004702,2.982035391734113,,,,,,,,,,,,,,,,,,,,,,,,,,,,,,,,,,,,,15.625,1.24958340074694,1.5372557899930919,6.237281464760029,sthant1,,,,,,,,,,,,,,,,,,,,
71,0.900214136836064,0.6138366783116875,3875.0,21.59041171513877,2.5895778905878046,10.798187573493415,0.2717476480438563,3812.5,2.518244418050624,1.373150388479928,4.0714368865273425,,,,,,3875.0,5.160229641953151,50.10729818296616,2.880298199965541,,0.6234203565418839,1515.625,21.175283279117796,2.655480765813678,10.596053190046321,0.6241111111601332,3640.625,3.6912380456182374,2.6603606270096805,1.8642529369502636,0.5545305223231201,3703.125,2.7907026306643297,2.2448227097735014,2.2034943056960437,,,,,0.11782943527893142,0.5995631760236027,3656.25,21.679316431350628,2.4972728283823926,10.843626682160256,0.5071512735229295,3843.75,2.5541450052314865,2.029020156241643,1.854926483964873,0.5709982629283235,3968.75,2.454409529659348,2.330992892536756,1.461874520639847,1515.625,1.5648195115677574,44.209137733281,1.92487087705569,,,,,,,,,,,,,,,,,,,,,sthant1,0.554282864776939,,,,,,,,,,,,,,,,3656.25,1.4095873280879188,2.2435754001235466,4.129637066354691
72,,,,,,,1.0,3984.375,4.971341504491843,2.554236336709323,2.5210891219862663,,,,,,4421.875,5.238228849861273,26.57163876459498,2.6586490527715747,0.2813266881128429,0.6164091634491269,3796.875,22.187123161068154,2.606944443698609,11.094427058716581,1.0,3984.375,2.1356068850573164,2.540373024569078,1.1454316279918242,0.2785786528228609,3859.375,1.9363828265512386,1.386152494534457,4.137699958344763,3796.875,2.8831046841140022,11.131622487821176,3.799038239667758,,,,,,,,,,,,,,,,,,,,,,,,,,,,,,,,,,,,,,,,,sthant1,,,,,,,,,,,,,,,,,,,,
73,,0.5317377107790097,46.875,24.290208408411612,2.1355552710930836,12.798112751271644,,,,,,0.5215961342413485,3921.875,1.1713828621089928,2.090284112596379,0.6242614168748971,,,,,0.510498674930516,0.5847640986207026,3734.375,18.84456066652357,2.40826960452668,9.425869050391814,0.522833433960277,3484.375,5.496604572753711,2.0957042491463085,2.9667678657769807,0.6517139563412238,3921.875,4.589928476781397,2.8712031911899487,2.5112010791900925,46.875,2.799415710136625,2.042895389216876,3.1707072800961225,,,,,,,,,,,,,,,,,,,,,1.0,,,,,,,,,,,,,,,,3734.375,2.3283265559255377,4.172312647186061,3.355044496687265,sthant1,,,,,,,,,,,,,,,,,,,,
74,0.35630769446116595,,,,,,0.5417911817094498,3734.375,5.165778810673802,2.1824110756548123,2.6594597038851853,,,,,,4234.375,6.601097554741669,27.96367122165958,3.347498744679883,,0.622755666502717,3968.75,15.972210706581803,2.6508019106063045,7.986284079624027,,,,,,,,,,,,,,,,0.6132963778468115,3765.625,16.379046979857577,2.5859597446539055,8.189768371644455,,,,,,0.5289430191076183,3890.625,5.1347107019470535,2.1228854269510578,3.3437850091401176,,,,,1.0,,,,,,,,,,,,,,,,3968.75,1.752966684406311,4.381249410766742,2.8565400415392435,sthant1,0.6270148808863738,,,,,,,,,,,,,,,,3765.625,1.376743901703383,5.362144218388295,2.980829899360172
75,0.06682102139551949,,,,,,,,,,,,,,,,4531.25,4.7509394785008485,54.65189547697247,2.4153160560388827,,,,,,,,,,,,,,,,,,,,,,,,,,,,,,,,,,,,,,,,,,,,,,,,,,,,,,,,,,,,,sthant1,,,,,,,,,,,,,,,,,,,,
76,0.039733626411300293,,,,,,,,,,,,,,,,4687.5,4.482528919888325,65.60679591909161,2.2736565292323347,,,,,,,,,,,,,,,,,,,,,,,,,,,,,,,,,,,,,,,,,,,,,,,,,,,,,,,,,,,,,sthant1,,,,,,,,,,,,,,,,,,,,
77,0.7873146157623446,0.5791710406797809,46.875,24.239394009286286,2.3762623219070704,12.20829453402067,0.504250534356661,234.375,0.4815521695842969,2.0171479130134617,0.37252789883349463,,,,,,46.875,9.929741523209826,4.701780536468819,6.243434338651327,,,,,,,,,,,,,,,,,,,,,,,,,,,,,,,,,,,,,,,,,,,,,,,,,,,,,,,,,,,,,sthant1,,,,,,,,,,,,,,,,,,,,
78,,0.6111857594964876,46.875,22.371843946717764,2.5719222595988382,11.576640728152315,,,,,,,,,,,,,,,0.6726769894445838,,,,,,,,,,,,,,,,46.875,2.476172954535792,6.110172323682075,2.032001328315199,,,,,,,,,,,,,,,,,,,,,,,,,,,,,,,,,,,,,,,,,sthant1,,,,,,,,,,,,,,,,,,,,
79,0.7670907079152501,,,,,,0.5231849313522179,3968.75,3.828454754781254,2.0972491553925465,2.4735975536911714,0.5957233004068045,3531.25,2.4729782751172023,2.473553388078642,1.3018435477749817,4093.75,4.493470544397826,38.641652805870564,2.6578362118842134,0.5997933989519142,0.5977077152265532,3437.5,23.053059386669133,2.485754854988471,11.533495539905463,0.545752290809464,3312.5,3.4984458267289185,2.2014420321062005,1.9300665172036524,,,,,,3437.5,2.100869182761459,9.994837640170232,3.4804217898038567,0.3841920571993651,0.6072003904896305,234.375,23.329929974983635,2.5458273781038496,11.690805178106771,,,,,,0.541797538288604,3859.375,1.3103637008566438,2.182441351940753,0.7095486363598934,234.375,1.868230017830217,11.367180436427432,1.8793428748206948,0.5819288218172469,0.598821409487877,3750.0,22.10092595141669,2.4926554498420614,11.059164210918517,0.41799909577837735,3812.5,2.845930945260071,1.7182103889295774,3.1256558992991077,0.5373226655995739,4000.0,2.1486923620829437,2.161333451304415,1.5728995121991716,3750.0,1.441892462301262,2.3919371920033825,3.446307650114117,sthant1,0.3048480368813642,0.6149453921844604,468.75,22.972764442893126,2.5970342380087814,11.498087411262516,0.5837710990875129,3468.75,2.22723450963714,2.402524182745907,1.1306273216037568,0.5233880999787758,218.75,1.4173540028586702,2.0981431641876096,0.7249318166068499,468.75,1.1135686068964012,10.06974067741411,2.2566036156979914
