,peak0_accuracy,peak0_freqency,peak0_prominence,peak0_width,peak0_width_height,peak2_accuracy,peak2_freqency,peak2_prominence,peak2_width,peak2_width_height,peak3_accuracy,peak3_freqency,peak3_prominence,peak3_width,peak3_width_height,peak4_accuracy,peak4_freqency,peak4_prominence,peak4_width,peak4_width_height,primary_label,peak1_accuracy,peak1_freqency,peak1_prominence,peak1_width,peak1_width_height
0,0.09123850659335976,2640.625,4.021048889385004,92.43349394692369,2.2589610029807137,0.6497257316477149,3468.75,1.6959097068790814,11.419622739678488,3.2246078397926405,0.5044827679679087,2968.75,1.2712877279918406,6.054279863683348,3.1620769754720275,0.422538692465367,1875.0,1.2191047371632526,8.658588782937855,2.1640100858448137,sumtan,,,,,
1,0.6290615322875446,3375.0,4.663769667545486,99.74700178219776,2.4349565054685933,,,,,,,,,,,0.7318126758793442,468.75,1.3605832222925325,3.72873700604174,1.9403805473668296,sumtan,0.19005358031376784,3968.75,1.8850665793727268,13.581145286451573,3.4896107690702984
2,0.16119611332498718,3140.625,6.22214237560446,21.459128034505568,3.1560250348241907,0.6681021085068938,3421.875,1.7956233835645603,3.012974850491844,3.6047652265041874,,,,,,,,,,,sumtan,0.6130815270058256,2734.375,1.8723058214540782,5.16904758907728,3.2899335440102733
3,0.10072219467578204,2484.375,5.642783713585786,38.92011989263028,2.821771494803233,0.7276951193774389,2781.25,1.711161445071984,3.6723543026982672,4.069519383638069,0.5699384380987744,3218.75,1.297509222713479,6.975745488012308,4.1504106928380695,0.6114088644739741,2593.75,1.251151317031133,5.1467977963332885,4.143795739912576,sumtan,1.0,3062.5,2.6362559733353006,4.050630980775652,3.72545387706472
4,0.4374287823420469,312.5,6.934052624756948,7.110210893213569,4.371093894668217,0.3637777073930082,156.25,2.6008977810386917,1.5717776815118951,5.993302633456395,1.0,3000.0,2.0040158986496963,4.009066307748442,1.4980620067303692,,,,,,sumtan,0.4543185818676249,62.5,4.300632719234688,3.6651422121814425,5.446671270094528
5,,,,,,0.3578631461973999,234.375,1.6793277731579257,14.015703890383932,2.7850080404396724,,,,,,,,,,,sumtan,,,,,
6,0.6644667890214677,46.875,8.012950700293251,5.9606618199352015,6.986015332304541,0.3681632387170493,265.625,0.6914502434590886,6.330749087593386,3.0215390933110853,1.0,3671.875,0.6535280296163719,3.7582720231322635,1.3846073092584454,,,,,,sumtan,0.5035589679386872,4078.125,1.7070633116056002,22.157717210291853,1.53276973905229
7,0.4754301589756801,62.5,12.286713293066926,3.812647704059061,6.9323309323169084,0.579682883295803,203.125,2.298412568434605,2.379156023531065,4.1532282543349845,0.3249538268713764,250.0,1.394046410334711,1.48138014821315,4.095621549220618,0.7402442548121383,484.375,1.077891459506704,3.8497704806366286,2.9309052440874206,sumtan,0.5737967676125679,328.125,4.1685430731642406,2.346298488630346,4.580502560990007
8,0.01891073910411556,5000.0,1.0043963264978415,67.2721663875231,0.5813889492242775,,,,,,0.4593542431744849,437.5,0.2845767416996434,1.8496399673450767,0.2962711499626334,,,,,,sumtan,1.0,2937.5,0.4158295679101546,16.084744234959516,0.3236488592181151
9,0.4325417244597405,421.875,10.58814870838813,5.286732310219271,5.92630454006309,0.6906723622918305,250.0,2.6884899367396327,3.2328181452167404,4.288757405387239,0.5814368073340346,515.625,2.2063371254412787,4.778251014527457,4.999291115218242,0.34522428550862283,62.5,1.742978373311873,1.5272405159021352,2.192934635252219,sumtan,0.571673014264928,125.0,4.863262775670812,2.3346649482844364,4.008726189495127
10,0.6085070792122822,625.0,4.544714266019692,71.52108892202077,2.6108349797648605,,,,,,,,,,,0.5882788578717782,828.125,0.3310070317200502,2.4288283930014245,4.545822450454335,sumtan,0.5539274500340887,62.5,0.7660956025406074,2.2417877990394612,0.7627564779973656
11,0.6267489714226882,109.375,9.298137383230188,5.358324148826124,5.126508558091821,,,,,,1.0,2640.625,2.660591360916168,4.899694281470347,3.353458160639448,0.22880947228415804,3296.875,1.35782319680053,1.2966964246330406,3.4044050037752145,sumtan,0.5649093921432204,3203.125,5.440542425087662,6.8951155134737405,3.4428762406169997
12,0.12381508741387105,2828.125,7.451248093723395,27.391478277298923,3.756520807791773,0.6951061904852094,2343.75,2.0466938158822354,3.2798304484810785,3.06474223820476,0.4753810770070714,2921.875,1.978120076723874,1.906145501376585,5.650253013956176,0.5293282453877227,3015.625,1.9298661671245485,2.12462292500166,4.945557394649001,sumtan,0.5121495372809927,2578.125,2.6138477690495465,2.0498084483236028,4.439427432852313
13,0.043725678530152516,4968.75,4.07844504222354,80.52082783279872,2.3933517806022016,1.0,3953.125,2.1033728838328134,11.860799433454218,3.3788877513037425,,,,,,0.7080659068420834,3218.75,1.3871851429688298,3.42543068259954,2.898639849481709,sumtan,0.33433612967178983,2703.125,2.417795729542911,9.013558144655887,2.9557464852676345
14,0.4355479634937561,3015.625,8.412311958656082,7.086518855983883,4.368030965915918,0.8883974122198607,2750.0,1.5509356351178882,8.960365703795617,4.895035295573772,0.4014957923677383,2609.375,1.3531702947278132,1.6708320296629042,4.957719834958778,0.17785458005527433,515.625,0.993780914241912,19.461277301861887,1.0462658227555024,sumtan,0.4731848045074423,2531.25,3.0392272478165565,1.8981988533284948,5.339367660721176
15,0.0601921005050754,3078.125,4.895318617896251,59.586645345390004,2.5634459699808403,0.20349987800508207,687.5,2.349810349021769,18.832388829308567,1.6209716626839583,,,,,,0.27347772018609595,2515.625,2.0147492222705385,13.764202802646967,3.6560831437391146,sumtan,,,,,
16,0.07728855793240763,2765.625,6.311071358916215,42.266734996381565,3.3746698227445955,1.0,2328.125,1.2998989667984728,4.505679126402157,3.4842582957024484,0.664678897880304,3140.625,1.034064524424271,2.9822161315783835,3.211228772700333,0.608469787141162,2125.0,0.9381516904544008,2.5540813126483783,1.6164730764880018,sumtan,0.621060932418551,2406.25,2.0243987619486927,2.638946694998822,4.584212530847137
17,0.17149201450863782,2781.25,7.007527906073009,19.311823519131078,3.5513198372423886,0.5686354305042878,3234.375,1.9584302787567776,6.9546741020180605,2.7362993781291665,0.40733966195681937,2250.0,1.2469844932539655,1.6873071062959184,3.04186715617581,0.3856837020012702,2609.375,0.8677231022684171,1.6278259314586307,4.197800912804584,sumtan,0.6328900809416474,2437.5,2.164246083368444,2.7239797893912225,4.428284846128367
18,0.2649221152997654,2796.875,8.0283817768711,13.604000621074336,4.079606329724964,1.0,2468.75,2.225571821071547,4.952947815876087,4.131915213917618,0.630399605569927,3312.5,1.5835261539958445,2.705624818236487,2.8826431671835344,0.6119680877075504,2703.125,1.4792863165012484,2.5771076252262617,4.844081222309027,sumtan,0.6350005579843907,2359.375,2.3767332940740675,2.739730215689576,4.100060143458503
19,0.5200440833581154,3171.875,4.170221406863595,104.17623424633624,2.098718318353929,0.614572259759099,2468.75,1.3876567218142677,5.189040100616411,3.242918808113489,,,,,,0.7618620178590335,2921.875,0.4059146028191632,4.19924613037179,3.3715550962292093,sumtan,,,,,
20,0.11622231952124773,2656.25,7.054367439921003,32.813682264854634,3.5370671101171514,0.5329572397251728,2953.125,0.9596189390004709,2.141131573073864,4.039104514738755,0.7395658362370933,3140.625,0.8202229972232373,3.839742012151589,2.1808362330323714,,,,,,sumtan,1.0,2515.625,1.5729326722498502,4.853479014074793,6.038530743626519
21,0.10072663726781372,2859.375,6.1193619187039126,35.58428540880729,3.0699784361421183,0.4202856625213682,3125.0,1.1569429343307909,8.624937623151851,3.077669610463543,,,,,,0.11756996467528767,2671.875,0.8526175430022773,1.1332343188341554,5.160545749316476,sumtan,0.6289536721461355,2546.875,2.0624004275158305,5.390162494176991,4.7547166861065016
22,0.2207032330513491,2562.5,6.520258728085954,17.964914771579547,4.037645517709701,0.6544976728593416,2625.0,1.4969722086760602,2.8943365107722907,6.101612271426714,0.3958890143091655,468.75,1.270539433349648,9.931949827296497,2.2875227657697628,0.7555667339046033,2390.625,1.1467890639116158,4.091096175140592,3.5777803754259274,sumtan,0.3949133220498122,62.5,2.631956821238392,9.915934722486046,2.7881021208011294
23,0.15111660787036318,2593.75,5.608526632974128,25.916398181389184,3.3559399138837542,0.6776095874092656,2671.875,1.8780276648322742,3.1018292137287347,5.2008838216868805,0.5504744930708075,3265.625,1.6176149009363232,2.2245678712009465,3.6350504981126917,0.6677985531995607,2453.125,1.5843582408949213,3.010221688169594,4.6089428184838805,sumtan,0.7057530319764378,3359.375,2.5249898233033443,3.398505706675365,3.1849864556609204
24,0.08675085534653615,2734.375,7.167972832709878,39.419691998354246,3.7018603426738026,0.4315765133601955,2609.375,1.058570132777099,1.759251726052753,5.752785217905783,0.6901986663265368,2500.0,1.0359590743963991,3.2278750647794823,4.268007359945855,0.6052403822251818,3203.125,0.6129403155055786,2.533187172580625,2.088727228116792,sumtan,0.7607559850920401,2406.25,1.0685189826897892,4.179832880603982,4.2624515485477215
25,0.16692528792217354,2703.125,7.057337653595577,19.20596048353616,3.664461865125989,0.502772547532623,3218.75,1.014231829147358,6.033456087577605,3.0951131952515967,0.5843414808843508,2265.625,0.9898771945753968,2.40582101415265,2.3557802724752044,0.22877642571570844,2828.125,0.9683202105457482,1.2966408617994034,4.899473543665841,sumtan,0.5262389056810031,2500.0,1.1196670523929448,6.33230553537183,3.4759193186265485
26,0.14351816099907475,2984.375,7.305721630414787,22.18377452365276,3.6653462572493054,0.3310706318598744,1343.75,1.405578504982994,16.444187568837236,1.3179251957183609,0.5461698421590243,2390.625,1.3888544709318578,2.203467492679067,3.6951014243052063,,,,,,sumtan,0.6216164924902484,2734.375,2.0262946383301355,2.64282131793027,5.116348709254019
27,0.4592839689265148,62.5,11.833286093380464,5.548198735746914,7.199936778866992,,,,,,,,,,,,,,,,sumtan,0.2203646052833631,671.875,0.5048864217154283,11.543857630105547,2.1356716049285303
28,0.1797205220244229,2812.5,7.194332467072583,19.505547108757952,3.597572848685983,0.7855498155557721,625.0,1.3795467155184364,4.66308761912056,0.8761766583398833,0.6254138160961498,2406.25,1.0518272134640785,2.6696126097824333,3.7168829432846837,0.6658840974656298,2093.75,0.9371054854057572,5.985946747309527,2.2425344433653733,sumtan,0.6371292874889154,3015.625,1.4251977144673722,2.7558024539372354,4.115877551556576
29,,,,,,0.38335413241910254,3500.0,3.5223164025432427,14.59508686129206,2.328271571105602,,,,,,0.6907416934382316,46.875,2.2266983612268283,3.2335428953151477,2.0350856528190286,sumtan,0.6459048449970679,937.5,5.09999053183916,5.648199281301771,3.3129001927029083
30,0.29703360640980797,406.25,1.0350494678029487,1.4225431103367503,1.5137297736984807,,,,,,0.8399352923453922,3921.875,0.4928741129875422,6.247473379065099,0.4788789159259583,0.038774032757113885,203.125,0.4521642809785644,1.0403381037117951,2.206017612625228,sumtan,0.5531902647708711,343.75,1.023742826776303,2.238089104050495,1.8507241075551653
31,,,,,,0.2153471964604544,500.0,1.7635987032461682,16.567837317801434,1.9808552256079603,0.474067591712573,125.0,1.1892671366177014,1.9013850149608784,1.8365987698129291,0.6497699471946978,3156.25,1.0838241241770337,5.710532217267571,2.1117805547127007,sumtan,0.5102608379768215,3328.125,3.023027065073196,14.293322941710555,2.3243231618260594
32,,,,,,0.6985498838167019,3703.125,0.6578356164988292,9.95189531848061,0.7816093732684055,0.9391455346222308,2953.125,0.5668622232093454,16.432647855703777,0.7881631125608798,,,,,,sumtan,,,,,
33,0.6852505924024284,3562.5,3.853277377637762,79.42826704844569,2.165185758803278,,,,,,,,,,,0.14040749429573507,890.625,1.5781413027728983,32.57357389017669,1.6930344992671131,sumtan,1.0,93.75,2.5323376928731576,4.791607432622165,1.6163954376783425
34,0.678776400687354,3578.125,4.46131936543492,74.71431131260339,2.264207793924353,0.6215438759963656,2687.5,1.6245307482981899,5.2846284500361085,2.4491759283594625,,,,,,0.7460065600738931,3296.875,1.20725150633155,3.937109557990652,2.838919916731782,sumtan,0.553594902902928,2937.5,2.0446938486769657,6.720353372998432,2.6149761136121548
35,0.6623713387056744,109.375,10.693918226532872,2.961833856659037,5.80636299753442,,,,,,0.6959668901406509,3468.75,2.833828997687562,9.867346360361381,2.3456332920233924,0.6522905341104687,1984.375,1.3332697153186772,5.751928538624853,1.6498110289371406,sumtan,,,,,
36,0.7856233604576945,2921.875,5.800848236484892,4.6646873564909015,2.9088486064602965,,,,,,1.0,2765.625,1.0636189761416204,4.092492090596068,2.5058474055505817,,,,,,sumtan,0.08835051304328477,2156.25,1.756309120250234,34.004297093924514,2.84715578291118
37,0.6938641378469645,3406.25,3.9986147938472,114.32832388158337,2.0008554200022117,0.5246067965918145,2687.5,1.0881577398545028,2.1035218695404296,3.11338319020234,0.2143727473672737,1734.375,0.9484185217414576,16.547287478171768,2.1429499557617704,0.5744445573965027,4015.625,0.7293198681533095,4.699740150811465,2.9452440853631363,sumtan,0.2830629847364934,2843.75,1.5196851195857335,13.948226674172414,2.910998595877663
38,0.4737068238990234,78.125,8.942238396887959,7.600326551132301,5.6297660222021735,,,,,,0.2695115552042772,1890.625,0.9141261300188196,13.689470478614409,1.5581831855488353,0.9508889698530838,1468.75,0.9006270210614822,20.362024518901137,1.989335372238107,sumtan,0.1751870692322557,640.625,1.310161182286913,26.672714720321093,1.9485804426845703
39,0.6354457147836385,62.5,2.8774969255157297,8.229227090883082,2.1464897487552053,0.4597954845156698,484.375,0.5548854339790514,5.553452283364006,1.5215744494397463,0.38569982422933297,2218.75,0.3280986803918031,9.767211921228467,2.8382754097157394,0.7022018527301908,2109.375,0.18716929339500865,3.3579792526176675,2.7791954533144927,sumtan,0.84474769011933,3484.375,2.1424669470621596,193.23383995419204,1.9625084377394677
40,0.3134305066018307,3312.5,9.300694728056312,10.195617584686973,4.651241663718369,0.6309954553926765,3578.125,2.5526884047505267,5.419987447927781,2.277975982286089,0.6061132769046014,3859.375,2.206176386652112,5.0776019670904295,2.4407692602359683,0.5415506878247852,2890.625,1.9031379593651916,2.1812662238607743,4.612014097232663,sumtan,0.5522649769950726,3000.0,5.849112060543942,6.700391628659759,4.0615296345187435
41,,,,,,0.23250193725683574,2687.5,1.866041057389448,14.332283733308971,1.9106535079543965,,,,,,,,,,,sumtan,,,,,
42,0.4798451558441995,78.125,11.950490702401481,7.690017780170652,7.073859506272076,,,,,,1.0,3671.875,0.15888477550893992,3.106078568039379,0.4633467614846067,1.0,3125.0,0.12435208545881192,3.2735733210977567,0.4148191304952419,sumtan,0.3188441098157927,3468.75,0.3862989095033396,45.51087415777402,0.3518948374285296
43,0.14646456449242307,2828.125,6.568141154459458,21.08875537111805,3.3984205835768035,0.4022858063662696,78.125,1.7617245519208566,1.6730404107030186,6.42157226354984,0.5024372675977542,343.75,1.5781754174791292,2.009796825361043,1.5320882421152555,0.4397258200942281,140.625,1.393470040091335,1.7848404153983717,3.580001885124755,sumtan,,15.625,3.7588209929108882,1.6918446468704509,8.139417915261816
44,0.4538604261673465,62.5,15.203169756749876,3.662067529669319,8.06485736292068,,,,,,0.4562157715232691,3515.625,0.8182846833089852,7.355858795693563,1.853168925331192,0.5068346530695864,2718.75,0.7054145678363388,6.083152473450866,1.8976047081223464,sumtan,0.9353710325241484,3203.125,1.5816457638908572,15.472937895435964,1.5945982453898069
45,0.0580239773800616,4359.375,4.776143598680225,53.07990734300636,2.6308931991751634,0.3991237164638498,343.75,1.5162316382205547,1.6642360955153883,2.465051479693423,1.0,2937.5,0.9090928235227492,4.381171554358218,2.451400893662925,0.6187675348341657,3578.125,0.8698889068885389,5.246142925235943,2.56147361945852,sumtan,0.8175921535853966,125.0,1.9515802346425732,10.964440616518798,2.4018296581252687
46,0.5362492981439204,31.25,11.933682759543569,2.1563309683363885,10.37835309252437,,,,,,,,,,,0.7395588792924813,3703.125,0.8960396941271822,3.839639444352656,1.7300032390286808,sumtan,0.5380669658034134,3593.75,2.1089995240505,6.494447848307117,1.9854172344428729
47,0.6442688502246683,31.25,5.704601364072746,2.8111117079051633,4.112900384288858,1.0,3187.5,1.8269432122411244,12.031463161546412,2.6464015186005523,0.6717320854521177,3468.75,1.2130282883268677,3.0462922377816994,2.3348839101039687,0.35652735450353706,2937.5,1.1851076611562763,1.5540676157701512,2.7294442842256865,sumtan,0.19603547710560326,2765.625,4.660563150607052,18.657539695903093,2.9858530358650928
48,0.14314221869589586,2812.5,7.131517573620684,23.341096313043664,3.776363030298723,0.6096052109443773,2968.75,1.2659099964991103,2.561509600112828,4.0877915658068344,0.7331093890789258,2703.125,1.1277074747280835,3.7468534263864512,4.930112109795304,,,,,,sumtan,0.6520621234727659,250.0,2.1285215399917545,25.86668657585931,1.4475343132425738
49,0.7542519852652616,203.125,7.876734268537921,24.41525318719839,4.0324282298378025,0.7067850165899583,2078.125,0.8287718527382184,3.410466915333473,0.8155076605992237,0.5203009415716482,2296.875,0.7053313497926008,6.253920968344119,0.8196421346119742,0.2962502678001845,593.75,0.6697258275446312,1.4209596881467377,2.3373765279307595,sumtan,0.29826595867262473,468.75,1.9702000906726729,1.4250413135273234,5.8080463112048575
50,0.7819225120492024,3703.125,3.99159443951234,50.44078645330785,2.140182362446869,0.13432486143392908,2703.125,1.5423323690203519,23.10335495267725,2.778479480998308,0.69828236985646,3562.5,1.1884113789948585,3.3143572005529047,3.096703290317871,,,,,,sumtan,0.4556020761413787,343.75,3.364613074704588,27.55337473310325,2.40952617319724
51,0.7441964981484794,2500.0,10.133395917902195,3.9092506269927583,5.164382396674539,0.7426987596445886,109.375,4.2780583365815605,7.772990123317679,2.7305200546867834,0.6306105422604844,2640.625,3.1258194902779293,2.707169842148488,2.9183500132716174,,,,,,sumtan,,,,,
52,0.8584817601255722,125.0,8.802167430411618,14.132453892690036,4.52544736616001,,,,,,0.11728732324603007,4171.875,0.7939975289321661,24.923172148044106,1.1477294662471889,0.7716123262294594,2718.75,0.42901224480245387,4.37852001156898,0.6985531009325993,sumtan,,,,,
53,,,,,,0.6097377563189206,3859.375,3.5456178280232367,5.124759139227393,2.7765638780414106,,,,,,,,,,,sumtan,0.19972718680658708,562.5,3.631728302448813,11.24616487230942,2.7710786592405294
54,0.9152011592372984,2906.25,6.480349531525262,23.585228076368853,3.397015414739016,0.5141224363279608,78.125,2.3559647134323485,2.058131666838987,1.7305231581261864,0.8885395405971217,2531.25,1.6943675237707656,8.971791479752113,4.0757311879068014,0.6730829219754669,687.5,1.4537108489769268,3.0588796585443485,1.357592434523463,sumtan,0.6513788008376251,343.75,5.715604838233258,2.8684428898835748,3.31378526577379
55,,,,,,,,,,,,,,,,,,,,,sumtan,,,,,
56,0.3798570291872091,2734.375,0.32782740443678915,8.062656895790894,0.24675295822135626,0.8885127546374323,3984.375,0.20255509698579294,17.939271828771073,0.18585931827288105,,,,,,,,,,,sumtan,0.2770678567813274,812.5,0.32568181093762266,17.98232395937022,0.2996239837108992
57,0.8787409929377472,984.375,4.911391044502238,57.7276704600285,2.4791497903103523,0.5010073777801851,2656.25,1.929625743267603,6.012112937971352,2.0202113719079704,0.6225944307878482,3234.375,0.9826239774571616,2.6496694314488707,3.0201701070320075,0.7679844817590435,2984.375,0.8331672308118705,4.310056532345668,1.7194659739740183,sumtan,0.3689162732655144,3312.5,2.7977143725349913,9.507454788997222,2.120628939039803
58,0.2597921483359775,2953.125,5.034345045679153,12.158747005678975,2.8428039517724337,0.587859726991447,46.875,4.058374958558476,2.4263583675047635,3.5425067907855823,0.09266559301378696,4140.625,3.0527606636600555,12.123424302333492,2.9584441857462123,,,,,,sumtan,,,,,
59,0.6062293151092802,78.125,10.846350255625696,5.079098258812856,7.18746163819564,,,,,,0.615723187393439,531.25,1.0914010650603387,2.60229076330932,3.0153855791812503,,,,,,sumtan,0.35199365728206755,375.0,3.5940016194947795,10.80236340070362,3.7122521823549786
60,0.3920729038716476,2734.375,5.557556753375247,8.224670411704013,2.8442359648564626,1.0,2515.625,2.8139361128441616,8.491795854864451,2.702024012215491,0.05714228140214461,4453.125,2.675273063523637,40.303005692641136,2.2668565333349973,0.7186504860144353,3406.25,2.465319965103298,10.66289384155084,2.6897134760670753,sumtan,0.5162698774334302,3625.0,2.8617633802364466,6.201805221644322,2.8684671634363723
61,0.0912612341441077,2578.125,6.355433475471956,37.414492786579025,3.436306789342584,0.5377463966470617,2796.875,1.4111302455891102,2.1633146669848315,4.8240337849500365,,,,,,0.6178421407980061,2703.125,1.2497664339872268,2.6167197034444314,4.998082650408059,sumtan,0.6727816428865396,46.875,4.484912553711436,3.056063262530402,3.2774350884931467
62,0.6614222548204804,46.875,10.041133655762641,2.9535313948936115,5.7251999095545765,0.6507186417329669,3546.875,2.5667766661264717,5.726042780877408,2.9506759716464703,0.6357186929785076,3906.25,1.9385734600221505,8.23539375250732,2.7757250776565647,0.5297797611285895,3031.25,1.3622207918567049,6.379989102979464,2.715306087486735,sumtan,,,,,
63,0.6145122155239982,93.75,7.730883324119668,5.1882318468758335,4.066049845880868,0.4676054265579346,468.75,2.346799739599024,5.634918441418818,2.135999104329212,0.4055724135283876,859.375,0.9678500854030354,11.776034893586305,0.91172337026384,1.0,3000.0,0.8551650487114775,3.2655679037167995,4.008434823295642,sumtan,0.13110962997871445,2765.625,6.460639876507276,29.92322264932349,3.4071363751414085
64,0.806119952637119,3796.875,4.676893711072467,51.57828325306329,2.474714785136769,0.7965276572273312,2625.0,1.6862634092929754,4.91467285613976,2.9371416474302685,0.6623788053377733,3562.5,1.4727512274803891,5.923798717674996,3.589390439331908,0.6450972105987531,2156.25,1.2725728828310403,5.635345958746001,1.865198287134316,sumtan,0.6877576918760995,3171.875,2.141053199637281,9.60792282770845,3.10768465580772
65,,,,,,,,,,,,,,,,,,,,,sumtan,,,,,
66,0.0997633794181384,2718.75,7.421071319162307,36.657029102715995,3.7111977357047765,0.6313119217888545,2984.375,2.0161108788708244,2.7123198690121626,5.3462955686624944,1.0,2937.5,1.4231000278816852,3.62256791622508,5.639082802007777,,,,,,sumtan,0.5391594060714211,2593.75,2.2916868353667272,2.1699477285088733,5.948975073859838
67,0.16015110862687865,2781.25,7.897298079686671,20.241736548828012,3.955417003988555,0.4133278544139557,2296.875,1.325676828228219,8.522647679148548,3.2138671693143355,0.485116962493391,2906.25,1.0029419222586045,1.9421886664642043,5.855528972777089,0.3723668962497864,2968.75,0.9122795812469048,1.5932875337913686,4.7277379364211605,sumtan,0.5495554413119565,3375.0,1.5020075574863798,2.2200290373416465,2.2702315629719285
68,0.7263211728209331,109.375,6.118935799907143,3.6539180261310613,3.2237098924481566,0.17632838775409732,2593.75,2.958373474809629,18.21114115988476,3.127511673005382,0.6343602341999014,3718.75,2.209060386360795,2.734932284544556,3.1644213969680246,,,,,,sumtan,0.8305257907076926,3406.25,4.131589958891127,11.801205672247276,2.6505502959654286
69,0.8015295825268496,875.0,4.667846907585502,70.53947977861209,2.360071085065864,0.22131517471205508,2765.625,0.5250032930399646,15.410599526660347,1.087818780557522,0.6352634777762929,3484.375,0.4678738157685709,5.483410292466743,1.3261878904225215,,,,,,sumtan,0.36931789688603056,3343.75,1.1923311682687971,17.44143356167538,1.081529906374075
70,1.0,31.25,9.661305259674222,4.291595977165505,9.88516912636898,0.7969905953956776,3781.25,1.3838635610897114,4.925880167714696,1.2899590876285572,0.4529801951283438,187.5,0.7488327710563127,1.8280873765340608,3.1487615552078934,0.2244450716848656,3109.375,0.7147830574930141,14.18339255982437,0.7734842965852853,sumtan,,,,,
71,,,,,,0.8484341759331291,31.25,2.4601667020119624,6.5977934416059325,2.193899825530341,,,,,,0.2664282584735513,4062.5,1.7764306285178149,6.815965933469273,1.4936146956493817,sumtan,,,,,
72,,,,,,,,,,,0.6240954602110615,3046.875,0.923817432352302,5.320499723474882,1.6859162920212545,,,,,,sumtan,0.4102782949474605,3500.0,2.50791366746882,13.565720799249306,1.5031421735762043
73,0.7020541762790868,46.875,9.774832295449928,3.3563148746689713,10.419867296496284,,,,,,0.44533448359505856,3750.0,0.6830290947008257,7.2115534167798225,0.6248742700283181,,,,,,sumtan,0.40530754266050295,296.875,1.304040642985974,5.044624264146948,2.351706581181587
74,1.0,31.25,5.183783099813893,3.6006629265558496,12.120979696482625,,,,,,0.8532627765039855,3390.625,0.19111080575285175,6.814903377445745,0.2041820267848028,0.5463335077471656,2812.5,0.13306439326049033,6.612787259430347,0.18645557135738794,sumtan,,,,,
75,0.10475055393182486,2718.75,6.338066090294991,33.51021341789854,3.2036745333481016,,,,,,,,,,,,,,,,sumtan,,,,,
76,0.5800359528608513,31.25,6.183438782776457,2.3811562128047243,10.628809403732724,0.5487148874570666,3906.25,1.3544689808772328,6.64768217833597,1.3550432987902488,0.6258439686685261,3734.375,0.949766972668968,5.345363518216686,1.3529020628039274,0.5045482458675493,3562.5,0.8202184949076666,6.055079985039271,1.390442926998218,sumtan,0.1717649884470568,3046.875,2.80913575579803,37.42899004218006,1.6291372156139
77,0.6146384341608431,46.875,8.062435424852415,5.189931164112939,6.701118948461911,0.6942848692420935,1281.25,2.696547550132741,3.2710189957588085,2.20828476854981,,,,,,,,,,,sumtan,,,,,
78,0.6361149241562265,609.375,3.816221183226561,85.19173238451036,2.143062932970368,,,,,,0.7241816926881429,3406.25,0.9170742372586392,7.251150293438201,2.0190382026393463,0.519400222841084,3812.5,0.8092694987371778,2.0807333825902674,2.7446554254573945,sumtan,0.6076380284628671,3734.375,1.995540461288001,12.743334886436115,2.3073047378124283
79,0.963781348298242,109.375,4.5776566432633015,27.61008356231731,3.437447564571739,1.0,1296.875,2.464999897327691,3.3233210855998014,3.28891693949586,0.12288929384946655,2343.75,2.1603656400532483,28.502673407921435,2.3576993867847205,0.1081238336713507,4390.625,1.7122940878838853,31.39449293197305,1.1344070813982494,sumtan,,,,,
80,0.12562948957276387,2937.5,5.302254334918095,26.30463828058623,2.693184856752048,0.5654090957388643,2796.875,2.0609977101549872,2.301014563800265,4.161424061595539,0.7552809940231605,3640.625,1.8894445965692768,4.086319311441798,3.7015980421872503,0.3147403173705541,2265.625,1.877622063925656,11.674406364172457,2.3835541399649705,sumtan,0.5585813003297562,3359.375,2.417840651434191,6.796268491210526,3.6078610653947933
81,0.7405855754740458,2109.375,7.45946664217619,3.8548357587569337,3.781108757131348,0.6798193644214945,2968.75,2.602324704072972,3.123236975881412,3.2643213913089513,0.5324871350349158,4109.375,2.1649573525998083,21.389785713697623,2.1226217065778874,,,,,,sumtan,,,,,
82,0.07317215196708493,3078.125,5.682636692191637,41.000062827903385,2.8523572657491325,0.6739979134625153,3812.5,1.2949223408648955,3.0674650295068484,1.0637017468306995,0.6603950914395624,3375.0,1.061280154573884,5.889196385523008,3.1516712066463466,0.5853157053043252,2312.5,0.9437900008890464,2.4114730477889736,2.7742371592263417,sumtan,0.36049628558496505,2812.5,1.7983681813898065,10.945988025109472,4.2964081271395616
83,1.0,2515.625,8.041715476805901,12.582723202802185,4.032903678179126,1.0,2703.125,1.5232106504003018,4.82248755793421,4.5188344480030525,0.4566632075009558,3375.0,0.7671386085448999,1.8404790800206283,1.9020069522878893,0.6168070168514659,3296.875,0.6258187112814917,2.6096511261334285,2.190883528804278,sumtan,0.5181762091615174,3000.0,5.496620216474604,6.226342611225817,4.035082181409021
84,0.12647197656625886,2671.875,7.430863333385501,25.1852252129479,3.727260421495732,0.6506751379997071,2296.875,1.5837632461476083,5.725329678934572,2.327602968424469,0.8783275659291142,3156.25,0.9477832778584352,8.218788484311942,2.8724808596940155,0.5056239238454001,2546.875,0.8555287139728303,2.022751601934885,3.2934353756747523,sumtan,0.7451552028736481,2875.0,3.2742570826649313,3.923956899556402,5.632422693645463
85,0.1025954899958038,2312.5,4.827804041058201,37.887039368501746,2.8588225550732678,,,,,,0.7313326059415272,2187.5,1.1375868381089842,3.722074290050841,3.690851362878884,0.786072642344994,3156.25,1.0411030708445836,9.34896790164322,2.8910846331256383,sumtan,0.659898576957635,3890.625,2.0029067993850123,11.761197481087097,2.509561575920265
86,0.4294348916146842,2140.625,4.163701023522015,117.42743994565006,2.152897756027776,0.19626217481223185,718.75,0.7930640986038959,22.39536256215746,1.4317396219317184,,,,,,0.4628663042442998,1718.75,0.5475335680929105,5.585201642915479,1.6928027035950377,sumtan,0.12735236351199752,2968.75,1.8283511085904376,35.52407490010569,3.138461795952858
87,,,,,,0.8631899770367241,4000.0,1.3557322291726992,7.309405980206803,2.690096718910065,0.5179209923089646,2546.875,1.177625767521265,6.223046330867617,1.3255147606750683,,,,,,sumtan,0.7888771484732673,3328.125,1.6516071858912018,4.736578692304079,2.6549632826637106
88,,,,,,0.900815625626442,3406.25,1.6902880866794083,20.164466556671556,2.4257703115666542,,,,,,1.0,3671.875,0.8319491013462832,4.635473776215463,2.7440552120885213,sumtan,0.7871344029056861,593.75,2.0290702184480165,4.697799990465028,1.2395714591975449
89,0.616985093607032,2750.0,4.624615766934679,5.2217288847448335,2.3279807972511755,0.7393125166866678,2625.0,1.7332084679426003,3.8360107945729567,2.3535146858109988,,,,,,0.3502712341270193,2203.125,1.3921639544240114,10.773726465065382,1.9974206023659544,sumtan,,,,,
90,,,,,,0.3958228617633317,2281.25,1.5605412842606832,9.930862358531812,2.1047737795376364,0.14532090177390844,3296.875,1.5287837825112074,25.740655230321607,2.3073041040413167,,,,,,sumtan,,,,,
91,0.9442123454035648,4015.625,5.984492328640164,71.70045109327097,3.016743446272471,,,,,,,,,,,,,,,,sumtan,0.5227118721932007,3171.875,2.7861550520672043,6.2855114661774385,4.41878792998863
92,,,,,,0.7289861736154006,3265.625,1.6149351190228212,3.68984864477315,2.5414982074906582,,,,,,0.7567540496750171,2296.875,1.1820217141926863,4.111065358596819,1.4235622769225735,sumtan,0.4248267981563989,3609.375,4.074339094976121,15.647460575618481,3.3495376740149267
93,0.3024079541705159,3062.5,6.9260309443833705,12.901523252459668,3.4635446369615317,0.6181801359282155,2640.625,1.440333213657584,2.6190360798305505,4.334419559121933,0.7885275012501314,2234.375,1.2797606772802124,4.7287472645925845,2.3339794395447804,,,,,,sumtan,0.878001691216971,2750.0,2.559306681595723,8.196834939560317,4.242511488352637
94,0.1194178150955456,2703.125,5.602746699603694,61.32306663217261,2.804406275772236,0.6537098267179424,3109.375,1.346190599093218,5.775503188682678,3.917398931589472,0.7662139350496671,3296.875,1.1886124251000965,4.27741491013353,3.784280552366444,0.4907595052554366,2968.75,1.037050413991626,7.854834879159426,3.8371504263052585,sumtan,0.6123802742620864,3703.125,1.58464274185177,2.5798480665458783,1.9533677163258591
95,0.04786087571909381,2671.875,5.023725279587001,68.2673344077638,2.512255481921656,0.5479374656012292,3656.25,0.6042072817089339,6.63625001348521,0.9214660578032268,0.6740976069896079,3093.75,0.40443542265650656,3.0684033669188575,3.1027668125147283,,,,,,sumtan,0.64024015861859,2843.75,0.6399168309668024,5.5592641811281,4.555535180321206
96,0.5258788446295006,31.25,7.6120111769400225,2.109165534321192,10.148820682587708,0.6528122332558988,2406.25,1.993677155180016,5.76057163175949,2.6024265081938096,,,,,,0.6163421367174837,296.875,1.1719891316590283,2.6064889989329494,1.9796099979988564,sumtan,0.8971512670124584,3218.75,3.4601320135515183,19.446034403187696,2.0725139767770018
97,0.7134823197218086,156.25,7.23622237605975,6.980372024714569,6.210133633662782,0.4907922708420346,3000.0,2.409374754874245,7.855340308000564,2.6097047189167766,0.7342624919009441,2828.125,1.0631776163958988,3.76311197901066,3.1181448425856955,0.7263391904228536,2484.375,1.016006046498227,3.65415859707926,2.190418938347661,sumtan,0.2533861833321419,2703.125,3.7550203989435618,12.054424655797362,2.146046534927188
98,0.7886589962043101,78.125,10.081984885175311,4.731689459404347,7.571238610580009,0.43711847218374256,3000.0,2.629582083475448,7.106291115145153,2.072223733384086,1.0,2640.625,1.7152282363743618,4.529094378959542,1.8534266610516783,0.6314298295203875,3187.5,1.363783212102355,2.7131875558424103,1.6496006977029634,sumtan,0.7323594423113299,2437.5,2.9652772781440437,3.7363544921440446,1.907917504372428
99,,,,,,0.2420889241546101,2671.875,2.9988571833765985,15.83299199924602,2.0807958239292037,0.4079648922584405,1359.375,1.7491032090668297,8.445445100500095,1.3582430367618048,,,,,,sumtan,,,,,
100,0.5489867445215211,203.125,12.097602889145042,8.86891893178707,6.144645059558084,0.732050421441756,656.25,0.8039467169899837,3.7320454295196086,1.975646869928417,0.08212806935495087,343.75,0.6895883397366873,1.089476610639171,3.95105835835982,,,,,,sumtan,,,,,
101,0.08856251772288226,2750.0,2.9146249303992557,39.498046437653954,1.5128790085623725,0.4905855034778831,2453.125,0.7518761471898572,1.9630379716855657,1.9987139816100368,0.6639945128303943,2625.0,0.6329626323700597,5.95228374645697,2.1851301856043723,0.3687702344761228,3281.25,0.5819062533616102,9.505255182350936,1.6955431286093852,sumtan,0.7758975344461321,2953.125,0.9521326746409368,4.462244525192999,2.033135420712165
102,0.2846717394417806,484.375,8.721761466289262,13.97959587420231,4.474798956681623,0.7519772746100754,3703.125,2.3475192657817647,8.063777207736651,1.93395004447243,,,,,,0.7048583735746534,218.75,2.1446450012141116,3.3882038671117125,2.4351540749102942,sumtan,,,,,
103,0.6148845972904328,234.375,6.232715409183532,20.772994130367614,3.3000566380146084,0.616155907143962,78.125,1.7753918275753504,2.6052244091067798,5.3612364632414105,0.4532859959644549,171.875,1.4402350647264337,1.8291099050299504,5.3240765180814495,0.5591110275524493,3312.5,1.3439961418517428,6.804434194273,2.0188165436434384,sumtan,0.6632781191841108,2812.5,2.0390680982690004,2.9698099736701518,1.9863104157088325
104,0.6148845972904328,234.375,6.232715409183532,20.772994130367614,3.3000566380146084,0.616155907143962,78.125,1.7753918275753504,2.6052244091067798,5.3612364632414105,0.4532859959644549,171.875,1.4402350647264337,1.8291099050299504,5.3240765180814495,0.5591110275524493,3312.5,1.3439961418517428,6.804434194273,2.0188165436434384,sumtan,0.6632781191841108,2812.5,2.0390680982690004,2.9698099736701518,1.9863104157088325
105,,,,,,,,,,,0.669090420368506,3609.375,1.9797710699425024,12.087894235200025,2.094090279767104,,,,,,sumtan,,15.625,2.991954529129698,1.5690045714644156,9.325201918626938
106,0.21698867378715592,2937.5,3.7752493017653967,83.01284773795369,2.021614764254797,0.6065188800458571,3718.75,0.7126985898877831,5.082835995366395,2.562795116152979,,,,,,,,,,,sumtan,,4062.5,1.3762746269766024,3.4739228127655792,2.675246891972038
107,0.6195706084052068,3078.125,6.150449731497326,5.257217355409439,3.087020919042734,,,,,,,,,,,1.0,3187.5,1.9639686323082,3.154429262011746,2.8746150703939675,sumtan,,,,,
108,0.5708236203194554,2765.625,6.337342700553397,6.990133059589709,3.1790193531071917,0.6786243264301393,3171.875,3.2968844421922263,9.334869583238259,3.547439454516817,0.6824618404852802,2375.0,2.8893741321445012,3.1492278015601585,3.7661249597446873,0.6716200209000879,3296.875,2.2487968713395494,3.0452526452465065,3.74293415268717,sumtan,0.6074716374168854,2875.0,3.4698392526642188,2.547586608568338,4.17445005747231
109,,15.625,4.144492450099862,1.4678748567355429,10.262991326570443,0.7296698469762316,3265.625,1.2404578856566055,3.6991803867032047,3.1743764165050483,0.6762948720313207,3109.375,0.8257434670428934,3.0892312589399467,3.4839614220281434,,,,,,sumtan,0.09548938962895293,2781.25,4.017022507773271,68.54535401698212,2.084871498396815
110,0.6570481572116964,125.0,4.6142811794939975,2.9158612820671657,5.186359216672134,0.4002637709040632,203.125,0.3205019964028626,1.6673996858709614,2.633355289998124,0.5973735958597768,1296.875,0.20287572962735367,9.934768209108595,0.3515530937424674,0.6275796439066128,2953.125,0.19682052862060892,5.370275730842394,0.7953721445950779,sumtan,0.2474038187818739,3312.5,0.7821839237598005,54.4780866860616,0.5560255361994311
111,0.4974028303148256,78.125,0.772496223221367,1.9896650047321147,4.871406414398213,,,,,,0.4809135474328794,3828.125,0.4095428290901546,7.705845491089518,0.4753905024657186,0.391316037230184,140.625,0.3941216406168584,1.64288869292613,3.3557162531084077,sumtan,0.24848225704932456,3156.25,0.6961748347008943,31.935373748820723,0.4042561623500007
112,,,,,,,,,,,0.6876379105307748,3812.5,0.4897425367220967,3.20141282733519,1.1736123855762128,,,,,,sumtan,,,,,
113,0.9421927154632452,109.375,8.827134780120486,17.298857886399833,4.500779722691476,0.4026837978506129,281.25,0.5915827007029835,1.674155156685174,6.915877686459372,0.2510160415321946,140.625,0.5526707255654779,1.3351420797391942,8.052037425269178,,,,,,sumtan,0.16947555186490149,2515.625,0.9952840835489752,20.46899406534348,0.7543966091734473
114,,,,,,0.4887310375875186,2984.375,1.97258310352859,7.823670697954242,2.6832786202832044,,,,,,0.34607288564409344,2390.625,1.826221111660208,10.704556893767489,2.105656645001052,sumtan,0.5217689547810065,3515.625,2.6298108461219805,12.546236928747392,2.9462717749834013
115,0.4151902504301902,250.0,4.559248715846553,8.549789061618817,4.185550013831971,0.2989682290772373,3250.0,2.9538275684579336,22.82350196331234,1.7977104597881808,,,,,,,,,,,sumtan,0.5240955603997552,93.75,3.7023461302764384,2.1012621795249284,4.597688371989039
116,0.2861248294930956,2812.5,7.958569324481843,11.206441028505594,4.007124644451938,0.4100451417883288,2453.125,2.092684298869471,8.475224723390681,4.1450255044585065,0.7664089471230073,3593.75,0.6302952029966581,4.280985884020964,0.9940125082602578,0.6572202109094343,3093.75,0.4914097053470585,2.917324859359752,1.562711257772364,sumtan,0.6597776996094413,2625.0,2.996248367327065,5.878509426642808,4.991965274636337
117,0.10058819935849683,2453.125,6.977187248975818,31.131457225743613,3.615130584801748,0.6428534179593939,2828.125,2.959183829294245,2.7999707971062264,5.553949601177592,0.33472981190147744,2125.0,1.173199386154144,10.52204070650967,2.1716402870932647,0.6676142853918794,203.125,1.0907469758159491,3.0085528831435795,1.8498986625189089,sumtan,0.6411605819575283,578.125,3.1622065245919484,2.7867618486708206,1.9925120528819824
118,0.32882957177832184,781.25,0.33181614420404604,7.4496726759072445,0.3411933516301751,0.7498930087232023,359.375,0.17987257094853895,3.9982888718743688,0.30577616072767383,0.4191432596050216,1609.375,0.156216652447965,5.164784690214702,0.1808448266822504,,,,,,sumtan,0.6634155245843527,1828.125,0.1894050229356084,2.9710223526058437,0.18382106490726494
119,,,,,,,,,,,,,,,,,,,,,sumtan,,,,,
120,,,,,,,,,,,0.4728742277877904,3578.125,1.1755722991251818,7.588321821589261,3.2900371919098808,,,,,,sumtan,0.6366689771644611,3734.375,4.555748562793188,13.761555401954324,2.9161767374478003
121,0.2562712873171231,2718.75,10.37753220446137,12.101186691494007,5.312562089338847,0.6641627622396602,3671.875,0.4293846021720201,2.9776328755824863,1.3423031485832526,0.53669393299303,109.375,0.2411747106464044,6.475201197731928,0.32602588042797576,0.7492400239425906,3234.375,0.21007781534616976,3.9878772351256657,1.3916254737850815,sumtan,0.5983790740353867,3484.375,0.448253637329924,2.4899101001726933,1.4028997299964323
122,0.5116511411957135,78.125,10.1025165855127,6.143149402141425,5.771333538972505,0.6479739026115661,1625.0,2.1826377690196743,2.840698480648655,1.799568531196377,,,,,,1.0,703.125,1.4171314300661673,4.630163436486626,2.147243283269194,sumtan,0.661741906552248,343.75,8.262471129988095,2.9563224631444385,6.606167758811378
123,0.2807271910606397,3109.375,4.719715663584508,13.902930676256206,2.4267932888418904,0.5420328289588441,3234.375,1.9903789294477052,6.5506878870372125,2.751525286455962,1.0,3562.5,1.4760357973578315,8.034812494921681,2.039942596493406,,,,,,sumtan,,,,,
124,0.6296732040939853,78.125,8.23725405990695,5.400635390444662,4.4969277366094715,0.6597183829196773,390.625,0.7882512501478223,2.9387423528199363,4.092979512699664,0.6535773624485617,546.875,0.4992677541546229,2.8866473827118635,3.7560147583848433,,,,,,sumtan,0.19900635936318767,2421.875,1.4880973248928828,17.478291074657733,1.8492679374033372
125,0.7849485797329819,3828.125,5.643078126107818,37.20040532662757,2.8387332952581263,,,,,,,,,,,0.6638111182224367,3187.5,0.9699420652961804,2.9745183562068007,2.3628915148549665,sumtan,0.7240895749494269,3562.5,1.9670962118569342,3.624364682185188,4.654970088968137
126,0.2635748246716031,3359.375,4.843036157154792,51.60062593331972,2.48377166596868,0.43239666295779994,3234.375,1.4763211047244995,7.047174917688353,3.46490552773456,0.6514206382372094,2859.375,1.389484444474676,2.86878716784301,2.713179993598424,1.0,3734.375,1.3649457607209294,4.371524284231072,3.659494480804396,sumtan,,,,,
127,0.4303912139597741,250.0,6.462782790774233,5.266772692983249,4.474766014984222,0.3339801241680033,62.5,2.3437650672927277,3.0029133852823624,3.5032876919297458,0.7654360972360402,3406.25,1.9040295140014576,4.263230566240594,2.2237537984132216,0.36442666619892017,125.0,1.6239623636898428,1.5733825615675965,3.152085653106174,sumtan,,,,,
128,0.7001726749552255,3593.75,4.230991587580868,76.71082012476785,2.2704646626917167,,,,,,0.6449544134135643,3296.875,1.4391079546842611,2.8165397283611924,3.3786471026506275,0.760188579076507,3750.0,1.3364652615759156,4.1699431834776135,3.3991129689708144,sumtan,0.630662518411406,93.75,3.66943107364852,5.415101633870469,2.41409190545408
129,0.5904271793784102,62.5,5.065044175032185,7.324704787410058,3.6731514155190794,0.3226955169944277,234.375,2.2691732403213623,1.4764408402590965,4.206210029558971,0.7398954544682816,3906.25,1.6658210052837532,7.689215872454297,2.5758973397368163,,,,,,sumtan,,,,,
130,1.0,31.25,3.873472619866507,3.167826302618157,7.560609628019312,,,,,,0.5824053472534599,484.375,1.899745636511192,2.3946666783756747,1.5583068554257695,0.73611246969288,3953.125,1.6219237306089889,3.789493193695705,2.5500569855151154,sumtan,1.0,1234.375,3.5462116838940974,4.0618264677926135,2.0803841554030607
131,0.29024576226146903,2000.0,5.7531927060262635,12.680445598572874,2.9502738382655838,0.3864663183491418,3234.375,2.04837344321482,9.779414202420924,2.629619829810017,,,,,,0.5673673891804374,2109.375,1.347476819258535,2.3114300101086656,3.7082684128454897,sumtan,0.4974057529841609,2718.75,2.7989503736529904,7.95870629986328,2.9911493212002407
132,0.681531088185686,3734.375,5.2921413990377495,9.420071751773293,2.6536332902592643,0.6539529505882025,3468.75,2.2146596136932546,5.779560910574304,2.8599997835985245,0.2176098979104708,1875.0,1.8952969969562397,19.17202168066736,2.1473410040007432,0.7509119617923409,3937.5,1.880296676276605,4.014644810708745,2.713336503669362,sumtan,,,,,
133,0.8159890719192874,3718.75,4.312261881499151,81.51689769979617,2.157354147284749,0.6707776635801643,3406.25,1.1259473647310845,6.074921956235472,3.665787362406621,0.1942932314990019,1843.75,1.1129159730183718,19.85834130420388,2.6809554065221604,,,,,,sumtan,,,,,
134,0.07151068662599291,2750.0,6.186954662981102,42.003714462021286,3.1494289555350985,0.6550621937812736,2546.875,1.1814823065024127,2.8990733458944082,4.301632336563227,0.4594243736576702,3078.125,1.138294453065519,1.849879926637186,4.348154822039182,0.5690648183908342,109.375,0.6738947484002329,6.9616038050029365,0.42234892646287797,sumtan,0.3902175246705769,2328.125,1.3291969347633708,8.199645287114635,2.94354082276826
135,0.1082677663066386,2843.75,5.524146455166119,43.73510177878225,2.9520221940810365,,,,,,,,,,,0.7697479091673076,2546.875,1.2455167100019169,4.343065882197038,3.6827119697094046,sumtan,0.8268159003877533,3703.125,2.0668818622414085,11.548404296225414,2.459690679879922
136,0.1522903707640283,2593.75,0.6716789327162493,22.413335114671785,0.5480745343096666,0.3022480678132252,2093.75,0.25240783349381896,12.898566933084282,0.4568284549894949,0.7738605373241536,2875.0,0.17640174236821693,4.422049951685891,0.5775162282217309,0.27264832127815153,1781.25,0.15249245402269798,8.249104491713837,0.32593189181828985,sumtan,0.5236517452407257,3265.625,0.447369105671334,6.297913280937848,0.5672537995368955
137,0.6563441999488392,46.875,14.36539496304948,2.9098883238726883,10.99935253860001,0.5724971166626576,3156.25,0.9557179131552928,2.339165509699967,1.3828788411779012,0.5305202183318443,2890.625,0.7180463225185114,2.1300171786882918,1.88140163965247,0.4491170364147261,3093.75,0.7107475043880491,1.8152676087344732,1.519321348227962,sumtan,0.10056234444886758,2593.75,2.0498834146880816,31.130562332130665,1.257763438997305
138,0.14646393342770606,3125.0,4.204141446230167,50.378656138906024,2.2329093475004185,,,,,,,,,,,1.0,3859.375,1.2531685658340446,3.443971491073057,2.222124930634438,sumtan,,,,,
139,0.2645354981243707,2953.125,7.440336068250248,14.956534233735395,3.749288405561233,0.4326686610624242,781.25,2.042536024526849,1.76263839376945,1.5056687821360175,0.5673664755909908,2359.375,2.0255649870194112,2.311425129076696,3.943208066145761,0.4730065439819996,296.875,1.8076775919797632,1.8975567695964768,1.6770042931497309,sumtan,0.5572305920239036,546.875,4.0853146821349915,2.2585119522394517,2.193713061772229
140,0.4454295743964244,2546.875,9.097950102632849,7.21278996377518,4.646187754379328,0.5928552172905688,2734.375,3.6342575044637377,2.4561287347102616,4.653362801255252,0.6482781693270968,3250.0,2.3736779049684977,5.686311811165267,2.0567700447837005,0.6129816626472269,2281.25,1.9205883587709411,2.583856896394252,4.9958291229249685,sumtan,0.70406035953046,2359.375,4.312481732236092,3.3790674287952527,4.637877549677218
141,,,,,,0.4742724075470951,3515.625,0.9455271164370967,7.608503067790423,1.3599848635996263,,,,,,,,,,,sumtan,,4328.125,1.3187697731576895,21.023066690935195,1.2273810237985665
142,,,,,,0.640464102290734,2828.125,1.7114068732370464,5.562726873012481,3.1260029865111547,0.32172077475340755,3312.5,1.6948634060050236,13.268871675566944,3.1585262662307345,0.6213739899184381,2296.875,1.6666062592497082,5.282257284884281,3.0147451769450484,sumtan,0.5902962222795339,3781.25,3.820771657039371,26.848666275918788,2.4200118401325126
143,0.09827382265939487,2296.875,4.476235570856433,79.84685574100145,2.3391813726249597,1.0,2937.5,1.5914116979398159,3.9934862285969928,3.2238558474103067,0.4978623456888725,3625.0,1.4594874095042385,7.965943134632112,2.943696381458887,0.3861932202530626,2406.25,1.3419016857313548,9.775063094731053,3.2028489816143106,sumtan,,,,,
144,0.08940560038373546,4296.875,6.001222735207139,23.06185938421064,3.600725339422157,,,,,,0.7812889308662974,3718.75,1.793089264984853,4.572242291901006,3.3676687184068035,0.6505095757732849,2625.0,1.7603275943384094,5.722617449176796,1.8827304676574583,sumtan,0.729368423922955,687.5,2.019120884560309,3.695060327015625,1.900469647431356
145,,,,,,,,,,,,,,,,0.7139554658559941,2468.75,1.1850469784911453,3.495959127457269,1.7105285259065437,sumtan,0.14921844120329275,3171.875,2.0981702111199247,48.19098342703603,1.759213147398328
146,,,,,,,,,,,1.0,3375.0,1.918012066886042,4.7534876235019405,1.6729914092942078,,,,,,sumtan,,,,,
147,0.7666619268071571,3828.125,0.588838753510558,17.14250891535471,0.32142081537773354,0.6738008036484433,3765.625,0.15256215771075132,3.0656114766213705,0.533987365995358,0.6694557183182964,3281.25,0.12315479568903573,3.025313264874285,0.2626109691841365,,,,,,sumtan,,,,,
148,0.1793818620279002,2859.375,8.865711132552653,20.71609097260532,4.435096918204711,0.4148227252376746,2984.375,0.9240381815760932,1.708883859863079,5.874205482806369,0.30089601730729043,2281.25,0.9055036433276742,12.873621410845175,1.5997300589147705,0.7045457305521078,2578.125,0.7813324594923206,3.3846185464460348,2.354729570465288,sumtan,0.6898278915578331,3343.75,1.1874818864774177,9.67204954393688,1.664182963212157
149,,,,,,,,,,,,,,,,0.3861625873343365,1734.375,0.9246180257645588,11.403671160416325,0.9298513827717542,sumtan,0.8145443672189782,3875.0,1.9071717544888072,26.960626242632323,1.9586885648392969
150,0.576033584793807,3234.375,4.314307509755632,108.49916019321535,2.25023325309926,0.7153714524411903,3750.0,1.4686300059541317,3.5133510274241937,3.3551793363383746,0.4313518040271004,3078.125,1.1890263570118442,8.792782664940148,3.4828879308823497,0.7966714066007436,2500.0,1.0442179491479582,4.918147434563707,2.8185059063006763,sumtan,,,,,
151,0.4975301071161867,62.5,8.245917614353957,3.9803379830808336,4.4681812913772605,0.7435424555372518,3343.75,2.2016843682884573,3.8992808813439126,3.4777981594915377,0.36848019897929263,890.625,1.5816349397438167,22.16874273359632,2.415099468998706,0.6578706456786592,2812.5,1.5622484304909519,2.9228710935477413,3.123529783376112,sumtan,1.0,3187.5,4.493615286881359,16.41428182297497,2.841006271059674
152,0.2924900283576066,2656.25,9.78108106343651,11.307261127965491,4.951783215304191,0.422094820603968,2562.5,1.4616388867868686,1.7303876754402836,6.296143158316773,0.5844049365558561,2375.0,1.3388456188203317,2.4061883500558,3.6595632302244816,0.6517594966050726,3531.25,1.2479677612984377,2.871578665465962,2.1421947184454133,sumtan,,,,,
153,0.5537711689889471,93.75,13.458752906309329,6.723007998391056,7.128701490771353,,,,,,0.7108515957347852,2531.25,0.18835488024569114,3.4584316747007615,0.4815850667112903,0.5025472263215505,3046.875,0.16579248783286935,2.0102410779729496,0.7226188552358233,sumtan,0.19695762433708075,2953.125,0.507167681599294,18.678964466373717,0.5973102117445839
154,,,,,,0.4838677138254305,3656.25,2.4728200298662104,15.499902281436023,2.9666213141963835,,,,,,,,,,,sumtan,,,,,
155,,,,,,0.3308284515965801,3234.375,2.6798850767359514,11.955080904272222,2.404045429680877,0.3586318937330403,2109.375,2.0932556986791195,9.3550021296235,2.236023238141024,1.0,3796.875,1.9485717832263865,8.163421392626816,2.286497940157618,sumtan,0.11904149880351955,4187.5,3.6059305627870666,19.297163234035796,2.755812931208369
156,0.16136627042400042,2968.75,5.0664848051024745,44.11937976630945,2.5691830249048184,0.6085611677488171,3234.375,1.394223573197484,2.554677557790967,4.069960421331179,,,,,,,,,,,sumtan,,,,,
157,0.1964079207676032,2703.125,8.851223573383903,16.17736204221649,4.4544013071462825,0.7233153852879819,3093.75,1.4956221339484,3.614223367789464,3.8314893268430716,0.4132705454014529,2578.125,1.3359405530853774,1.7043630452884315,5.4699654167484475,0.7329510035467857,2953.125,0.9153307434147172,3.744631184843996,3.5948361548858148,sumtan,0.7146879321377035,2234.375,1.9674008356736308,3.5049341147484934,1.7291826467364642
158,0.4802461251891105,78.125,6.829529902459347,9.619937901991074,4.258625423983961,0.2539244797488619,250.0,0.9268183077134412,1.3403468856120462,3.5806462486926343,0.6531851235896683,3234.375,0.2427087423975713,2.8833826574868624,2.8609860185812948,0.6529899966169187,2296.875,0.21008605419362916,2.8817613044314783,1.5374581587510954,sumtan,0.06002035419931229,3015.625,2.0200069638354066,62.76731657284236,2.032588496503724
159,0.050208352104930236,2437.5,5.02155960069981,68.43606189215618,2.5507551931432393,0.6030499959856876,2625.0,0.8903581629994335,5.03841788581488,3.8650239069026617,0.5881767307916751,3296.875,0.6175541232015922,2.4282260735833745,3.841359351890487,0.6640804242654291,2921.875,0.5194114616578083,2.976903021543933,4.092106612720056,sumtan,0.5282198825432458,3046.875,1.3111148970912057,6.358894512495,3.9725308535927795
160,0.10800705667951004,2750.0,6.1261404304432245,32.51146796301549,3.071020339373567,0.7032200224575946,3171.875,1.1932337182197668,3.3694995473780414,2.557895762152619,0.615280379948713,2421.875,1.1799324369149875,2.59929555936526,3.344082428106087,0.6717992952536688,3515.625,1.061943553546913,3.0469160654999428,1.4548546409194292,sumtan,0.7722808069813437,2250.0,1.4746117932919032,4.391373369736442,3.2409989893404303
161,0.3958653622683584,2890.625,7.805382162509635,9.931560988670242,3.9218714142108615,0.7963575170157329,2609.375,4.010446048658782,4.910566721371481,4.181359634712897,0.5856233821417478,2390.625,1.6132834769621458,2.41326357932212,2.7224328776758977,0.7756676943222748,3359.375,1.449117495603412,4.4576727234132525,1.822863264240784,sumtan,0.7363126950749457,2203.125,4.2115712991180825,3.792370665262865,4.000838416255989
162,0.4248157322256826,3062.5,6.969336659782548,8.692866408442569,3.5118132747862547,0.6981162020754614,3281.25,2.217486393109004,3.3125328582555085,3.4648245213264763,0.7359200582202283,2781.25,1.9678352742633718,3.786732128386888,4.082199723785531,0.7063946639806689,2312.5,1.83320152388796,3.4059326494466693,2.618045530128531,sumtan,0.28485655362980056,2703.125,5.007274983586139,12.58488775319222,3.554084752007161
163,0.09938407570528117,2718.75,4.99986393635804,39.972644308051684,2.513377898175142,0.44954607607791897,2375.0,1.6382328815939475,7.266729922641474,4.187402649500416,0.6116229649187618,3390.625,0.9713584541995453,5.149635069389858,2.428270766324796,0.6080975219223574,2109.375,0.9286222573245976,5.103310420006494,1.6994833213224498,sumtan,0.25432728570079444,3062.5,3.4053859914286506,12.069638364678982,3.2909517482271786
164,,,,,,0.07533789501434507,1875.0,1.229104771886132,46.50347382914226,1.8908007597160483,0.6017801367035571,3390.625,1.1692362143090385,2.511175589590266,2.544686032219925,0.6234716377413998,3906.25,1.0818504303311236,5.311684856893719,2.310923182511498,sumtan,1.0,3500.0,2.5125372642796098,3.1748591007545315,2.60766487499368
165,0.07367828488025374,4375.0,6.819108252492275,29.147540815784172,3.42284548060884,,,,,,0.5615304317866205,2812.5,0.7627729494690718,2.280659987589729,1.6653585212773836,,,,,,sumtan,0.28642035415101563,2578.125,2.1580560950831917,12.612467371168096,1.5082692558470032
166,0.11143187067465797,3140.625,5.642795707138529,41.64002599113336,2.8582632054703927,1.0,2937.5,1.7211564532604533,4.058087103995035,4.389541435194518,0.6206977486663914,875.0,1.6315459142734936,2.6364198906915206,1.3275689598315714,0.6766817347418737,3296.875,1.5500903150252077,3.0929276426793706,4.0250073857267035,sumtan,,,,,
167,0.16585760175743236,2812.5,5.301071666186601,41.95926267953837,2.7261261992803107,0.3288575079412545,2421.875,1.2004343224772582,11.919972427106812,3.1608783810317616,0.6598208205903809,1796.875,0.9350902309633567,2.939627292109705,1.7287227753588028,0.563110152688438,2968.75,0.9058288133516444,2.28890647414579,4.471187483897873,sumtan,0.6430590608259985,3046.875,1.4177230338814373,2.8015839323841756,4.657946981275686
168,0.4731422725076009,3093.75,9.897691978164476,7.592182464587097,4.952543373901493,,,,,,0.6328913798877744,3625.0,3.0104483698873667,2.7239894276911802,2.7563617206174085,0.6371008539478891,2890.625,2.1879435243422725,2.7555865338310923,3.6678801756026727,sumtan,0.4125640670504396,437.5,3.736807002397608,6.809253189391558,2.275440571380208
169,0.054867876702553435,1750.0,5.151920915721439,55.01876268746275,2.712967545262676,0.3185402133816374,2046.875,1.383349028271298,11.739504160177589,3.8522808321286433,0.7842460557714197,1125.0,1.056384756834614,4.634909473268081,2.005683799195747,0.7002417984361893,2234.375,1.0170205333590023,3.3360221497963782,3.3903908551216237,sumtan,0.6368447432809248,3656.25,2.6677222371431935,5.507286382328574,2.4253190613424227
170,0.09260623963341276,2546.875,4.688938488591426,38.57200867885624,2.3891065109377383,0.5551975885064122,2687.5,1.6480505825606908,6.744567750715191,3.6057052671792262,,,,,,0.7402093427603039,2859.375,1.5458071956399828,3.849253127980462,3.3876883485402787,sumtan,0.5127532680126089,3906.25,3.2139730565708184,6.1570448872248855,2.9971130801644965
171,0.1022577617831144,2734.375,3.945743787839066,37.87278636630879,2.136476592811533,0.9004619864229532,125.0,1.9539981230263748,20.0928261287022,1.9308751810128184,0.2945630127266832,4031.25,1.5787899991049676,5.6702442204809245,2.5411151245943917,1.0,3609.375,1.3457725098325826,4.807437109681473,2.5985477593975532,sumtan,,,,,
172,1.0,31.25,3.578282528453576,4.761099794573708,5.146886278897668,,,,,,,,,,,,,,,,sumtan,0.4694016129343634,359.375,1.6458784295596542,1.884664605805327,4.2230784453943215
173,0.7067391565092005,46.875,5.935626437231134,6.819867174196227,5.399379091994076,,,,,,0.7638035618079937,312.5,0.6145463547225267,4.233764097607139,4.497111584390792,,,,,,sumtan,,,,,
174,0.5736061575353044,125.0,12.234593731737197,2.3452496270107317,7.0036377655938304,0.7229386986781821,2531.25,4.281185905531666,3.6093095471260312,3.5346053697980926,0.629237516638933,31.25,3.3967274842900297,2.6971445194096137,6.5110072780510215,0.4759317514927082,593.75,1.3297063777397846,1.9081484193104783,1.0138298808257291,sumtan,0.3310212665101001,2843.75,5.497752500990909,10.463710802109803,2.9366320759507243
175,0.09078678310588427,2734.375,4.274277739771797,52.79289731837449,2.2497452415485544,0.4998988562630639,3031.25,0.5800750278151443,1.9995955068761475,3.8437908704790047,0.5272569023478797,2703.125,0.5457165950506822,2.1153138035573704,3.978536457735492,0.7704638651089483,2593.75,0.4911877782042806,4.356612524100598,3.584133836880957,sumtan,0.3406230628779563,156.25,1.2087637678649406,1.5165832222835398,1.879241954888994
176,0.9617026164572404,3203.125,5.3203453449346965,26.111444372785602,2.9557236075266657,0.2779326017429389,2234.375,2.0568770893181143,11.079298164285689,2.597796270126976,,,,,,0.509788892294589,3109.375,1.619335067641937,2.0399374560907404,4.745354414996999,sumtan,,,,,
177,0.28876858324737376,2718.75,6.96103760597945,12.65410918023366,3.634304845177707,0.6259221938387558,3359.375,4.273683295673171,5.346481312334022,3.679445638885469,0.4042501102773803,3109.375,2.920655043511019,8.392783760863125,3.5538372607088977,0.6988790180350721,2796.875,1.755724523342494,3.32092434567204,4.624806484123631,sumtan,,,,,
178,0.35212330257509106,3234.375,4.957804729501062,10.804525039753143,2.6295964552603674,0.7696717887815454,4000.0,2.0358825420156546,4.34163055715112,2.91893594306026,,,,,,,,,,,sumtan,,,,,
179,0.2912270441390946,2906.25,6.924970058657179,12.6980014200291,3.4740540271690845,0.7532449343519382,3234.375,2.7912964369054163,4.0526017059615915,4.173219797738998,0.7005247767907677,3140.625,2.1103999197091623,3.339174404091977,3.9105528980502418,0.6064334801635871,3546.875,2.077450992018868,2.5408665361465523,2.3375298451557067,sumtan,0.7390160005452193,2625.0,2.997416239232946,3.831652523101383,3.4533946655658374
180,0.2860509573908709,2906.25,6.875703571016754,12.605941688932688,3.4407282855834715,0.7504170195172317,3234.375,2.8172176880915516,4.006683460810109,4.235904741603072,0.6115689814548573,3546.875,2.1458882624656863,2.5744596910552393,2.4053385735217088,0.696341742126318,3140.625,2.078783753863524,3.2931757133902413,3.9217708931622495,sumtan,0.7322481888012824,2625.0,2.906707439295533,3.7348020001172975,3.39130115958555
181,0.2526144995439016,3484.375,4.723600145925252,21.40796147401289,2.625528640302073,0.4854479023453725,3671.875,2.0396923667746725,1.943437806508001,3.49803481762109,0.5453039287864366,3312.5,1.9998051178932017,2.199271256800273,3.7117248292344,0.6513256035695565,2156.25,1.5278207905125698,2.8680052514251315,3.458171700211192,sumtan,0.3223326663200312,2343.75,2.7504393919466232,11.805202349886372,3.3301428655078786
182,0.470488279179402,2875.0,7.0173872579827865,7.554129290662531,3.554821210213433,0.539967243746416,2687.5,3.689869316669552,6.5212747553704835,4.4609001808687445,0.4417915084176503,3031.25,2.981265099819649,8.957226691099834,3.973993242364841,0.6500128062166752,2109.375,2.11854660694588,5.714494803024678,2.8963286954570124,sumtan,0.6052513255513511,2312.5,3.949697872566968,5.066514796518135,3.737584128817754
183,0.6410046703507966,1968.75,9.218622612098413,5.571103117008022,4.626764499063298,0.1115391293200989,3250.0,2.8685987288866563,27.013007316387306,2.3509637589651917,0.25241867821359865,4062.5,1.4432783730608572,9.363529820773179,2.0936677131593493,,,,,,sumtan,0.6231666510651046,1859.375,7.218699533439739,2.6536929463022862,5.198418335180456
184,0.14842122501136035,2375.0,6.997565424279647,21.137210706361397,3.5270683840442074,0.7135534005017379,2890.625,2.719269159652821,3.491052090517371,4.151219342303669,1.0,3125.0,2.0570782973537423,3.3825886776297978,3.59035991431042,0.7591067751794915,2781.25,1.7011760273172922,4.151216792191264,3.798337322622074,sumtan,0.6072136224625707,3234.375,3.516770479173084,2.5459131405459914,3.984113396503024
185,0.29902049623100896,2828.125,6.7164002733350125,12.83917711089876,3.4099702955135083,0.7685943353748491,2500.0,3.6089848437887255,4.321415388079971,4.841861877449454,0.31233405185880914,734.375,2.8142759285324943,8.725166654272208,1.55289126145088,0.7099448833950094,2312.5,2.3732776342566932,3.447620616745893,3.32414291212135,sumtan,0.6257227131040514,31.25,4.051244065274971,2.671815883601844,2.4109668927118717
186,0.13309873221420898,2859.375,5.4331698262426995,25.377745791272897,2.761125480296509,0.5491598706154798,3015.625,2.7566322958954443,6.654243498899604,3.729727499452761,0.6089684109273866,2640.625,2.3316967611727004,5.114676296979695,4.047713475071307,0.3057392547112432,2359.375,2.0680188560338433,10.082667135513418,3.3808161527660565,sumtan,,,,,
187,0.6576403496309318,93.75,8.55208009528753,5.841809914935866,4.857057847059976,,,,,,,,,,,,,,,,sumtan,,,,,
188,0.15035428105786364,2875.0,4.731867226274304,24.716184089229984,3.088378985366118,0.7669254077713525,2718.75,2.474214181904172,4.290471949078835,4.156906284603027,,,,,,0.4726694525252461,46.875,1.3182458185721906,1.8963437729688417,3.4585715846162177,sumtan,0.8854433572640746,109.375,3.5424200690077616,8.729306097990218,2.5134937358029315
189,0.2168220291907721,2812.5,7.781800185263945,15.322187864401824,4.018005162709158,0.7144871637171923,2500.0,1.511377127937929,3.5024694967110865,4.439330163438001,,15.625,1.4142617815487577,1.7852464845103608,3.5923309219333084,0.4295530762374663,2890.625,1.100747089298709,1.7530114693304597,4.908012652573358,sumtan,1.0,3859.375,1.928597846527291,3.0588376149327985,1.3914720904496138
190,0.33504973710372243,3343.75,3.445460618224502,58.651003204556105,1.990416822617636,0.6338415266779633,2796.875,0.8352569665766474,2.7310579239839115,2.6013469711512913,0.7097682013781834,3265.625,0.7328988956703424,3.4455218371955136,3.3200970136086774,0.7730951687647181,3718.75,0.7000166506853458,4.407134015419358,2.337605656782942,sumtan,0.4165264428077514,46.875,2.1518258228624445,1.713873726878269,7.808282611059736
191,,,,,,,,,,,1.0,3250.0,2.619453832638402,4.686071658079356,3.0287143653795385,,,,,,sumtan,0.399814837646034,3078.125,4.283288031607489,8.330762427364363,3.1393797699161685
192,1.0,3953.125,4.4721373691586646,31.099077906195703,2.247770980838546,0.14008638921393654,2968.75,2.4591566173454487,24.421057809287962,3.1036982183857216,,,,,,0.6169625132290684,3046.875,0.531097321749423,2.6107105297451767,3.7495699148747423,sumtan,,,,,
193,0.9130195879987548,3406.25,5.116772678189414,22.993682761256252,2.567555223373488,0.42538222224583455,4015.625,1.4142014644433918,5.2208617904673815,2.2710889159683387,,,,,,0.7480085225448214,3234.375,1.3760864979615488,3.9683881776433054,3.2546137352342708,sumtan,0.238714034961534,2890.625,2.528639799438869,15.762802088954404,3.669919805554186
194,,,,,,0.5894666371379675,593.75,2.6945455377006344,2.4358556221314203,2.4029132419487995,,,,,,0.6644501387697406,1093.75,1.7088533177865968,29.80183023570929,2.2931460236435464,sumtan,0.5737033868567459,3765.625,3.640796114226172,14.074707175737615,2.6691774649825217
195,,,,,,,,,,,0.5732809558269749,593.75,1.6554009436818635,2.343462317080281,1.5914692383417992,,,,,,sumtan,0.7686879131332145,3828.125,3.707751833448265,17.292654500599582,2.7483899222668864
196,0.5497385346604835,93.75,12.398784304573883,6.662795355445023,6.469322516894933,0.4925312644995538,375.0,0.17203384204211236,1.9705647462475469,3.401695264974491,0.28036240749419805,578.125,0.13146378330436148,1.3895883294784068,1.955340726594192,,,,,,sumtan,0.4931385646707093,750.0,0.2365846533317233,3.945851589006111,2.005744284258978
197,1.0,390.625,9.45053674241892,4.396136161206833,4.743668968614999,,,,,,,,,,,0.3762851944428005,4015.625,1.5560106850661768,3.2065937543574705,2.8040104037743654,sumtan,,,,,
198,,,,,,0.7596299615305817,4015.625,1.6408080848210198,8.320504555123478,2.3539130238247346,0.5091941823137169,3625.0,1.5033908922840682,6.112396984498588,1.7127779510645245,,,,,,sumtan,,,,,
199,0.7827257938224975,3843.75,5.0016966877638165,32.217353928709514,2.544070623074735,,,,,,,,,,,0.3125184012066365,3234.375,1.1818626241168737,10.182090709462015,3.214949382054189,sumtan,0.6067125291845019,3046.875,1.9787638486674184,12.71334677820346,2.8614002837022987
200,0.08128929712892953,2781.25,6.353791813102079,41.36231338248905,3.1882908718446967,0.6269786287834611,3031.25,1.4990874568562336,5.361623098101262,4.168795590671348,1.0,2328.125,0.8922514895557779,4.0361185309285466,1.3263385081265189,0.7512612348433654,3656.25,0.6296015241647503,4.020282079354558,2.210655568832344,sumtan,0.19980116624724,4078.125,2.933375887643256,12.496893994586516,2.702604000431349
201,0.1770421690883922,2875.0,7.418136095369571,20.657194526199163,3.841717143089214,0.6898749321571729,2187.5,1.1357539944842256,3.224505542089247,1.6973702404067668,,,,,,0.6792254202141496,2296.875,0.8150617133935172,3.1174540098146224,2.0305883739099784,sumtan,0.640041206398443,3343.75,1.8606661211554911,5.556191529561089,2.8652789295750467
202,0.1066919844674834,2890.625,6.727897663442236,34.70247603400307,3.3644953661487453,0.6399949774181313,3359.375,1.3528989044506594,2.7777390238287296,2.704001119987665,0.2920028777897158,3906.25,1.0962358675871222,9.88704583734298,1.4304559853742158,0.5648994714939077,2078.125,0.6583501946088411,2.298319433059476,1.2786940322397733,sumtan,0.6494071798377308,2359.375,1.8833260301917003,2.8523116917715465,3.3336997713432988
203,0.8776976955220532,4046.875,4.295823044619303,49.058764882732895,2.1920234868593584,0.5101300684878877,1421.875,1.9913013372777395,10.20679098340693,1.4555781837158501,,,,,,,,,,,sumtan,0.13004789224489388,2812.5,2.8206169197259614,24.139259865913854,2.8762323492682573
204,0.21700328414918213,2718.75,6.447639562357052,15.325734779054072,3.2245660864759613,0.8220034234370333,3406.25,1.3314999739608633,5.618085579563086,2.600243889909035,0.5867804595516669,2562.5,0.6723551085884885,2.420021083502064,3.3239698451768867,0.6285425419519016,3218.75,0.6508922839756329,2.6920983233307823,2.4714126884878618,sumtan,,,,,
205,0.40921439590393216,2890.625,8.280020975279857,8.46330710385243,4.14017509108889,0.5846785779943764,2515.625,1.3645215778095596,2.407773707339516,4.244474385599975,0.61849463040788,2312.5,1.2956526405179107,5.2423901716986725,2.288177825045952,0.5815566171661412,2734.375,1.2165882030151218,2.3898095680892766,5.489908155514749,sumtan,0.7946833595721041,2625.0,2.5136219309672776,4.870525827404549,4.95496385198958
206,0.1837418702214919,2796.875,6.758043914997526,19.60164244163988,3.3803409088757888,1.0,2515.625,1.457776911046206,3.751915109098064,3.3996271538807203,,,,,,,,,,,sumtan,0.6785764079883796,3781.25,1.5879778826012445,12.44463723078357,1.8596061720839119
207,0.09863773473557136,2734.375,5.408718727005573,39.9395463814306,2.7048105167443963,0.5535334614161058,3718.75,0.7217208469657088,6.719428536605277,1.7496455216637572,,,,,,0.3263961100164928,2625.0,0.4324695065995616,1.4845519969079817,4.956725610688339,sumtan,,,,,
208,0.09664750553812153,2781.25,6.4153865209666625,35.4236028529065,3.2152828605839066,0.7803061097780026,3015.625,0.583242370780102,4.551787939981012,4.366263720816692,0.4758249902324875,2703.125,0.5720028586030983,1.9077597774902133,5.52990277720142,0.1336729896723251,3312.5,0.364945648573884,1.1542985363249445,2.2215756452176114,sumtan,0.5104506501515116,2906.25,1.0095806494909754,2.04269498123017,5.7597114598847865
209,,,,,,0.5513054851249669,2671.875,2.6953376317942017,6.6860634586441,2.6661459257858096,0.27530756993862515,328.125,2.0761931286743773,11.039165952544133,2.5997072604880227,,,,,,sumtan,0.2266347689191447,4062.5,3.661159893798629,7.758300682349527,2.7403955044808432
