,peak0_autocorr0_accuracy,peak0_autocorr0_freqency,peak0_autocorr0_prominence,peak0_autocorr0_width,peak0_autocorr0_width_height,peak0_autocorr1_accuracy,peak0_autocorr1_freqency,peak0_autocorr1_prominence,peak0_autocorr1_width,peak0_autocorr1_width_height,peak1_accuracy,peak1_freqency,peak1_prominence,peak1_width,peak1_width_height,primary_label,peak0_accuracy,peak0_freqency,peak0_prominence,peak0_width,peak0_width_height,peak1_autocorr1_accuracy,peak1_autocorr1_freqency,peak1_autocorr1_prominence,peak1_autocorr1_width,peak1_autocorr1_width_height,peak2_accuracy,peak2_autocorr0_accuracy,peak2_autocorr0_freqency,peak2_autocorr0_prominence,peak2_autocorr0_width,peak2_autocorr0_width_height,peak2_autocorr2_accuracy,peak2_autocorr2_freqency,peak2_autocorr2_prominence,peak2_autocorr2_width,peak2_autocorr2_width_height,peak2_freqency,peak2_prominence,peak2_width,peak2_width_height,peak4_accuracy,peak4_freqency,peak4_prominence,peak4_width,peak4_width_height,peak0_autocorr2_accuracy,peak0_autocorr2_freqency,peak0_autocorr2_prominence,peak0_autocorr2_width,peak0_autocorr2_width_height,peak1_autocorr0_accuracy,peak1_autocorr0_freqency,peak1_autocorr0_prominence,peak1_autocorr0_width,peak1_autocorr0_width_height,peak1_autocorr2_accuracy,peak1_autocorr2_freqency,peak1_autocorr2_prominence,peak1_autocorr2_width,peak1_autocorr2_width_height,peak2_autocorr1_accuracy,peak2_autocorr1_freqency,peak2_autocorr1_prominence,peak2_autocorr1_width,peak2_autocorr1_width_height,peak3_accuracy,peak3_autocorr0_accuracy,peak3_autocorr0_freqency,peak3_autocorr0_prominence,peak3_autocorr0_width,peak3_autocorr0_width_height,peak3_autocorr1_accuracy,peak3_autocorr1_freqency,peak3_autocorr1_prominence,peak3_autocorr1_width,peak3_autocorr1_width_height,peak3_autocorr2_accuracy,peak3_autocorr2_freqency,peak3_autocorr2_prominence,peak3_autocorr2_width,peak3_autocorr2_width_height,peak3_freqency,peak3_prominence,peak3_width,peak3_width_height,peak4_autocorr0_accuracy,peak4_autocorr0_freqency,peak4_autocorr0_prominence,peak4_autocorr0_width,peak4_autocorr0_width_height,peak4_autocorr1_accuracy,peak4_autocorr1_freqency,peak4_autocorr1_prominence,peak4_autocorr1_width,peak4_autocorr1_width_height,peak4_autocorr2_accuracy,peak4_autocorr2_freqency,peak4_autocorr2_prominence,peak4_autocorr2_width,peak4_autocorr2_width_height
0,0.6162861268969952,3046.875,22.35008881620848,2.6061085358035996,11.17877197266232,0.46781242577155124,2921.875,2.7452330305318102,1.879036731456523,2.043266039929655,0.13240101641986968,3046.875,1.2264769096028971,24.204730984519955,0.7571838329196298,thswar1,,,,,,,,,,,,,,,,,,,,,,,,,,,,,,,,,,,,,,,,,,,,,,,,,,,,,,,,,,,,,,,,,,,,,,,,,,,,,,,,,,,,,
1,,,,,,,,,,,,,,,,thswar1,,,,,,,,,,,,,,,,,,,,,,,,,,,,,,,,,,,,,,,,,,,,,,,,,,,,,,,,,,,,,,,,,,,,,,,,,,,,,,,,,,,,,
2,0.6142727151032223,1265.625,23.37280244713382,2.592505221059497,11.686974558719932,,,,,,0.495910884950412,1265.625,1.8554378353405578,41.65930065348505,1.7748886291778216,thswar1,,,,,,,,,,,,,,,,,,,,,,,,,,,,,,,,,,,,,,,,,,,,,,,,,,,,,,,,,,,,,,,,,,,,,,,,,,,,,,,,,,,,,
3,,15.625,15.252705548807972,1.549139431899401,17.11711351405954,,,,,,,,,,,thswar1,,15.625,8.375317224220497,1.5406156448638977,16.36649949425338,,15.625,3.566435527220229,1.1455384946555314,5.017123173044769,0.11283129623123178,,4031.25,23.166136187675338,2.6114499401980993,11.59416787970761,0.5663069257751412,3593.75,0.5811569300612413,2.305778116902843,0.3140626308719006,4265.625,1.2268881776734295,22.543626612433798,1.1742452197731028,0.3119096807088606,4031.25,0.39285616522414046,4.3598927581055875,1.568692973886192,,,,,,,,,,,,,,,,,,,,,,,,,,,,,,,,,,,,,,,,,,,,,,,,,,,,,,,
4,,4046.875,23.235706619752733,2.6174264536250007,11.621008610779185,0.3121648571859411,46.875,0.7402460014047025,1.453836737548503,0.655266661279184,,,,,,thswar1,0.25481816138291424,4046.875,1.663072084874844,10.735634694004972,1.3324184022363492,0.5559030931855689,46.875,1.2463983880258565,2.251760786115668,0.7714563657352698,0.7493579744937697,0.601796499738555,3000.0,23.08453801090513,2.5112787791755693,11.549512161390878,0.5442274452481304,1500.0,0.6717804997448775,2.1940768253244585,0.3471756070188494,421.875,1.098277411211435,3.989753904917844,1.4147938728733593,0.7609806967368647,1500.0,0.6170766159131638,4.183762509336347,0.9737779066125846,0.5783277619436074,2609.375,0.37152760513585337,2.371510167729525,0.19231055157937882,0.6006330097159512,421.875,23.519979703653245,2.503962581606338,11.811653105673381,0.44585315865796615,109.375,0.752530466430721,1.8045758369355642,0.511785603689749,0.5088031894055625,3125.0,0.9441902941199096,2.0358438378087556,0.6079924874783236,0.24219425276350315,0.6105484052217278,1500.0,23.105936300269956,2.5677131982713632,11.57424528679382,0.6420615971801003,4000.0,0.8788042121610042,2.793776784278606,0.4446789055266829,0.5570801130094338,3187.5,0.7327165765718102,2.257744638188484,0.37689447113549857,3000.0,0.6280568336729296,13.195993876355743,0.8931328578881186,,,,,,,,,,,,,,,
5,0.5244504884632704,31.25,21.0698966900887,2.102830464000516,13.671091307866183,,,,,,0.6126220488053107,125.0,5.638905407296529,2.5814582294009236,5.190623918829834,thswar1,0.533919615793178,31.25,6.103833010215429,2.1455526426022096,7.283198490580467,0.48023296568944895,375.0,1.0964872543253474,1.9239388687404109,0.5614587679075783,,0.5984622001173827,250.0,23.190041013023414,2.4904255596666935,11.61992221273587,0.5036404598357445,375.0,2.9651261843336436,2.0146686405364136,1.6272358112520469,,,,,0.7163945691511281,375.0,1.033341678759059,3.52602556660095,1.9015190348698106,,,,,,0.5869158198557705,125.0,23.962811428426257,2.4208140811658465,11.99990127250814,0.5649172390513038,250.0,0.8874585644906333,2.298413289966957,0.4682093314681521,0.5694765136673039,125.0,4.351481455467206,2.322753651649167,2.2334778040887637,1.0,0.6039746149101712,375.0,20.940261320190867,2.5250906574415026,10.48287253766694,0.4795572315055242,125.0,10.506439400094568,1.9214408586995564,5.385086794818763,0.5122708634909894,250.0,6.003832176304729,2.050318353251642,3.1640660488081385,250.0,2.6196722707804474,4.685794382161145,2.2743127748668175,,,,,,,,,,,,,,,
6,0.5199254496376022,31.25,21.05590349233085,2.0830098142988875,13.62989545416935,0.5507099076503346,218.75,1.0634481747967275,2.2257334782751848,0.5912073435187513,0.6500580217970529,250.0,4.006805811249604,28.576165829983818,4.0583845917798635,thswar1,0.5271865813508441,31.25,4.041712136670261,2.1149991953634357,4.885483949069772,0.5078238257240069,500.0,1.4000461009158127,2.031792785319265,0.7490155552248563,,0.5600384257716247,3890.625,22.741208679763023,2.2729257702876566,11.375452374242377,0.6018081243153544,203.125,2.3450849048185947,2.5113520919546986,1.2379561364948708,,,,,,,,,,0.576847017709321,656.25,1.0178941411183606,2.363211514158877,0.5496786685801116,0.6159438662313641,250.0,23.1798275482841,2.6037860408250175,11.630274553538348,0.46566543001453176,437.5,0.9692401385004112,1.8714866231230296,0.69842273952525,0.431769698456535,3953.125,2.418854017152912,1.7598498307530122,2.0537239194395793,0.5864575714429392,,,,,,,,,,,,,,,,3890.625,2.2625809887705493,2.418131565095308,1.8922048883950684,,,,,,,,,,,,,,,
7,0.6207659403341854,3843.75,22.980998342217735,2.636893956416287,11.491414721388926,,,,,,0.7119037671773045,3843.75,1.855796989744255,24.297436767623566,1.3614614447468716,thswar1,,,,,,0.558664897789173,234.375,4.081760857132156,2.2658519455864568,2.1456013895724526,0.5326785411744903,,,,,,,,,,,359.375,1.6678894076982338,4.279709314069329,1.0720637455129727,,,,,,,,,,,0.5947487099127378,359.375,23.14089428920313,2.4676047293635293,11.575238809777352,0.4719909204057764,484.375,2.7300055705285526,1.8939068259365968,1.7277864055483723,,,,,,,,,,,,,,,,,,,,,,,,,,,,,,,,,,,,,,,,
8,,,,,,,,,,,,,,,,thswar1,,,,,,,,,,,,,,,,,,,,,,,,,,,,,,,,,,,,,,,,,,,,,,,,,,,,,,,,,,,,,,,,,,,,,,,,,,,,,,,,,,,,,
9,0.5636309330544627,62.5,22.09390899166385,2.291638147038522,12.451508347646408,,,,,,,,,,,thswar1,0.4458725042869258,62.5,0.9960222838259436,1.8046388380586649,3.2685401160334724,,,,,,,,,,,,,,,,,,,,,,,,,,,,,,,,,,,,,,,,,,,,,,,,,,,,,,,,,,,,,,,,,,,,,,,,,,,,,,,,
10,0.5580504591484045,78.125,23.712675052808848,2.26270175113904,11.998487561853473,,,,,,0.7968715079521774,78.125,1.8978600959428418,4.922992288863986,2.2873118644820547,thswar1,,,,,,,,,,,,,,,,,,,,,,,,,,0.8051372195372197,3984.375,1.4805577279537714,20.52726534282425,1.2934341321527802,,,,,,1.0,3984.375,22.52099950644131,2.629633864274183,11.263105710294473,,,,,,,,,,,,,,,,,,,,,,,,,,,,,,,,,,,,,,,,,,,,,
11,,,,,,,,,,,,,,,,thswar1,,,,,,,,,,,,,,,,,,,,,,,,,,,,,,,,,,,,,,,,,,,,,,,,,,,,,,,,,,,,,,,,,,,,,,,,,,,,,,,,,,,,,
12,,,,,,,,,,,,,,,,thswar1,,,,,,,,,,,,,,,,,,,,,,,,,,,,,,,,,,,,,,,,,,,,,,,,,,,,,,,,,,,,,,,,,,,,,,,,,,,,,,,,,,,,,
13,,,,,,,,,,,,,,,,thswar1,,,,,,,,,,,,,,,,,,,,,,,,,,,,,,,,,,,,,,,,,,,,,,,,,,,,,,,,,,,,,,,,,,,,,,,,,,,,,,,,,,,,,
14,,,,,,,,,,,,,,,,thswar1,,,,,,,,,,,,,,,,,,,,,,,,,,,,,,,,,,,,,,,,,,,,,,,,,,,,,,,,,,,,,,,,,,,,,,,,,,,,,,,,,,,,,
15,,,,,,,,,,,,,,,,thswar1,,,,,,,,,,,,,,,,,,,,,,,,,,,,,,,,,,,,,,,,,,,,,,,,,,,,,,,,,,,,,,,,,,,,,,,,,,,,,,,,,,,,,
16,0.6149340811585926,625.0,22.91804678902073,2.5969579520535504,11.459268678272231,0.5918243557040868,750.0,2.734687646432424,2.44992569736727,1.493922346541575,0.037811294043116894,4546.875,2.2734766727683486,84.18307084517963,1.5453390154526783,thswar1,0.1703758679783024,625.0,6.67300987361522,27.723397997056416,3.3503036908369346,,,,,,0.4561318983196391,0.6165119708415552,750.0,22.846706145972743,2.6076433264278833,11.423430087950164,0.5442205798075166,1250.0,1.3770279860321988,2.1940437757757536,0.7634932827208102,750.0,2.0725303671956787,3.6773622020131427,5.611219098651135,,,,,,0.5643321294674588,1250.0,2.7252977064335937,2.295326480646011,1.400015564753168,,,,,,0.5962363567822988,671.875,2.5953096784707164,2.476696495084923,1.3060639188663052,0.5922625585952408,625.0,2.6284351819003082,2.4525586773555688,1.5719677729907813,,,,,,,,,,,,,,,,,,,,,,,,,,,,,,,,,,,
17,0.6185468741290993,390.625,22.077012107353088,2.621554084048693,11.20631764523577,0.5698455707729525,515.625,2.4725837161331317,2.324746491154162,1.5890625601523967,0.3255071769113427,390.625,3.2587986844708148,10.37816824787756,3.179405969822839,thswar1,,,,,,,,,,,,,,,,,,,,,,15.625,3.1512326037263296,1.5073639631289752,9.76136033089201,,,,,,,,,,,,15.625,12.953521275411665,1.2808509044043868,18.213038113094395,,,,,,,,,,,,,,,,,,,,,,,,,,,,,,,,,,,,,,,,,,,,,
18,0.6242117865715567,421.875,23.03117121818859,2.6610733500038783,11.520649404153954,,,,,,0.7575880378608767,421.875,1.9945616514965254,82.50417934623931,2.0036390730684173,thswar1,,,,,,,,,,,,,,,,,,,,,,,,,,,,,,,,,,,,,,,,,,,,,,,,,,,,,,,,,,,,,,,,,,,,,,,,,,,,,,,,,,,,,
19,0.5962325904322655,62.5,23.73200537828465,2.476673392413173,11.890508764593834,,,,,,0.9110555376339036,62.5,3.154571515786762,33.728912629231075,2.019175732601635,thswar1,,,,,,,,,,,,,,,,,,,,,,,,,,,,,,,0.5582869039687144,562.5,0.9882431168469449,2.2639129538716958,0.5266735498554944,,,,,,,,,,,,,,,,,,,,,,,,,,,,,,,,,,,,,,,,,,,,,,,,,,
20,,,,,,,,,,,,,,,,thswar1,,,,,,,,,,,,,,,,,,,,,,,,,,,,,,,,,,,,,,,,,,,,,,,,,,,,,,,,,,,,,,,,,,,,,,,,,,,,,,,,,,,,,
21,,,,,,,,,,,,,,,,thswar1,,,,,,,,,,,,,,,,,,,,,,,,,,,,,,,,,,,,,,,,,,,,,,,,,,,,,,,,,,,,,,,,,,,,,,,,,,,,,,,,,,,,,
22,,,,,,,,,,,,,,,,thswar1,,,,,,,,,,,,,,,,,,,,,,,,,,,,,,,,,,,,,,,,,,,,,,,,,,,,,,,,,,,,,,,,,,,,,,,,,,,,,,,,,,,,,
23,,,,,,,,,,,,,,,,thswar1,,,,,,,,,,,,,,,,,,,,,,,,,,,,,,,,,,,,,,,,,,,,,,,,,,,,,,,,,,,,,,,,,,,,,,,,,,,,,,,,,,,,,
24,,,,,,,,,,,,,,,,thswar1,,,,,,,,,,,,,,,,,,,,,,,,,,,,,,,,,,,,,,,,,,,,,,,,,,,,,,,,,,,,,,,,,,,,,,,,,,,,,,,,,,,,,
25,0.6144891654459241,250.0,23.229640409563252,2.5939608186543186,11.683671386758334,0.5791247273886291,437.5,0.7981367110977975,2.376000837006604,0.5097599681041727,0.5240723892039796,31.25,4.008107947231153,2.1011598766615656,4.886344244368512,thswar1,0.647876960408036,250.0,4.0676032863015905,28.399164143271857,4.129009039696775,0.5215853234964021,218.75,0.9888314191973716,2.090236878409142,0.5285072692759072,,0.6202258744063038,515.625,22.9099561980112,2.633144104898438,11.583465710895673,0.5689280027159584,640.625,0.875065029650583,2.319798099390532,0.5086219053978986,,,,,0.6979300504826365,406.25,0.2792718722952108,3.310491499064252,5.3698884519835755,0.4172481602315473,500.0,0.702713438874516,1.7159962985227715,0.5567385432231144,0.518314303223503,31.25,20.993519970061598,2.076042545361279,13.661175236989987,0.5710893979101237,656.25,0.962489522465767,2.3314881822167095,0.5298729742619467,0.6583973935066354,203.125,0.8941098944024681,2.927378131757388,0.5831291712579484,0.5267947134354647,0.6209453691917035,406.25,22.96465341700925,2.6381421534610965,11.500319517328231,0.5429176757677239,281.25,1.9491182641638165,2.187789697795946,1.1437217846721666,0.562978009713603,531.25,0.9691067622772501,2.288214374166074,0.6684457568138433,515.625,0.30754457510580213,2.113247734952388,4.945848411555504,,,,,,,,,,,,,,,
26,,,,,,,,,,,,,,,,thswar1,,,,,,,,,,,,,,,,,,,,,,,,,,,,,,,,,,,,,,,,,,,,,,,,,,,,,,,,,,,,,,,,,,,,,,,,,,,,,,,,,,,,,
27,0.5982169927682713,1843.75,23.855067208576937,2.488905658031598,11.929366072435654,,,,,,,,,,,thswar1,0.5646365578735433,1843.75,6.662782950239763,6.890794471274447,3.7178101050920005,,,,,,,,,,,,,,,,,,,,,0.42614917877233294,62.5,1.6834472687967466,1.7426131722886642,1.5795695442199835,,,,,,0.5179628696857494,62.5,24.653850526819806,2.074528987731875,12.426288405715935,,,,,,,,,,,,,,,,,,,,,,,,,,,,,,,,,,,,,,,,,,,,,
28,0.6102824715999862,3734.375,23.265439574242965,2.5659610541653137,11.634638118974115,,,,,,0.5759931660403587,3734.375,2.962239469555043,14.150715317411851,2.190041276577368,thswar1,,,,,,,,,,,,,,,,,,,,,,,,,,,,,,,,,,,,,,,,,,,,,,,,,,,,,,,,,,,,,,,,,,,,,,,,,,,,,,,,,,,,,
29,,,,,,,15.625,6.1828840787617665,1.292944856578766,9.484392334475212,0.7410487627375293,468.75,0.20167474843971672,3.861730921124771,0.34994774595513345,thswar1,0.6731356265918984,4703.125,0.5648068444210552,146.84989832180432,0.6045593843781573,0.37880875590616514,93.75,5.732958937574205,1.6098101985625277,7.086188311907811,,,,,,,,,,,,,,,,,,,,,,,,,,0.561554175576171,31.25,16.377359429265603,2.2807834954617743,11.094236463447178,0.5837253585078697,468.75,2.3077080862256034,2.402260191530079,1.2790461165359948,,,,,,,,,,,,,,,,,,,,,,,,,,,,,,,,,,,,,,,,
30,0.566952869379223,3187.5,23.701312028470188,2.309217471471271,11.851817566658502,,,,,,0.519113017686083,4000.0,4.822739203200034,2.079490684460268,3.802089443432916,thswar1,0.6637268140838442,3187.5,10.010642261158656,2.973772640466592,5.190986722535144,,,,,,0.5017814472944455,0.5445038806750139,3296.875,24.26509755747513,2.19540838565635,12.132733518942697,0.0750203261211787,3234.375,0.9755663898799918,1.081104837478847,1.1939230563360348,3296.875,3.4368037793313317,2.007151268393244,3.862104986991003,0.7463317042800208,812.5,2.0103444631002767,70.95880842700953,2.0946827244193793,0.5415411872986315,3500.0,1.3643534946300029,2.1812210220318775,0.7485389376525192,0.5367245605451829,4000.0,24.705978366610204,2.1585430930178404,12.354475378818886,,,,,,0.5160273636750765,3171.875,1.8083473064593114,2.0662325200729583,1.5496183189237067,,0.6195609824262434,812.5,22.79386110675573,2.6285421678814203,11.399053262692297,0.5614117807244259,3187.5,3.17683795370336,2.2800430017288704,1.602723940923812,0.5243032414229454,4000.0,1.5224292880531147,2.1021795544524764,0.8004618287222945,,,,,,,,,,,,,,,,,,,
31,0.6028750256094316,171.875,21.882755436991694,2.51809899776414,10.951118307436762,0.38250057518445324,109.375,3.2333550062467906,1.6194347068399457,4.201394336067112,0.7421361521479204,171.875,2.7679944774342413,7.756031008841825,2.494448632008209,thswar1,,,,,,,,,,,,,,,,,,,,,,,,,,,,,,,0.5147708914109277,296.875,2.3311658447782313,2.060882132376097,1.6119462064023857,,,,,,,,,,,,,,,,,,,,,,,,,,,,,,,,,,,,,,,,,,,,,,,,,,
32,,,,,,,,,,,,,,,,thswar1,,,,,,,,,,,,,,,,,,,,,,,,,,,,,,,,,,,,,,,,,,,,,,,,,,,,,,,,,,,,,,,,,,,,,,,,,,,,,,,,,,,,,
33,0.6251097927369031,328.125,22.85852239388756,2.6674476436729186,11.484656344407789,0.5307010226170823,453.125,0.6700618549304057,2.130837798915689,0.4895671698306788,,,,,,thswar1,0.2857735463214446,328.125,7.493200627235765,16.801393925127165,4.6816229250716415,0.5151080506953362,281.25,4.3619788199970255,2.062315122851601,2.4131642860664106,0.38517546304718964,,,,,,,,,,,31.25,1.3087741119060894,1.6264803043746334,2.8026506777718208,,,,,,0.5556741060751988,78.125,0.6616365524516491,2.2506003221348214,0.47923027848389904,0.5306812937336136,31.25,20.29678959072282,2.1307482242832183,12.774557035264229,0.5556592649663732,343.75,4.330769902619772,2.250525151434342,2.3659391320382315,,,,,,,,,,,,,,,,,,,,,,,,,,,,,,,,,,,,,,,,
34,0.6153946846269343,359.375,22.96724448756095,2.6000680698601464,11.53796700247735,,,,,,0.21999752629274538,359.375,2.1063488442490472,15.384566593700011,1.8213616138356894,thswar1,,,,,,,,,,,0.9636005951140255,,,,,,,,,,,1062.5,1.4469173567118907,54.94595327218236,1.6877230053524015,,,,,,0.5846354830194358,1046.875,1.2423050710651553,2.4075238955637417,0.6417252545209752,0.6210459259694379,1062.5,22.79275593494426,2.6388421936304383,11.405403142943882,,,,,,,,,,,,,,,,,,,,,,,,,,,,,,,,,,,,,,,,,,,,,
35,0.6235066597444252,1343.75,21.77168522848752,2.656089479089246,10.8935169941352,,,,,,,,,,,thswar1,,,,,,,,,,,,,,,,,,,,,,,,,,0.4789779297237462,1343.75,1.3568417835372295,49.901916796373726,0.7470149225148937,,,,,,,,,,,,,,,,,,,,,,,,,,,,,,,,,,,,,,,,,,,,,,,,,,,,,,,
36,0.5902675930824043,62.5,23.59308499238467,2.440617298306886,11.911151573553175,0.5270470070243224,187.5,1.2107851343480145,2.1143750327242916,0.7141264306322164,,,,,,thswar1,0.9145770408854154,62.5,3.7496141030977705,35.11936405733568,2.3635723195013942,,,,,,,,,,,,,,,,,,,,,,,,,,,,,,,,,,,,,,,,,,,,,,,,,,,,,,,,,,,,,,,,,,,,,,,,,,,,,,,,
37,0.6217735274202492,3843.75,22.934109947775802,2.643918584490791,11.473579811332453,,,,,,,,,,,thswar1,,,,,,,,,,,0.705742317795006,,,,,,,,,,,3843.75,1.6076650553320904,13.593527856354854,1.4823046011064316,,,,,,,,,,,,,,,,,,,,,,,,,,,,,,,,,,,,,,,,,,,,,,,,,,,,,,,,,,,,
38,,,,,,,,,,,,,,,,thswar1,,,,,,,,,,,,,,,,,,,,,,,,,,,,,,,,,,,,,,,,,,,,,,,,,,,,,,,,,,,,,,,,,,,,,,,,,,,,,,,,,,,,,
39,1.0,3984.375,22.589263430412785,2.641550293354726,11.297728413775328,,,,,,,,,,,thswar1,,,,,,,,,,,,,,,,,,,,,,,,,,,,,,,,,,,,,,,,,,,,,,,,,,,0.8060956169327868,,,,,,,,,,,,,,,,3984.375,1.6442609259744774,20.62872399647344,1.4353487035278976,,,,,,,,,,,,,,,
40,1.0,3984.375,22.589263430412785,2.641550293354726,11.297728413775328,,,,,,,,,,,thswar1,,,,,,,,,,,,,,,,,,,,,,,,,,,,,,,,,,,,,,,,,,,,,,,,,,,0.8060956169327868,,,,,,,,,,,,,,,,3984.375,1.6442609259744774,20.62872399647344,1.4353487035278976,,,,,,,,,,,,,,,
41,0.6024102958651698,62.5,23.44252474615584,2.5151556732990272,11.78271333437981,0.13521076167643487,125.0,1.082661176627491,1.1563511150283823,1.8107264648562231,,,,,,thswar1,0.43890222723898964,62.5,9.813307966225787,5.346661750656773,5.274514018891085,0.36366293466092914,1906.25,1.1191474115534579,1.571494188331073,0.8558757920943891,0.18126698673338482,,,,,,,,,,,1968.75,1.908610433760662,20.76378956819231,2.1417200746504896,,,,,,,,,,,0.5972021105737256,1968.75,23.384650397370685,2.482634656860668,11.709834723497067,0.4658538982920021,968.75,0.9302727309104243,1.8721469590480524,0.5046166627017472,,,,,,,,,,,,,,,,,,,,,,,,,,,,,,,,,,,,,,,,
42,0.6016817743841381,62.5,23.154017853981575,2.5105554696972363,11.601239298532898,,,,,,0.7914579033934246,62.5,2.2866502666814186,4.7951949091916335,1.506102208161782,thswar1,,,,,,,,,,,,,,,,,,,,,,,,,,,,,,,,,,,,,,,,,,,,,,,,,,,,,,,,,,,,,,,,,,,,,,,,,,,,,,,,,,,,,
43,0.6178054891407957,140.625,23.0637492343898,2.616468765477345,11.571943079773822,,,,,,,,,,,thswar1,0.8842042041411643,140.625,4.471633184788962,25.907676334443423,2.577074486220476,,,,,,,,,,,,,,,,,,,,,,,,,,0.5950078998832569,390.625,0.8786641741275852,2.4691839660865966,0.5098432381206133,,,,,,,,,,,,,,,,,,,,,,,,,,,,,,,,,,,,,,,,,,,,,,,,,,
44,,,,,,,,,,,,,,,,thswar1,,,,,,,,,,,,,,,,,,,,,,,,,,,,,,,,,,,,,,,,,,,,,,,,,,,,,,,,,,,,,,,,,,,,,,,,,,,,,,,,,,,,,
45,,,,,,,,,,,,,,,,thswar1,,,,,,,,,,,,,,,,,,,,,,,,,,,,,,,,,,,,,,,,,,,,,,,,,,,,,,,,,,,,,,,,,,,,,,,,,,,,,,,,,,,,,
46,,,,,,,,,,,,,,,,thswar1,,,,,,,,,,,,,,,,,,,,,,,,,,,,,,,,,,,,,,,,,,,,,,,,,,,,,,,,,,,,,,,,,,,,,,,,,,,,,,,,,,,,,
47,,4031.25,23.1433030784397,2.341606008909821,11.574760434149269,,,,,,,,,,,thswar1,,4031.25,3.3881678489514337,2.949986037726319,2.9927980502278744,,,,,,,,,,,,,,,,,,,,,,,,,,0.45582079204057424,3906.25,1.9330488363944256,1.8376299303125165,1.4615903060934212,,,,,,,,,,,,,,,,,,,,,,,,,,,,,,,,,,,,,,,,,,,,,,,,,,
48,0.620471403010626,1531.25,22.810351286351224,2.6348475659872292,11.43192197380671,,,,,,,,,,,thswar1,0.24502923686357458,1531.25,0.2899894177630067,50.33307494204685,2.354799720106252,,,,,,,,,,,,,,,,,,,,,,,,,,0.5452358835344466,2531.25,1.2329459145514918,2.1989421851751274,0.6390968183096424,,,,,,,,,,,,,,,,,,,,,,,,,,,,,,,,,,,,,,,,,,,,,,,,,,
49,0.6157054625437777,1531.25,20.525447829871844,2.602170737630942,10.33305284159476,0.5027550080212344,343.75,2.7867674555263093,2.0110810890634454,1.546394135793455,1.0,1531.25,0.4652184880881993,3.5043563407736684,2.29921383837024,thswar1,,,,,,,,,,,,,,,,,,,,,,,,,,,,,,,,,,,,,,,,,,,,,,,,,,,,,,,,,,,,,,,,,,,,,,,,,,,,,,,,,,,,,
50,,,,,,,,,,,,,,,,thswar1,,,,,,,,,,,,,,,,,,,,,,,,,,,,,,,,,,,,,,,,,,,,,,,,,,,,,,,,,,,,,,,,,,,,,,,,,,,,,,,,,,,,,
51,0.5483016628325386,31.25,20.894538031859497,2.213866905667316,13.478864669570452,,,,,,,,,,,thswar1,,,,,,,,,,,0.5289426655019571,,,,,,,,,,,31.25,2.673640800423515,2.1228838333779407,5.863739884684258,,,,,,,,,,,,,,,,,,,,,,,,,,,,,,,,,,,,,,,,,,,,,,,,,,,,,,,,,,,,
52,,,,,,,,,,,,,,,,thswar1,,,,,,,,,,,,,,,,,,,,,,,,,,,,,,,,,,,,,,,,,,,,,,,,,,,,,,,,,,,,,,,,,,,,,,,,,,,,,,,,,,,,,
53,,,,,,,,,,,,,,,,thswar1,,,,,,,,,,,,,,,,,,,,,,,,,,,,,,,,,,,,,,,,,,,,,,,,,,,,,,,,,,,,,,,,,,,,,,,,,,,,,,,,,,,,,
54,,,,,,,,,,,,,,,,thswar1,,,,,,,,,,,,,,,,,,,,,,,,,,,,,,,,,,,,,,,,,,,,,,,,,,,,,,,,,,,,,,,,,,,,,,,,,,,,,,,,,,,,,
55,,,,,,,,,,,,,,,,thswar1,,,,,,,,,,,,,,,,,,,,,,,,,,,,,,,,,,,,,,,,,,,,,,,,,,,,,,,,,,,,,,,,,,,,,,,,,,,,,,,,,,,,,
56,0.6331499427914642,3546.875,19.87965875781358,2.725909347293765,9.940130463827312,0.6218362227399234,3796.875,4.6990626920091865,2.6443569165860765,2.7173984975885808,,,,,,thswar1,,,,,,,,,,,,,,,,,,,,,,,,,,,,,,,0.5182853157283938,3312.5,3.512687715872657,2.0759176181479404,2.05880474625471,,,,,,,,,,,,,,,,0.5450721750669301,,,,,,,,,,,,,,,,3546.875,1.2814197435469787,6.59445264848631,0.7750794768559885,,,,,,,,,,,,,,,
57,0.5994938613796292,3625.0,23.509344820491936,2.496840631318946,11.75701092971232,0.49642560381198486,3500.0,2.525197169941701,1.9858039002178316,1.5952318227762614,,,,,,thswar1,,,,,,,,,,,0.4544492244815358,,,,,,,,,,,3625.0,3.3482735244390165,12.83106965313641,2.8656203501712896,0.3724419780635282,2625.0,1.6841726144757696,9.560868940031469,2.311187831309918,,,,,,0.6100641619861924,2625.0,23.127970597128602,2.5645244743177216,11.568633056626219,0.4886205426289436,2812.5,1.4537959830398948,1.9554950547698695,0.8693404198814867,,,,,,,,,,,,,,,,,,,,,,,,,,,,,,,,,,,,,,,,
58,,,,,,,,,,,,,,,,thswar1,,,,,,,,,,,,,,,,,,,,,,,,,,,,,,,,,,,,,,,,,,,,,,,,,,,,,,,,,,,,,,,,,,,,,,,,,,,,,,,,,,,,,
59,,,,,,,,,,,,,,,,thswar1,,,,,,,,,,,,,,,,,,,,,,,,,,,,,,,,,,,,,,,,,,,,,,,,,,,,,,,,,,,,,,,,,,,,,,,,,,,,,,,,,,,,,
60,,,,,,,,,,,,,,,,thswar1,0.013537524058451988,6375.0,3.834763625512798,156.11338875613262,1.984469658383767,,,,,,,,,,,,,,,,,,,,,,,,,,,,,,,,,,,,,,,,,,,,,,,,,,,,,,,,,,,,,,,,,,,,,,,,,,,,,,,,
61,,,,,,,,,,,,,,,,thswar1,,,,,,,,,,,,,,,,,,,,,,,,,,,,,,,,,,,,,,,,,,,,,,,,,,,,,,,,,,,,,,,,,,,,,,,,,,,,,,,,,,,,,
62,,,,,,,,,,,,,,,,thswar1,,,,,,,,,,,,,,,,,,,,,,,,,,,,,,,,,,,,,,,,,,,,,,,,,,,,,,,,,,,,,,,,,,,,,,,,,,,,,,,,,,,,,
63,0.625313731734186,125.0,22.9113974104273,2.6688995159293354,11.48322044989958,0.5572181430060411,625.0,0.7437087569098212,2.2584484531254034,0.38401667577967585,0.9805339367514548,125.0,3.330656141807511,51.371455400707916,2.0796092202484213,thswar1,,,,,,,,,,,,,,,,,,,,,,,,,,,,,,,,,,,,,,,,,,,,,,,,,,,,,,,,,,,,,,,,,,,,,,,,,,,,,,,,,,,,,
64,0.5714762835290028,46.875,24.363251588130854,2.333593128135956,12.376003389905774,0.5323741063113568,359.375,0.38181394523802703,2.1384615640335447,0.21752540696058198,,,,,,thswar1,0.6860443902821118,46.875,14.40695165819305,3.185163663419081,8.359405808342565,0.5362055489254043,62.5,5.96718985347998,2.1561275640168494,3.525169225414546,0.6055524191256497,0.6199733885461405,234.375,22.981251867099093,2.6313946704266886,11.55621080362622,0.4749423285872463,343.75,0.722313890401352,1.9045526890585869,0.709725796111544,3000.0,1.101266752337285,5.070382218003999,0.8954828738048227,0.9450969736255022,3937.5,0.8044707492710981,18.213932200730113,0.5935966044443768,0.33580868793836005,109.375,0.22949405727608146,1.5055903048415598,0.28999783900166987,0.6048308429174918,3000.0,21.683631637036,2.530561867183394,10.867007116414673,0.6180082182786383,187.5,2.9790460225937494,2.6178573672284795,1.7095587230922997,0.5491602050846853,31.25,1.7391498500980969,2.2180828118508016,0.9381561514302267,0.3852095844606528,0.6154771419153292,3937.5,19.767614222019233,2.600625629854761,9.885603969042958,0.610103575958154,62.5,6.949753987410787,2.5647837177718618,3.8770357995920737,0.5572790586583939,250.0,3.3763351547434675,2.258759201608207,1.9218023483672975,234.375,1.0604823223951514,8.13285287737215,4.280453010091895,,,,,,,,,,,,,,,
65,0.610155499398506,218.75,23.31590941047831,2.565125321652845,11.671181169167982,,,,,,,,,,,thswar1,0.5583193055757552,218.75,6.873903779391697,18.112632272570664,3.5758945946482954,,,,,,,,,,,,,,,,,,,,,,,,,,0.49477524800509576,281.25,1.1605381220368178,1.9793171178796207,0.9257510673935443,,,,,,,,,,,,,,,,,,,,,,,,,,,,,,,,,,,,,,,,,,,,,,,,,,
66,0.6237559306534974,406.25,23.05787329501039,2.6578492034091,11.529710887146479,0.5291205624456604,593.75,0.3398420837207937,2.1236858529941642,0.19945229875051573,,,,,,thswar1,0.6723591748965262,406.25,4.093504950601156,57.99033131478509,2.07287259173237,,,,,,,,,,,,,,,,,,,,,,,,,,,,,,,,,,,,,,,,,,,,,,,,,,,,,,,,,,,,,,,,,,,,,,,,,,,,,,,,
67,0.6229130276086579,453.125,23.048673379601613,2.6519081093106465,11.525134915606243,,,,,,0.5184342026908568,453.125,2.7435886942797705,45.68430757111474,1.802623100686731,thswar1,,,,,,,,,,,,,,,,,,,,,,,,,,,,,,,,,,,,,,,,,,,,,,,,,,,,,,,,,,,,,,,,,,,,,,,,,,,,,,,,,,,,,
68,,,,,,,,,,,,,,,,thswar1,,,,,,,,,,,,,,,,,,,,,,,,,,,,,,,,,,,,,,,,,,,,,,,,,,,,,,,,,,,,,,,,,,,,,,,,,,,,,,,,,,,,,
69,,,,,,,,,,,,,,,,thswar1,,,,,,,,,,,,,,,,,,,,,,,,,,,,,,,,,,,,,,,,,,,,,,,,,,,,,,,,,,,,,,,,,,,,,,,,,,,,,,,,,,,,,
70,,,,,,,,,,,,,,,,thswar1,,,,,,,,,,,,,,,,,,,,,,,,,,,,,,,,,,,,,,,,,,,,,,,,,,,,,,,,,,,,,,,,,,,,,,,,,,,,,,,,,,,,,
71,0.6039243567323572,46.875,21.681229004324063,2.524770247799013,11.206180062799982,,,,,,0.6695541495329818,46.875,2.1202216331952966,6.052428853845208,1.9441207178456879,thswar1,,,,,,,,,,,,,,,,,,,,,,,,,,,,,,,,,,,,,,,,,,,,,,,,,,,,,,,,,,,,,,,,,,,,,,,,,,,,,,,,,,,,,
72,0.621878890579064,1406.25,21.295103913421674,2.644655310388316,10.648186693311066,,,,,,,,,,,thswar1,,,,,,,,,,,,,,,,,,,,,,,,,,,,,,,,,,,,,,,,,,,,,,,,,,,0.3170080294946267,,,,,,,,,,,,,,,,1406.25,1.369067518565122,43.9243816846072,1.041645513040499,,,,,,,,,,,,,,,
73,,,,,,,,,,,,,,,,thswar1,,,,,,,,,,,,,,,,,,,,,,,,,,,,,,,,,,,,,,,,,,,,,,,,,,,,,,,,,,,,,,,,,,,,,,,,,,,,,,,,,,,,,
74,0.5680627565060901,3968.75,21.610982035546762,2.3151511361027133,10.816788007462954,,,,,,,,,,,thswar1,,,,,,,,,,,,,,,,,,,,,,,,,,0.655260868658158,3968.75,1.7087519754291103,2.900744096290026,1.4022520241268075,,,,,,,,,,,,,,,,,,,,,,,,,,,,,,,,,,,,,,,,,,,,,,,,,,,,,,,
75,0.6167570097888577,3453.125,23.264008224943954,2.609310608522975,11.634045350050704,,,,,,,,,,,thswar1,0.8188643285663023,3453.125,8.397575472373482,5.520723732023356,4.952337856767084,0.6285766082965307,3484.375,0.8445591357749388,2.6923452381759603,0.42228799126041955,0.6072158303298172,,4046.875,23.34917002036233,2.3568968227120877,11.685019589113171,0.6275166134910029,3484.375,1.6761006584958102,2.6846834952083043,0.8968763919349434,31.25,1.4883323488480205,2.54592745130154,5.487035287649094,,4046.875,1.2074060610807358,2.642876224770646,1.3797003571547437,,,,,,0.5668010902389565,31.25,19.89169826598014,2.3084083950063707,13.377919017970715,,,,,,0.28818329895819605,3984.375,2.513637853353237,1.4048560514756332,3.8518383658586806,,,,,,,,,,,,,,,,,,,,,,,,,,,,,,,,,,,
76,0.6079328808682689,46.875,22.91141085145076,2.5505836914214903,11.868225208601547,0.5765006725929664,921.875,0.43676812672405113,2.361278838676597,0.22740414768037207,0.6036088178401993,3281.25,2.406120889525835,12.613802286813495,2.642808297648076,thswar1,0.691786974839671,46.875,4.719446938086945,3.244509213975662,6.996961104822653,0.48877679918133277,31.25,1.032287326460854,1.9560927563510635,0.9154610846289644,,0.6032758444462796,453.125,23.247048155474072,2.5206430866410656,11.706451760066743,,,,,,,,,,0.6310830020904024,453.125,1.0855295459911485,2.710636825265091,3.0335545218273015,0.5788686248838797,1796.875,0.39290695612742965,2.3745559202856015,0.20450046954308654,0.6113642887196558,3281.25,23.271655908008032,2.5731037343571472,11.638451995468687,,,,,,0.544401520220495,3265.625,1.8185863150380224,2.19491513774139,0.9284819955373379,,,,,,,,,,,,,,,,,,,,,,,,,,,,,,,,,,,
77,0.6002743362471095,3656.25,23.38797320970311,2.50171577829488,11.698238467026863,,,,,,,,,,,thswar1,0.618045257337662,3656.25,6.167771998724373,7.854333681234351,3.6594165219082226,,,,,,,,,,,,,,,,,,,,,,,,,,,,,,,,,,,,,,,,,,,,,,,,,,,,,,,,,,,,,,,,,,,,,,,,,,,,,,,,
78,0.6184569472567343,828.125,23.049736388299188,2.620936203162593,11.525917491603618,0.5478363907543856,578.125,1.8901666032627003,2.211588857556208,0.962690642594814,,,,,,thswar1,0.8307152732175176,828.125,4.4713328456431425,100.42252672825981,2.2809605245073254,,,,,,,,,,,,,,,,,,,,,,,,,,0.5908955416157041,1015.625,1.4613108571470523,2.4443634859159644,0.7597861262052562,,,,,,,,,,,,,,,,,,,,,,,,,,,,,,,,,,,,,,,,,,,,,,,,,,
79,0.6240139758725305,843.75,22.94715564764161,2.659673327806921,11.474812989537718,0.4907127199565,968.75,0.92237357395698,1.9635283251421214,0.6055542177977076,,,,,,thswar1,0.8478159661718203,843.75,4.10459354970158,105.13586476531745,2.079389332651063,,,,,,,,,,,,,,,,,,,,,,,,,,0.5156324236721692,1218.75,0.7719850412771662,2.064547770892034,0.4193046840837548,,,,,,,,,,,,,,,,,,,,,,,,,,,,,,,,,,,,,,,,,,,,,,,,,,
80,,,,,,,,,,,,,,,,thswar1,,,,,,,,,,,,,,,,,,,,,,,,,,,,,,,,,,,,,,,,,,,,,,,,,,,,,,,,,,,,,,,,,,,,,,,,,,,,,,,,,,,,,
81,0.6193837489470553,1375.0,20.31052500541574,2.6273181905228142,10.203226425045013,,,,,,,,,,,thswar1,0.38275572907617106,1375.0,0.2025586699586781,9.720624852491227,1.4155340283656155,,,,,,,,,,,,,,,,,,,,,,,,,,0.5601340443190399,1875.0,1.8201527721269206,2.2734198614027576,1.0377236507083558,,,,,,,,,,,,,,,,,,,,,,,,,,,,,,,,,,,,,,,,,,,,,,,,,,
82,,,,,,,,,,,,,,,,thswar1,,,,,,,,,,,,,,,,,,,,,,,,,,,,,,,,,,,,,,,,,,,,,,,,,,,,,,,,,,,,,,,,,,,,,,,,,,,,,,,,,,,,,
83,,,,,,,,,,,,,,,,thswar1,,,,,,,,,,,,,,,,,,,,,,,,,,,,,,,,,,,,,,,,,,,,,,,,,,,,,,,,,,,,,,,,,,,,,,,,,,,,,,,,,,,,,
84,0.6057072777841161,3203.125,23.624421676332165,2.536186806543384,11.813454982523423,0.5716634930465374,3015.625,0.571793396772354,2.3346130525097806,0.3476923005717845,0.9499303057075975,3203.125,4.017448219085446,19.972161087305437,2.818497358788662,thswar1,,,,,,,,,,,,,,,,,,,,,,,,,,,,,,,0.33915766990173724,3265.625,0.4415256555286251,1.5132202561105714,0.7275268069384244,,,,,,,,,,,,,,,,,,,,,,,,,,,,,,,,,,,,,,,,,,,,,,,,,,
85,0.598135488428186,125.0,23.243603341836902,2.488400869458954,11.656668190991635,,,,,,0.9347215838717972,125.0,2.4231907957584697,30.637998263807752,1.4153175939459457,thswar1,,,,,,,,,,,,,,,,,,,,,,,,,,,,,,,0.5626605573836592,250.0,1.916316602559954,2.2865534240808394,1.1160873857139864,,,,,,,,,,,,,,,,,,,,,,,,,,,,,,,,,,,,,,,,,,,,,,,,,,
86,,,,,,,,,,,,,,,,thswar1,,,,,,,,,,,,,,,,,,,,,,,,,,,,,,,,,,,,,,,,,,,,,,,,,,,,,,,,,,,,,,,,,,,,,,,,,,,,,,,,,,,,,
87,,,,,,,,,,,,,,,,thswar1,,,,,,,,,,,,,,,,,,,,,,,,,,,,,,,,,,,,,,,,,,,,,,,,,,,,,,,,,,,,,,,,,,,,,,,,,,,,,,,,,,,,,
88,0.5620392770054773,2562.5,23.10615797134299,2.283309775275228,11.55545681448051,,,,,,,,,,,thswar1,,,,,,,,,,,0.6247382021146093,,,,,,,,,,,2562.5,1.5161319413328893,5.3296125831887196,1.1257947575978227,,,,,,,,,,,,,,,,,,,,,,,,,,,,,,,,,,,,,,,,,,,,,,,,,,,,,,,,,,,,
89,0.6129550960761763,4000.0,23.334347545908606,2.583679541733005,11.667455410057325,,,,,,,,,,,thswar1,0.8189439032847066,4000.0,4.558807449732556,16.5694503218935,2.4145613518164093,,,,,,0.691563839910081,0.6067419049217208,2968.75,22.61912179927545,2.5428592888874846,11.31260958554862,0.5570739871164847,3906.25,2.4479507856711873,2.257713412427165,1.268403831366844,78.125,2.207111103871033,3.2421620075560145,1.4203809499521678,0.7050831337336331,3671.875,1.2621330285483516,6.781572126816286,2.740889222298166,,,,,,0.5713180157191747,78.125,23.83298432278799,2.3327315741473056,11.969049287847627,,,,,,0.5475010544143522,3718.75,2.531595600303026,2.2099499010008685,1.2714139330663645,0.3783495025214083,0.613219711715406,3671.875,23.074323206772142,2.585447165456884,11.539411160953115,,,,,,,,,,,2968.75,1.4437727063014054,9.651725566593996,1.0200206351836205,,,,,,,,,,,,,,,
90,0.6148105471702299,78.125,23.160698747007753,2.596125082484899,11.648527678510726,0.5677663418072555,265.625,1.143358138982804,2.3135634651433676,0.6152866222675883,,,,,,thswar1,0.4666183310658867,78.125,10.10393478502195,9.374150427763634,5.575607030851198,,,,,,,,,,,,,,,,,,,,,,,,,,0.24744263338622197,156.25,0.727971832250694,1.32880235363268,0.974051914315196,,,,,,,,,,,,,,,,,,,,,,,,,,,,,,,,,,,,,,,,,,,,,,,,,,
91,0.6216133632659298,453.125,23.00327458139337,2.6427994620296253,11.503190783523895,,,,,,,,,,,thswar1,,,,,,,,,,,,,,,,,,,,,,,,,,,,,,,,,,,,,,,,,,,,,,,,,,,0.7216604398582172,,,,,,,,,,,,,,,,453.125,2.038181954255401,79.04014789990133,1.7304577816333835,,,,,,,,,,,,,,,
92,0.5684508348098455,93.75,23.50253760648172,2.317233077161365,11.784691902503377,0.5062355163468975,343.75,0.26288340433552815,2.025257046844537,0.14086333840522297,,,,,,thswar1,0.5439356902375398,93.75,9.283222436620575,6.578019669117589,7.282284070964022,0.4947161374824455,171.875,0.17404955120386414,1.9790855678975063,0.14813236121935164,0.3730642734263532,0.5866697738749249,343.75,23.780501752102868,2.4193730261996294,11.95823707398957,0.540629902615547,2906.25,1.3233826341089103,2.1768939808963808,0.6649623424500926,46.875,1.331568857801381,1.5950598404484593,8.867092048986091,,,,,,0.5027822927344776,593.75,0.11880018080463355,2.0111914466995913,0.07027090907616784,0.605808084448034,46.875,23.2941101885881,2.5368353853725107,11.863425072087281,0.2835079007522662,375.0,0.1103708396162894,1.395688802500306,0.07705709186727769,0.528568300947459,93.75,3.328951634134221,2.1211980484336292,1.7492435127538248,0.4124696554706748,,,,,,,,,,,,,,,,343.75,0.9194559498621491,1.7020397487743502,2.9302474317314497,,,,,,,,,,,,,,,
93,0.6036476454553504,218.75,23.688428548015008,2.523007592950602,11.845165960320168,0.4602331791358456,484.375,0.36930576487244526,1.852651851403209,0.18739800706959675,1.0,437.5,2.9107722790469968,8.277168310518238,2.93368713336947,thswar1,0.5369864575737047,218.75,10.935536665534404,4.319528084469299,6.092020491119026,0.6888635442259254,671.875,0.7593044976695832,3.214023883868272,0.45652317681991733,,0.6019485761005728,640.625,17.71793015967248,2.5122382183781937,8.873220478873025,0.6672529951431813,203.125,2.183345048060557,3.0052862547336847,1.228406631244358,,,,,0.5005527015328473,312.5,1.3938891258366772,2.002213252667673,3.3746630866974208,0.490068195597689,656.25,0.23834543203535835,1.961046538707457,0.13616024961746434,0.6054359995208165,437.5,23.422585666902336,2.5344430783992884,11.718341623364697,0.6917121431709412,250.0,0.702191761586,3.243721664179869,0.51334988916776,0.5968938908967011,312.5,14.105037182328124,2.4807364051725216,7.0814335376800175,0.2728160208014725,0.5649102344669971,312.5,22.311902748304707,2.2983762874195826,11.18099864173139,0.559512973461118,625.0,8.38424502283606,2.2702144211998245,4.223434539441411,0.449540228874692,250.0,0.47666959323969804,1.8166631831345175,0.3101460034091271,640.625,1.758872329504606,9.62617466863766,1.6113507972998944,,,,,,,,,,,,,,,
94,0.5105729836246533,296.875,25.86537988108937,2.0432055578090313,12.939540339642639,0.49235701295970147,46.875,0.32530118002131897,1.9698883379248109,0.17810057894299527,0.5677268853071178,593.75,3.0576596098820135,2.3133522905084476,2.607675565171687,thswar1,0.5128283619051076,296.875,19.088936108920116,2.052664650000043,10.897337665644677,0.39438589157964843,296.875,1.1356780589601325,1.6512164860365317,0.6547892269932568,,,,,,,,,,,,,,,,,,,,,0.48923068629894617,484.375,0.18780975410221717,1.9578310074149954,0.10365077155802299,0.5546443991671786,593.75,24.879736403089712,2.245396708001394,12.4559937175927,1.0,15.625,0.7684912472728129,2.0465659828979397,0.7824494495561778,,,,,,,,,,,,,,,,,,,,,,,,,,,,,,,,,,,,,,,,
95,0.619708814353148,625.0,23.02555882904337,2.629563970300971,11.54283939096549,0.5543796867428273,1562.5,1.044809406839962,2.2440628720237186,0.5571252712196486,,,,,,thswar1,0.7934338140592893,625.0,2.555421103769601,145.23190164633573,2.205596759979858,,,,,,,,,,,,,,,,,,,,,,,,,,0.5440765332755605,1250.0,0.9469238002668182,2.193350579614716,0.5332671468913659,,,,,,,,,,,,,,,,,,,,,,,,,,,,,,,,,,,,,,,,,,,,,,,,,,
96,,15.625,15.498823500815794,1.681286861935349,16.2968052829623,,,,,,,,,,,thswar1,1.0,15.625,6.795879999459435,2.0796545946509166,12.084610530686131,0.34673059427829633,46.875,0.7886821901859224,1.5307620274903941,0.7291070141042674,0.4851107150864842,0.5646662135190126,453.125,23.815148500140907,2.297087961133183,11.934840640356388,,,,,,234.375,1.9024698604594268,1.942165100926438,2.190918844592183,,,,,,,,,,,0.5461913970038004,234.375,24.08573852909497,2.203572152219367,12.091934413849016,,,,,,0.5100414952791832,31.25,2.2021381917634435,2.0409891661535906,1.5026808510027119,0.5793703267506015,,,,,,,,,,,,,,,,453.125,1.5776144388070752,2.3773881482847337,1.6123217695045173,,,,,,,,,,,,,,,
97,0.5830106967488629,109.375,23.97387472762641,2.398143051160565,12.03433359543532,0.5279361918615926,421.875,1.815073573805053,2.118357693938705,1.098030562889155,0.7259277815427028,500.0,3.9788988781174153,3.648673351968391,4.919522352238355,thswar1,0.68078185230301,109.375,6.44589204469775,3.13265397727082,4.965346351994221,0.5261959411418258,625.0,7.039516045232978,2.1105771073593402,4.339946882509642,0.7026157946647803,0.6154209185468174,218.75,22.8353284645573,2.600245432542426,11.509267673346546,0.5970744434213509,515.625,1.862535441055599,2.481848032900352,1.1934616736271157,218.75,3.0544718161918647,3.3626533691416878,4.488529469567725,0.610617176465895,312.5,2.1924021239424127,2.5681666975544246,4.070708221321339,0.5329668186955225,500.0,1.7563517259339139,2.14117548823166,1.1041222456166109,0.587847106203762,500.0,21.754224323044493,2.4262840684903324,10.95143882893239,0.5647243561370434,125.0,4.008680880009358,2.297394798213986,2.1050486620010354,0.5773893876283183,343.75,2.1837144595327977,2.3662444120558668,1.5431908554128908,,0.5941568360937238,312.5,22.977813292357993,2.4640060223632005,11.551494959758596,0.5749425582331837,437.5,2.9306758743436814,2.3526232027448977,1.5876052894828014,0.46238694900208244,109.375,1.3480562564507816,1.860073891702963,1.0415668494446706,,,,,,,,,,,,,,,,,,,
98,0.5417754934715189,250.0,25.00097940535522,2.182336356420615,12.50559102355094,0.5145979332011092,3312.5,0.4950306112912,2.0601477999357485,0.2487586661033386,0.6515359822295955,3343.75,4.2752904960220715,2.869736756174575,3.515798802188753,thswar1,0.5615143524745756,250.0,9.020555133175305,2.280576355562511,6.060068126914515,0.23236329935928923,3406.25,0.6377801108463891,1.3026995702072952,0.7712504220186893,0.6589762137667003,0.5956539908148847,3531.25,23.673196717089716,2.47312939236204,11.83977322154579,0.4828152107051503,3156.25,0.6199241501219923,1.9335448773801716,0.3539258288083895,3531.25,2.599090855298768,5.864693551410426,3.7830920089915456,0.7638735185181852,2859.375,1.6931337158015258,4.235018426245489,2.684082682908039,0.48953063340781033,3500.0,0.37169037406607647,1.9589814109235135,0.19594069708670317,0.556949219892225,3343.75,24.616515845072676,2.2570776193120423,12.310644660606997,,,,,,0.32564855187992003,3468.75,0.7855750917588804,1.482906283938064,0.6244355660779733,0.649791390576933,0.5728396604016861,2109.375,24.082571065520344,2.3410413076746863,12.042756612424958,0.5478605133206538,484.375,0.9313530478755401,2.211706850344598,0.47667881655534505,0.089547123896211,2046.875,0.6743675125669114,1.0983544851650322,1.0045473965144478,2109.375,2.587098586190389,5.710881874933904,2.757990384032443,0.6014310523636199,2859.375,23.73643071160366,2.50897619077017,11.87117764346264,0.5315299344299189,2609.375,0.6822845195205705,2.134608107314392,0.38325647415096153,0.5529104629730832,671.875,0.6287364308488813,2.236688441983816,0.3255081920464487
99,0.580169081931659,250.0,24.27325758391724,2.381911281334496,12.14345905576518,0.5754254096704011,2000.0,0.3424654610000904,2.3552987455601055,0.17513393216769949,0.3984173983493987,2078.125,6.033584115518472,8.311410579829229,4.352606448529141,thswar1,0.7237872294814094,250.0,8.092450035779537,3.620397413640564,5.237115436681916,,15.625,0.22618159572698116,1.6857891703479106,0.21969652685380403,0.8833080845627085,0.6046222041134406,3546.875,23.43490478957021,2.529226502863395,11.720088472984383,0.33249877920475046,3609.375,0.8038978715409253,1.4981246008937887,0.729510575892244,3546.875,2.532754986023261,8.569573961080323,2.6417469316223805,0.7262890878958016,3359.375,1.2472572999793066,3.653489706757881,2.9078947784864604,0.5631126943247179,3375.0,0.2437313434355673,2.288919790091711,0.12605645553914502,0.5758550941096606,2078.125,23.99656515190705,2.357684805622881,12.001732102540984,0.49588319022585803,1968.75,0.19188916033743875,1.9836672386465892,0.17700362010612708,0.5878355552481449,1984.375,1.1721741242548942,2.426216071602326,0.5952371238073001,,,15.625,15.548611005894076,1.619588939759208,16.639917337067132,0.4944165417261711,2015.625,1.0177283269798427,1.9779128126822343,0.5101503722838818,0.5079353982652722,2078.125,0.9316718719229513,2.0322534815034317,0.5220958700782877,15.625,1.8887284077527262,1.9245942792916964,3.369511671848378,0.6078881840127489,3359.375,23.47749762639835,2.550292950193864,11.740747454127158,0.5631905790538586,234.375,1.3644142367975571,2.289327912923609,0.687672064913702,0.5289922426944285,2000.0,0.6167755669334757,2.123107283244252,0.3148359400433552
100,0.599895591110871,46.875,23.519084203913156,2.499347614729997,11.77982821562117,0.5120691519499739,359.375,0.29328457412479103,2.049470747743076,0.15949726007951154,0.3773521701936411,234.375,3.0241880390496134,9.636265819582118,4.807304135177423,thswar1,0.6761564443088406,46.875,7.395188534121456,6.1758215189168215,5.674952702481024,0.41852504625402176,375.0,0.8625702302664158,1.719764529078681,0.5270549764143998,0.5501977759155882,0.6087414651218213,484.375,23.313029343235158,2.555854788730315,11.690663774639628,0.5808929856498266,609.375,1.4814215184036845,2.386025444003849,0.8501302412410356,484.375,1.219784200415055,2.223199322848025,4.78157085358383,,,,,,0.5130230826805848,187.5,0.2776651778776804,2.0534854208378945,0.17113710453481668,0.624456717645124,234.375,22.949653928855966,2.6628089144063907,11.505117883659764,0.6503703566420629,125.0,0.7563309249585933,2.8601693792200544,0.44337916451858256,0.566225442172124,375.0,1.8172618537142158,2.305344981521035,1.0476150912816466,0.47973535039097526,0.6002532851487059,593.75,23.562675519060257,2.5015840352108967,11.812328525025105,0.5863243930122807,468.75,1.581358865266024,2.417353073539303,0.9948243516606832,0.4633974516743252,109.375,1.1947488699054443,1.863576688407898,0.6983735112353646,593.75,0.7307240499666023,1.922098687180636,3.59476144818459,,,,,,,,,,,,,,,
101,0.5105240864632627,296.875,25.86587978095037,2.043001447761629,12.939423765118915,0.49100804756144956,46.875,0.3215742942070067,1.9646676046822722,0.17540403422782153,0.5684602776724619,593.75,3.0698165713032024,2.3172837823745027,2.610005760015102,thswar1,0.5118338327932792,296.875,19.070004097183,2.048482806012519,10.921769164499741,0.4061435318410026,296.875,1.3825585436629027,1.6839085765960924,0.7505216340252847,,,,,,,,,,,,,,,,,,,,,0.4919177813375699,484.375,0.18356371061782523,1.9681853906097828,0.0971538460403141,0.5538024348663129,593.75,24.838736983610247,2.2411596972753216,12.467782299150173,1.0,15.625,0.8784010696955239,2.1863231194858725,0.7421970096401478,,,,,,,,,,,,,,,,,,,,,,,,,,,,,,,,,,,,,,,,
102,0.5562367446853399,93.75,24.384386580423495,2.2534538135450806,12.269671347288085,0.535752431466789,281.25,1.8055900043603863,2.154023128563704,0.9353959213532246,0.6261954468304689,187.5,4.393659489851887,2.675194808412275,4.965398169359951,thswar1,0.5792878638050529,93.75,8.698856919485978,2.3769221611820246,8.365454601969546,0.5620014644229427,375.0,3.4844593961192016,2.2831126562615403,1.7657483434898298,1.0,,15.625,15.522589297116559,1.6796565673542023,16.28075991132705,0.5312310060983421,453.125,0.5796080294996193,2.1332468934790256,0.3017115282156956,15.625,3.5816684721366894,2.115732940033753,6.325187988612005,0.4999897562129395,390.625,1.775672808141814,1.999959025691222,4.153352966161682,0.5064300188984787,593.75,0.45665167003324036,2.026055145753105,0.2850647063247612,0.5778275306105514,187.5,23.801079993328756,2.368700169971323,12.000930672386783,0.5403950095484101,515.625,0.5299816685407579,2.1757814226895995,0.3654039992190713,0.5509356636747054,203.125,0.8507183714274204,2.226852410910709,0.4568419193445567,0.6249785020001435,0.5983798631442127,484.375,22.950431789707434,2.4899149923826585,11.501470007585022,0.5832487823857648,296.875,3.255752317527777,2.3995130853478344,1.74412291151962,0.6071613537326541,109.375,2.2523373082796,2.5455743967701467,1.2443291579918405,484.375,2.285006103163686,2.666513800764516,4.340250713391467,0.5859247471424113,390.625,23.02228542256903,2.415019958567594,11.58080445279174,0.5581605972577168,265.625,4.508304170932375,2.2632657789085453,2.417759688182259,0.5051862696333675,187.5,3.1587737479160296,2.02096251302293,2.2675917393310874
103,,15.625,15.544974657409325,1.7117301852411209,16.087693555377978,0.5262341664943517,531.25,0.24515136664646747,2.110747397296386,0.13391527136659762,0.5268443021413964,187.5,3.0323323021909894,2.11346921219754,3.4896964832192845,thswar1,1.0,15.625,6.342542527409046,2.1209945674034656,11.059807527747175,0.618148618839467,359.375,1.7700139342199157,2.6188199109317694,0.9478233180747999,0.1020393106379851,0.5551566622886477,93.75,24.299061451226486,2.247982413639911,12.411093968621028,0.4614977603906212,31.25,0.8794225595935056,1.857002490324617,0.9235924964026889,93.75,2.277254771338489,1.113634496305715,7.4890110692016725,0.5374075306372748,265.625,1.798443065813495,2.1617299593692394,3.2395485846967875,0.43937894470396854,78.125,0.24315078213419622,1.78373607368699,0.3563428885764929,0.5586636374463425,187.5,23.67184252201142,2.265845474897665,11.942215651829676,0.4602986274201132,437.5,1.2301133987838127,1.852876518026605,0.8972728307057894,0.5461781016252296,343.75,0.8849735750329866,2.2035075953390653,0.48916525905465513,0.7245031988849027,0.5935795709340317,453.125,22.903543169704612,2.4605062356195795,11.518430759776933,0.5347273313504527,265.625,3.2764835525043052,2.1492773321555667,2.0505954275889158,0.6173933121172033,640.625,1.6839537297326013,2.613650078971773,0.9575920149841197,453.125,1.8982094786935848,3.6298062117324505,3.0046262200201803,0.5851481427097834,265.625,23.17855097318579,2.410499030984049,11.608383393713025,0.5978026387483752,453.125,3.3000488802346655,2.4863415236938238,1.7496743727080373,0.3721529326735966,78.125,2.2517508333445764,1.5927445584134947,1.3815060295955954
104,0.6088837500469428,78.125,23.297178158903655,2.556784588009377,11.804761778000959,0.46160670817476535,140.625,1.207115932591525,1.857378268235566,1.0423948917881187,0.6618111546703674,78.125,2.113600839642117,5.913855609432064,4.779725529145674,thswar1,,,,,,0.4019580182379736,2765.625,2.452465707814418,1.67212341356651,4.027744833688853,,,,,,,,,,,,,,,,,,,,,,,,,,0.6045062959692898,2703.125,22.58245310154634,2.528485257308546,11.300511094140331,0.6731425927416728,2453.125,1.1830491931594143,3.0594380846007994,0.6922835250384383,,,,,,0.5578505991139766,,,,,,,,,,,,,,,,2703.125,0.85233608144345,6.785036899265947,1.63911256856415,,,,,,,,,,,,,,,
105,0.5355616809810411,234.375,25.000432672758063,2.153138444976541,12.512485601717932,0.5060729544441164,468.75,0.3793620395321006,2.0245904916475332,0.20006265252384817,0.46642707232289204,2640.625,6.032486205229998,7.496632217481249,3.651397815692738,thswar1,0.5196309400690255,234.375,6.388040473263227,2.0817327413711713,4.96714935142926,0.03926733111524583,2703.125,3.3467639660403066,1.0408722763230571,4.95395328756697,0.4528294547731765,0.5896755376047546,62.5,23.545860678441077,2.437095741654196,11.866432973777558,0.4703583282310273,2875.0,1.2604885072799372,1.8880689592645865,0.7313963984031604,62.5,4.810273870361762,5.482751266803631,4.860051845159729,,,,,,0.5282066546867158,46.875,0.23338645855839757,2.119572075218593,0.13289962899511765,0.5893036781345723,2640.625,22.72807637665318,2.4348891060379856,11.367529558709075,0.5429385873100576,3140.625,2.20412178928971,2.187889793878469,1.2588031825649275,0.4897386445845209,2625.0,1.4639339239501665,1.959780001732156,0.7335922377265971,0.5672648552295803,0.5539119183466866,468.75,24.29058794677422,2.2417097455142745,12.179464625047894,0.3118604532025707,234.375,1.0337406390986752,1.4531936213431642,0.5607497266871146,0.5210905046868308,93.75,0.7603451821290045,2.0880772041199114,0.46667387237879293,468.75,3.623094112880085,2.31088233087824,3.028538891226962,,,,,,,,,,,,,,,
106,0.5288489355197614,218.75,25.596889218497683,2.1224615105203544,12.813323035799693,0.5786024331797546,484.375,0.5492762077507456,2.3730559422678574,0.28548490671595783,0.6515279121950586,437.5,7.70379952395413,2.869670297839619,4.670193678299559,thswar1,0.5634398180103461,218.75,17.331063044991698,2.2906349256187983,9.646829606350403,0.501554389514175,250.0,0.6975102899260912,2.0062369473478157,0.40130754224630305,0.5696171078681886,0.5580331279378856,656.25,20.48236761800263,2.2626130219539604,10.246800996719982,0.5605214575584967,1093.75,0.6501972109784113,2.2754239477644234,0.3302500046343698,656.25,2.2867410937446446,2.3235124310975976,1.7051676185897413,,,,,,0.5216726042303511,656.25,0.409691509336511,2.0906182853920754,0.20827729365857295,0.5526271618702124,437.5,24.810511435859244,2.235272047763189,12.451414106618804,0.4469801395207581,312.5,0.3180691606360205,1.808253322282873,0.23941805268633096,0.5251415503438817,218.75,13.615535000568814,2.1058907148523467,6.850125896423742,1.0,0.6103710972906281,3187.5,22.91969174675676,2.5665447122794944,11.461842782079728,0.594148479290866,3437.5,2.605032559296061,2.463955286536134,1.4231389001671955,0.4095151215390943,3515.625,1.1298224253797162,1.6935234694011,0.831505967420392,3187.5,1.964454842651063,27.611447254194303,1.3275981319703478,,,,,,,,,,,,,,,
107,0.5318406685804908,62.5,25.535083701115855,2.1360249233266226,12.803481727167567,,,,,,,,,,,thswar1,0.4764517418391081,62.5,10.745758066706767,1.9100436003985126,9.168345282170531,0.6069412070124203,62.5,1.3374666723842688,2.5441486562332143,0.7685494542343783,0.5744333539603709,0.5489028499578421,234.375,25.073541913850125,2.2168173749413924,12.55320022649404,0.5280214865677448,921.875,0.5199529037025615,2.1187405179272716,0.2623910134306799,359.375,3.038565512795279,2.3498082128994646,2.4765758425520312,0.40482812280374236,234.375,2.197628272530367,1.6801869145948416,2.825742076443436,,,,,,0.5607956221393127,359.375,23.62389974057538,2.276844335821245,11.861792575122196,,,,,,0.514778964940052,484.375,2.2546974633326697,2.0609164231234374,1.153861175893076,,,,,,,,,,,,,,,,,,,,,,,,,,,,,,,,,,,
108,0.5810526518929948,2343.75,22.73855521513897,2.386934789105254,11.372817548978128,0.5974227045551244,2718.75,2.049258760297267,2.4839950273274383,1.096896827024227,0.6377346036575287,234.375,5.726906613871748,2.760407176882662,3.395998120572557,thswar1,0.7787105428587892,2343.75,12.970408262664327,4.518968110450345,6.9245673157157706,0.5296047593829876,656.25,0.7319324165553264,2.1258718491460726,0.36974398895781674,0.5827344775943482,0.559887766497083,453.125,24.247754869022287,2.272147702055122,12.14250305872664,0.5300552246660093,2015.625,0.33102215211532804,2.1279096023342277,0.16566822067479386,453.125,4.163694758334751,2.3965555415044157,3.764566762503687,0.5306101689767936,671.875,1.8036044060193506,2.13042536055827,2.194246845866471,0.5797871564502586,3093.75,1.9696923669457842,2.3797463960228242,0.9982222444662989,0.5640152526806497,234.375,23.42257065490022,2.2936582211843284,11.740321049307827,0.5394661822460681,484.375,0.5545385617759253,2.171393199476853,0.2821306940922572,0.5451504654351664,875.0,0.5773756455185611,2.1985292366116767,0.30831548736855935,1.0,0.5193259865149273,2375.0,12.705575656966356,2.08041202966146,6.364626730677193,0.586299790581388,3125.0,12.383844713698023,2.41720931542514,6.248096242255744,0.6329836918810098,2312.5,6.547407808235181,2.7246745658936504,8.044757599661429,3125.0,1.9636057079165665,3.3392664535822405,1.6654667943649617,0.5630716203870907,671.875,23.821949835649413,2.2887046176445125,11.931250265045598,0.521040400405533,218.75,2.9920089200487894,2.0878587689790447,1.5306041628342473,0.569284040606546,1109.375,1.4657531201763134,2.32171568800986,0.7440124550526216
109,0.5998571851092095,1843.75,22.147077676045477,2.49910772550777,11.078188795441559,0.4456133511960898,1906.25,3.9657001605743365,1.803795243189029,4.015349090161263,0.5615163521909008,234.375,3.089333761518772,2.2805867561915694,2.287473662751446,thswar1,0.15524183712812667,1843.75,7.479664541927836,24.859185649781196,4.074981674137916,0.6037763962451366,1921.875,0.9444834920642032,2.5238274310853086,0.4771970788985845,0.6960736256066362,0.5848684417656322,453.125,21.985620871540732,2.408874922092618,11.02158258124982,0.5794067686260135,1640.625,2.4624697039548322,2.3775941346778637,1.8597277646268993,453.125,1.5873972995837837,3.2902705531759047,1.7685531591530639,0.35384308852431356,1750.0,1.185234640429833,1.5476117058257728,6.055882250118132,0.5241881353286548,1656.25,2.9808096155246653,2.101671005389335,1.6575299563235582,0.5445745250889213,234.375,24.687261897480294,2.1957489316890957,12.369570828989785,0.5588344630350834,484.375,0.8594233878696982,2.2667228425857857,0.43490604591623616,0.6514556446067599,1953.125,4.6656422856080715,2.869075297093147,2.333208205451957,0.7649600578100612,0.6161580937227759,1937.5,20.724516048655428,2.605239249926413,10.37949837901323,0.6527618198265477,1625.0,3.2600049922020076,2.879867644452233,2.0927273151593306,0.4558215785994594,1875.0,2.88953809070715,1.8376325864342817,3.665928398491449,1937.5,1.4529597144145798,4.25459600901317,5.817021012098463,0.1524225313193559,1750.0,22.61754472998,2.3596663124059205,11.314297956444024,0.5298974070952115,1625.0,3.253873226150769,2.127195244384737,2.1062192024485182,0.5914582923241776,1921.875,2.8287611702091877,2.447730503915892,1.5239019896702863
110,0.566465719509291,31.25,21.400255099476652,2.3066226709180175,13.00709494918727,,,,,,,,,,,thswar1,1.0,31.25,10.577696858106014,3.2268011895657667,11.909668737312938,0.576590938498428,234.375,3.6695815596570514,2.361782235962579,2.158898401625358,,0.6125990128059337,234.375,22.230489424994726,2.581304728320312,11.222444124026529,0.5972886494897407,359.375,3.6185552138222143,2.483168151910643,1.9203133559022187,,,,,0.5607729999773038,234.375,0.17800075573209417,2.2767270681181415,1.0553733222260742,,,,,,0.6135347396826893,359.375,21.77703986070416,2.587554698134941,11.153354745748052,0.5498803872874902,484.375,3.5453247128999537,2.2216316991250444,1.9148728250075921,0.6158170430151103,46.875,4.540882621863299,2.60292650108196,2.4297624441420296,0.532013105873195,,,,,,,,,,,,,,,,359.375,0.18031927069136644,4.273623952080339,1.0083819081362537,,,,,,,,,,,,,,,
111,0.5884007179842602,2375.0,23.35465675733808,2.4295474839087774,11.681514315751928,0.5055224673265285,2500.0,2.2540097556517384,2.0223365753209066,1.6054799802289588,0.5118107862123855,375.0,2.2543315371739396,34.822563710708714,2.1728087249247294,thswar1,0.43009073236473117,2375.0,7.222228748925146,8.773326359030023,4.605777425742515,0.6046856423687457,2312.5,1.7835040618505578,2.529632381662168,0.8965647545854689,,0.6113229512195819,62.5,23.22078632778665,2.572830073547633,11.693914433294738,0.5651226321050021,2437.5,0.7291207613327854,2.29949883306287,0.5587773098680913,,,,,0.5010903983000881,2640.625,1.318798218192426,2.0043711257364976,3.9481045748340144,0.4723677082138227,2250.0,1.7720375450087962,1.8952592848605434,1.0340583312261198,0.6205292964473226,375.0,22.971205373398853,2.6352495479566898,11.509019123542036,0.6020450990408093,2562.5,1.0417476637371446,2.512847555312675,0.6158240257353879,0.6287436640200228,2312.5,1.1185387907518156,2.6935567237132148,0.5695271466194669,0.3989013467412881,0.5978243094042934,2640.625,22.092756972018982,2.486475496613906,11.04835666521188,0.4771666804025767,2453.125,5.996256528643959,1.9126554535009177,3.2752932599017455,0.4617662805399487,2281.25,3.3002920611810236,1.8579289328122854,2.0275139584450272,62.5,1.3563658434225738,3.3272408599777763,2.497702055420126,,,,,,,,,,,,,,,
112,,,,,,,,,,,,,,,,thswar1,,,,,,,,,,,,,,,,,,,,,,,,,,,,,,,,,,,,,,,,,,,,,,,,,,,,,,,,,,,,,,,,,,,,,,,,,,,,,,,,,,,,,
113,0.5987791177810935,2578.125,19.276429047301402,2.4923927051593466,9.638379441398572,,,,,,0.3724313667178135,2578.125,3.844875578304466,9.560707278532988,2.012013130057796,thswar1,,,,,,,,,,,,,,,,,,,,,,,,,,,,,,,,,,,,0.5831718912509758,2093.75,17.680138535350522,2.3990704537685303,8.840374938039208,,,,,,,,,,,0.7172750820201255,,,,,,,,,,,,,,,,2093.75,2.188111048584728,3.537006950590694,1.386207107052231,,,,,,,,,,,,,,,
114,0.5286240405277702,218.75,22.82123064036813,2.1214488772818143,11.806275764762843,0.4651500644944464,31.25,6.836670533121861,1.869683314170684,5.636672909189297,,,,,,thswar1,0.4595474097339559,218.75,0.6211705972187893,1.8503010587991415,0.5939845080533537,,,,,,,,,,,,,,,,,,,,,,,,,,0.4640187418929189,156.25,1.5673334733887496,1.8657368795537526,1.3265811549202169,,,,,,,,,,,,,,,,,,,,,,,,,,,,,,,,,,,,,,,,,,,,,,,,,,
115,,,,,,,,,,,,,,,,thswar1,,,,,,,,,,,,,,,,,,,,,,,,,,,,,,,,,,,,,,,,,,,,,,,,,,,,,,,,,,,,,,,,,,,,,,,,,,,,,,,,,,,,,
116,,,,,,,,,,,,,,,,thswar1,,,,,,,,,,,,,,,,,,,,,,,,,,,,,,,,,,,,,,,,,,,,,,,,,,,,,,,,,,,,,,,,,,,,,,,,,,,,,,,,,,,,,
117,0.6072125165238538,62.5,23.328618074743336,2.545905972232258,11.74874916483912,0.47255433976539796,187.5,0.9928759278754927,1.8959299040496624,0.595982695559182,0.9364620149843568,62.5,3.693584002926463,47.215850475292754,2.2892353549441036,thswar1,,,,,,,,,,,,,,,,,,,,,,,,,,,,,,,,,,,,,,,,,,,,,,,,,,,,,,,,,,,,,,,,,,,,,,,,,,,,,,,,,,,,,
118,,,,,,,,,,,,,,,,thswar1,,,,,,,,,,,,,,,,,,,,,,,,,,,,,,,,,,,,,,,,,,,,,,,,,,,,,,,,,,,,,,,,,,,,,,,,,,,,,,,,,,,,,
119,,,,,,,,,,,,,,,,thswar1,,,,,,,,,,,,,,,,,,,,,,,,,,,,,,,,,,,,,,,,,,,,,,,,,,,,,,,,,,,,,,,,,,,,,,,,,,,,,,,,,,,,,
